oldProductId,productNo,productName,categoryName,subcategoryName,shortDescription,listPrice,memberPrice,mainImageUrl,galleryImageUrls,productDescription,specification,shippingType,sourceUrl,capturedAt
"12501","01226","原味夏威夷果","限時優惠快閃區","限時優惠快閃區","商品簡述：
 低溫無油輕烘焙 保留堅果營養價值
原味不添加 香氣濃郁
每日適量堅果 有益身體健康","390","254","/products/12501/main.jpg","/products/12501/gallery-01.jpg|/products/12501/gallery-02.jpg","<br>
<br>
<br>
<br>
輕烘˙慢食˙細品˙饗活<br>
夏威夷果擁有「世界堅果之王」、「乾果皇后」的美稱，栽種過程冗長且收成不易，必須多次採收，再逐一進行去殼篩檢分類，才能得來碩大飽滿的香甜果實。<br>
夏威夷果擁有優質脂肪、蛋白質與膳食纖維，高營養價值，具獨特風味與口感，質地細緻，整顆入口散發淡淡奶香，清脆爽口，一吃就愛上。<br>
<br>
嚴選飽滿大顆粒等級夏威夷果仁，採低溫無油輕烘焙、無調味，保留原始風味與營養，滿足一日所需，不添加防腐劑、甜味劑、漂白劑。<br>
<br>
食用方式：<br>
1.	直接作為零嘴食用，口感飽滿、涮嘴好吃，滿足一日所需。<br>
2.	超大飽滿顆粒，製作夏威夷豆塔，視覺&口感都滿分！<br>
3.	添加於沙拉、穀麥片中，清甜香脆，口感更加分。

<br>","<p><span class=""style1"">原料:</span> 夏威夷果<br>
<br>


<p><span class=""style1"">食品添加物:</span> 無</p>
<br>




<p><span class=""style1"">內容量:</span> 140公克</p>
<p><span class=""style1"">產地:</span> 台灣</p>
<p><span class=""style1"">保存期限:</span> 12個月(係指未開封狀態且正常條件下之保存)<br><br>



<span class=""style1"">注意事項(含保存條件)</span>內有脫氧劑、乾燥劑，請勿食用。 <br>
1.	請置於陰涼乾燥處避免日照，冷藏保存尤佳。<br>
2.	開封後未食用完需冷藏，並請儘快食用完畢。<br>


<br>

<p><span class=""style1"">過敏原資訊:</span> 本產品含堅果。本生產線亦生產含花生、牛奶、芝麻、含麩質之穀物及大豆的產品。
 <br>","
 宅配、 超商取貨","https://www.organicshops.cc/product.aspx?id=12501","2026-07-10T05:57:00.090Z"
"12900","01227","玫瑰鹽三珍果","限時優惠快閃區","限時優惠快閃區","商品簡述：
 低溫無油輕烘焙 保留堅果營養價值
適量玫瑰鹽提味 恰好其食
每日適量堅果 有益身體健康","260","169","/products/12900/main.jpg","/products/12900/gallery-01.jpg|/products/12900/gallery-02.jpg","<br>
<br>
<br>
<br>
*統一生機玫瑰鹽x特選三珍果(腰果/核桃/杏仁)，簡單提味、健康美味<br>
*富含膳食纖維、增加飽足感<br>
*非油炸、低溫輕烘焙，鎖住營養鮮甜<br>
*不添加防腐劑、甜味劑、漂白劑<br>
<br>
輕烘˙慢食˙細品˙饗活<br>
玫瑰鹽 X 三珍果<br>
嚴選來自主要產地，廣受喜愛的腰果、杏仁及核桃，低溫無油輕烘焙，保留堅果清脆口感與營養價值，酌量添加統一生機玫瑰鹽提味，恰好其食。<br>
<br>
腰果：嚴選飽滿大顆粒等級腰果，清香甘甜、提供好的蛋白質來源。<br>
杏仁：嚴選大顆杏仁果，獨特香氣、爽脆口感，富含膳食纖維。<br>
核桃：嚴選高半核比例完整核桃果仁，口感酥脆，補充營養首選。<br>
<br>
不添加防腐劑、甜味劑、漂白劑。<br>
<br>
食用方式：<br>
1.	直接作為零嘴食用，口感飽滿、涮嘴好吃，滿足一日所需。<br>
2.	入菜料理用，堅果蝦鬆、堅果雞丁、義大利麵等，補充營養、增添口感。<br>
3.	添加於沙拉中，清甜香脆，口感更加分。
<br>","<p><span class=""style1"">原料:</span> 腰果、杏仁、核桃、玫瑰鹽<br>
<br>


<p><span class=""style1"">食品添加物:</span> 無</p>
<br>




<p><span class=""style1"">內容量:</span> 150公克</p>
<p><span class=""style1"">產地:</span> 台灣</p>
<p><span class=""style1"">保存期限:</span> 12個月(係指未開封狀態且正常條件下之保存)<br><br>



<span class=""style1"">注意事項(含保存條件)</span>內有脫氧劑、乾燥劑，請勿食用。 <br>
1.	請置於陰涼乾燥處避免日照，冷藏保存尤佳。<br>
2.	開封後未食用完需冷藏，並請儘快食用完畢。<br>


<br>

<p><span class=""style1"">過敏原資訊:</span> 本產品含堅果。本生產線亦生產含花生、牛奶、芝麻、含麩質之穀物及大豆的產品。
 <br>","
 宅配、 超商取貨","https://www.organicshops.cc/product.aspx?id=12900","2026-07-10T05:57:15.250Z"
"11840","01228","玫瑰鹽腰果","限時優惠快閃區","限時優惠快閃區","商品簡述：
 低溫無油輕烘焙 保留堅果營養價值
適量玫瑰鹽提味 恰好其食
每日適量堅果 有益身體健康","290","189","/products/11840/main.jpg","/products/11840/gallery-01.jpg|/products/11840/gallery-02.jpg","<br>
<br>
<br>
<br>
輕烘˙慢食˙細品˙饗活<br>
玫瑰鹽 X 大顆粒腰果<br>
嚴選主要產地飽滿大顆粒等級腰果，清香甘甜，採低溫無油輕烘焙，保留腰果清脆口感與營養價值，酌量添加統一生機玫瑰鹽提味，恰好其食。<br>
<br>
不添加防腐劑、甜味劑、漂白劑。<br>
<br>
食用方式：<br>
1.	直接作為零嘴食用，口感飽滿、涮嘴好吃，滿足一日所需。<br>
2.	入菜料理用，甜椒腰果雞丁、義大利麵等，補充營養、增添口感。<br>
3.	添加於沙拉中，清甜香脆，口感更加分。


<br>","<p><span class=""style1"">原料:</span> 腰果、玫瑰鹽<br>
<br>


<p><span class=""style1"">食品添加物:</span> 無</p>
<br>




<p><span class=""style1"">內容量:</span> 170公克</p>
<p><span class=""style1"">產地:</span> 台灣</p>
<p><span class=""style1"">保存期限:</span> 12個月(係指未開封狀態且正常條件下之保存)<br><br>



<span class=""style1"">注意事項(含保存條件)</span>內有脫氧劑、乾燥劑，請勿食用。 <br>
1.	請置於陰涼乾燥處避免日照，冷藏保存尤佳。<br>
2.	開封後未食用完需冷藏，並請儘快食用完畢。<br>


<br>

<p><span class=""style1"">過敏原資訊:</span> 本產品含堅果。本生產線亦生產含花生、牛奶、芝麻、含麩質之穀物及大豆的產品。
 <br>","
 宅配、 超商取貨","https://www.organicshops.cc/product.aspx?id=11840","2026-07-10T05:57:28.626Z"
"12901","01229","原味胡桃","限時優惠快閃區","限時優惠快閃區","商品簡述：
 低溫無油輕烘焙 保留堅果營養價值
嚴選大顆粒去殼胡桃、原味無添加、酥脆可口
每日適量堅果 有益身體健康","350","228","/products/12901/main.jpg","/products/12901/gallery-01.jpg|/products/12901/gallery-02.jpg","<br>
<br>
<br>
<br>
輕烘˙慢食˙細品˙饗活<br>
嚴選完整大顆粒去殼胡桃，歷經多道程序的把關，從採收果實、機器脫殼、篩選大顆果仁至原料溫控保鮮，20多年來，秉持著耗時耗人力的低溫輕烘焙工法、不破壞營養價值的堅持，希望送到消費者手中、入口的每一口，都能感受到堅果的香甜滋味。<br>
<br>
不添加防腐劑、甜味劑、漂白劑，富含膳食纖維。<br>
<br>
食用方式：<br>
1.	直接作為零嘴食用，口感飽滿、涮嘴好吃，滿足一日所需。<br>
2.	入菜料理或添加進甜點，補充營養、更增添口感：胡桃派、胡桃巧克力布朗尼、胡桃辣炒雞丁。<br>
3.	添加於沙拉中，清甜香脆，口感更加分。<br>

<br>","<p><span class=""style1"">原料:</span> 胡桃<br>
<br>


<p><span class=""style1"">食品添加物:</span> 無</p>
<br>




<p><span class=""style1"">內容量:</span> 140公克</p>
<p><span class=""style1"">產地:</span> 台灣</p>
<p><span class=""style1"">保存期限:</span> 12個月(係指未開封狀態且正常條件下之保存)<br><br>



<span class=""style1"">注意事項(含保存條件)</span>內有脫氧劑、乾燥劑，請勿食用。 <br>
1.	請置於陰涼乾燥處避免日照，冷藏保存尤佳。<br>
2.	開封後未食用完需冷藏，並請儘快食用完畢。<br>


<br>

<p><span class=""style1"">過敏原資訊:</span> 本產品含堅果。本生產線亦生產含花生、牛奶、芝麻、含麩質之穀物及大豆的產品。
 <br>","
 宅配、 超商取貨","https://www.organicshops.cc/product.aspx?id=12901","2026-07-10T05:57:39.934Z"
"12898","01269","珍饌四果","限時優惠快閃區","限時優惠快閃區","商品簡述：
 嚴選杏仁、核桃、腰果、夏威夷豆，搭配椰香×薄鹽清爽調味","150","128","/products/12898/main.jpg","/products/12898/gallery-01.jpg|/products/12898/gallery-02.jpg","✔ 四種堅果一次補充，超方便<br>
✔ 每份23.4g 含蛋白質 4.5g<br>
✔ 每日一把，輕鬆補充營養
簡單調味，剛剛好的日常堅果<br>
椰香的柔和、薄鹽的清爽，交織出不膩口的剛剛好風味。<br>
嚴選四款堅果(杏仁、核桃、腰果、夏威夷豆)，每一口都有不同層次，<br>
酥脆中帶點溫潤，越吃越順口。<br>
低溫慢焙，保留堅果營養<br>
每日一把，隨時補給剛剛好的能量。<br>
<br>
✔ 每份23.4g含蛋白質4.5g<br>
✔ 每日一把，輕鬆補充營養<br><br>

不論上班、通勤或分享時刻，都是剛剛好的陪伴。
<br>
<br>
<br>","<p><span class=""style1"">原料:</span>杏仁、核桃、腰果、夏威夷豆、椰子油、食鹽<br>

<br><br>

<p><span class=""style1"">規格:</span>117G</p>
<p><span class=""style1"">產地:</span> 台灣</p>
<p><span class=""style1"">保存期限:</span> 12個月(係指未開封狀態請正常條件下之保存)<br>
<br>

<p><span class=""style1"">注意事項：</span> <br>
1.請置於陰涼乾燥處避免日照，冷藏保存尤佳。
2.開封後未食用完畢需冷藏，並請儘快食用完畢。
3.內有脫氧劑，請勿食用。
4.本產品可能含有果核或果殼，請小心食用。
<br><br>



<p><span class=""style1"">過敏原資訊：</span><br>
本產品含堅果。
本生產線亦生產含芒果、花生、奶製品、蛋、芝麻、含麩質之穀物、大豆、魚類及二氧化硫的產品。","
 宅配、 超商取貨","https://www.organicshops.cc/product.aspx?id=12898","2026-07-10T05:57:55.175Z"
"12899","01270","楓糖腰果","限時優惠快閃區","限時優惠快閃區","商品簡述：
 嚴選完整腰果，輕裹加拿大楓糖，香甜酥脆，口感清爽不膩","150","128","/products/12899/main.jpg","/products/12899/gallery-01.jpg|/products/12899/gallery-02.jpg","✔ 採用加拿大楓糖，濃郁香醇<br>
✔ 每份21g 含7.4g不飽和脂肪酸及0.9g膳食纖維<br>
打開的瞬間，是楓糖的溫潤甜香，<br>
咬下去，是酥脆腰果的滿足聲響。<br>
<br>
選用完整果實，搭配加拿大楓糖輕柔包裹，<br>
甜甜的、脆脆的，剛剛好的幸福感。<br><br>

一邊享受美味，也悄悄補充營養：<br>
每份21g含7.4g不飽和脂肪酸及0.9g 膳食纖維，輕鬆補給。<br>
<br>
金黃酥脆 口感滿分<br>
把好吃分享出去，就是最簡單的快樂。<br>
<br>
<br>","<p><span class=""style1"">原料:</span>腰果、蔗糖、棕櫚油、乙醯化己二酸二澱粉、麥芽糊精、蜂蜜、鹽、楓糖、蜂蜜粉(蔗糖、麥芽糊精、蜂蜜、氧化澱粉、香料、焦糖色素)、二氧化矽、麥芽寡醣、小麥纖維、複方香料(葡萄糖、香料、焦糖色素)、乙基麥芽醇(香料)、乙基香莢蘭醛(香料)、玉米糖膠<br>


<br><br>

<p><span class=""style1"">規格:</span>105g/袋</p>
<p><span class=""style1"">產地:</span> 台灣</p>
<p><span class=""style1"">保存期限:</span> 360天(係指未開封狀態且正常條件下之保存)<br>
<br>

<p><span class=""style1"">注意事項：</span> <br>
1.請置於陰涼乾燥處避免日照，冷藏保存尤佳。<br>
2.開封後未食用完畢需冷藏、並請儘快食用完畢。<br>
3.內有脫氧劑，請勿食用。<br>
4.本產品可能含有果核或果殼，請小心食用。<br><br>



<p><span class=""style1"">過敏原資訊：</span><br>
本產品含有堅果類及含麩質之穀物製品；<br>
該工廠亦生產含有甲殼類、芒果、花生、牛奶、蛋、芝麻、大豆、魚類、二氧化硫製品。","
 宅配、 超商取貨","https://www.organicshops.cc/product.aspx?id=12899","2026-07-10T05:58:01.857Z"
"12877","01157","果然優蜜棗乾(罐)","限時優惠快閃區","限時優惠快閃區","商品簡述：
 1.又稱黑棗，低脂肪並富含膳食纖維
2.特殊製程，不添加己二烯酸鉀等防腐劑
3.精湛去籽技術，軟嫩Q彈","340","204","/products/12877/main.jpg","/products/12877/gallery-01.jpg","<br>
<br>
<br>
(1) 非蜜餞產品，不甜膩，不黏手，Q彈有嚼勁。<br>
(2) 高纖：富含膳食纖維，促進腸道蠕動，使排便順暢。<br>
(3) 不添加人工色素、人工香料、防腐劑。<br>
(4) 鐵罐新裝、完整密封、充氮保鮮、品質提升。</span></p>

<p>顆粒大、肉質厚實；陽光日曬而成，非蜜餞產品，不添加人工色素、人工香料、防腐劑，呈現原始的口感與滋味,可增加飽足感，促進腸道蠕動，是需補充膳食纖維的補充來源。</p>
<br>
<iframe width=""560"" height=""315"" src=""https://www.youtube.com/embed/HlDphRig0yY"" frameborder=""0"" allow=""accelerometer; autoplay; encrypted-media; gyroscope; picture-in-picture"" allowfullscreen></iframe>","<span class=""style1"">原料:</span>蜜棗乾<br>
<BR><br>

<p><span class=""style1"">保存期間:</span> 12個月<span class=""style1""><br>
</span><span class=""style1"">規格: </span>400公克/罐<br>
<p><span class=""style1"">產地:</span> 智利<br>

<br>
<span class=""style1"">注意事項: </span>
 <li>開封後未食用完需冷藏並儘快食用完畢。 </li>
  <li>內含脫氧劑，請勿食用。 </li>
  <li>可能有籽或籽碎片，食用時請小心注意。 </li>
  <li>表面若有結晶為果實糖分析出現象。 </li>
  <li>開罐及取用時請留意拉環與開口邊緣。 </li>
</ol>","
 宅配、 超商取貨","https://www.organicshops.cc/product.aspx?id=12877","2026-07-10T05:58:08.545Z"
"12823","23240","Coco dee Salam 椰子水(6件組)","限時優惠快閃區","限時優惠快閃區","商品簡述：
 泰國知名椰子水品牌：Coco dee Salam，泰國原裝進口，品質有保證!
使用泰國100%新鮮椰子，添加泰國當地椰子特有品種-香水椰子，椰香沁心，清甜爽口
果汁含量100%，非濃縮還原，新鮮喝得到!","720","510","/products/12823/main.jpg","/products/12823/gallery-01.jpg|/products/12823/gallery-02.jpg|/products/12823/gallery-03.jpg|/products/12823/gallery-04.jpg","<br>
<br>
除了市面上的椰子水，你可以有更好的選擇!<br><br>

嚴選統一企業集團泰國公司生產知名椰子水品牌：Coco dee Salam，泰國原裝進口，品質有保證，深受國際市場好評。<br><br>

Coco dee Salam椰子水使用泰國100%新鮮椰子，精心挑選優良椰子品種，用心栽種，每顆椰子都是以人工採摘，篩選符合標準之椰子，製做成Coco dee Salam椰子水。<br><br>

獨家黃金比例，添加泰國當地椰子特有品種-香水椰子，清香椰子，香甜滋味，在口中的極致享受，彷彿來到海島般的清新舒暢，日常補水不負擔，清爽解渴，適合運動後補充，香甜滋味魅力無法擋!","<strong class=""style1"">原料：</strong>椰子水<br />

 <strong class=""style1"">食品添加物：</strong>無 <br />
  <strong class=""style1"">規格（內容量）：</strong>1公升/瓶<br />
  <strong class=""style1"">產地：</strong>泰國<strong> </strong><br>

<br>
<br>

<br>
  <span class=""style1""><strong>保存期間：</strong></span><strong>15個月（保存期間係指未開封狀態且正常條件下之保存）</strong> 

<br><span class=""style1"">注意事項: </span><br>
(1)	開封後請放置冷藏，並請儘速飲用完畢。<br>
(2)	產品風味和色澤會隨季節有些許不同，為正常現象。
<br>
<br>

  <strong class=""style1"">過敏原資訊：</strong>本產品含堅果。<strong> </strong><br />","
 宅配、 超商取貨","https://www.organicshops.cc/product.aspx?id=12823","2026-07-10T05:58:18.121Z"
"12808","08329","智利鮭魚輪切M(250g)(商品效期2026/10/01)","限時優惠快閃區","限時優惠快閃區","商品簡述：
 鮭魚有油脂、蛋白質及OMEGA-3，被視為優質的蛋白質來源之一。","425","169","/products/12808/main.jpg","/products/12808/gallery-01.jpg|/products/12808/gallery-02.jpg","<br>
<br>
<br>
「鮭魚」是國人熟悉且喜愛的食用魚種之一，其魚肉有油脂、蛋白質及OMEGA-3，被視為優質的蛋白質來源之一。料理方式多樣化，中、西式料理皆宜，更是國人冰箱中不可或缺的食材之一。<br>
<br>
統一生機優質鮭魚來自清澈、冰涼的智利海域，因海水溫度低，使鮭魚肉本身油脂豐富，肉質滑嫩鮮美、不乾柴，捕撈後急速冷凍，以保持魚肉的新鮮與美味。
<br>
<br>
為了讓您更安心的食用，我們的鮭魚定期安排檢驗，動物用藥、重金屬及抗生素皆檢驗合格，請您與家人一同享用這五星級的美味。<br>
<br>
我們的智利鮭魚輪切厚度約2.5公分，厚度適中，料理方便，口感更佳。




</p>","<p><span class=""style1"">原料: </span>鮭魚</p>

<p><span class=""style1"">內容量:</span> 250公克/包</p>
<p><span class=""style1"">原產地: </span>智利</p>
<p><span class=""style1"">保存期間:</span> 12個月</p>
<p><span class=""style1"">食品添加物: </span>無<br>
<br>
<span class=""style1"">加熱調理條件:</span><br>
1.解凍後，使用煎、烤、蒸、煮湯方式加熱至熟即可。<br>
2.加熱調理條件請視實際狀況做調整。<br>
<br>
<span class=""style1"">保存方法及條件:</span>須冷凍於-18℃以下，保存期間係指未開封前在-18℃以下可保存天數，開封後請儘快食用以確保品質。<br>
<br>

<span class=""style1"">過敏原資訊:</span>本產品含魚類。<br>

<br><span class=""style1"">注意事項: </span><br>
1.避免存放在高溫或日光直射處<br>
2.有魚刺，請小心食用<br>","
 宅配、 超商取貨","https://www.organicshops.cc/product.aspx?id=12808","2026-07-10T05:58:32.152Z"
"12677","17048","有機枸杞原汁(10件組)","限時優惠快閃區","限時優惠快閃區","商品簡述：
 *100%有機枸杞鮮果壓榨，不加水、蔗糖，非濃縮還原
*不添加防腐劑、人工色素及香料
*每包(30ml)相當於90公克新鮮枸杞
*軟袋隨身包，隨時補充枸杞精華","7200","3500","/products/12677/main.jpg","/products/12677/gallery-01.jpg|/products/12677/gallery-02.jpg","<br>
<br>
<br>
<br>
喝的枸杞新上市！隨時補充枸杞精華<br>
一天一包，營養補給、健康維持，生活晶彩明亮！<br>
眾多使用枸杞之愛好者敲碗已久的「有機枸杞原汁」上市囉！統一生機特別挑選不使用農藥和化學肥料栽種之有機枸杞鮮果，來自地廣人稀的枸杞之鄉-青海，枸杞鮮果皮薄易破，須全程手工採摘，經物理式兩道研磨，口感細緻滑順，不添加水、蔗糖，非濃縮還原，100%來自有機枸杞鮮果。<br>
<br>
不添加防腐劑、人工色素及香料，不添加人工添加物，安心實在。<br>
使用軟袋隨身包，特別推薦給需要營養補充者、忙碌的上班族，一天一包，方便好攜帶！<br>
*精選無農藥和化肥栽培有機枸杞鮮果，手工採摘，冷鏈運輸專業加工。<br>
*不加水物理式兩道細緻研磨，滿滿枸杞鮮果精華。<br>
*不添加防腐劑、人工色素及香料；不添加檸檬酸、維生素Ｃ，風味純粹。<br>
*軟袋隨身包，方便隨時補充營養，每包(30ml)枸杞汁，相當於90公克枸杞(約80顆)。<br>



<br>
有機驗證機構名稱：采園生態驗證有限公司  <br>
驗證證書字號：1-008-202001
<br>","<strong class=""style1"">原料：</strong>有機枸杞(中國)<br />

 <strong class=""style1"">食品添加物：</strong>無 <br />
  <strong class=""style1"">規格（內容量）：</strong>30毫升*10包/盒 <br />
  <strong class=""style1"">原產地(國)：</strong>中國大陸<strong> </strong><br />
  <span class=""style1""><strong>保存期間：</strong></span><strong>18個月</strong>
<br>
<br>
<br>
<br><span class=""style1"">注意事項: </span><br>
*請置於乾燥陰涼處、避免陽光直射。<br>
*開封後請儘快飲用完畢，冷藏後風味更佳。<br>
*本產品為枸杞鮮果壓榨而成，如有果肉沉澱屬自然現象。<br>
*建議用量一天一包，飯後飲用。<br>
*孕婦可飲用，一歲以下幼兒不建議飲用；若有疾病、服用藥物或肝腎功能不佳者食用前請先諮詢醫師。<br>

<br>
 <strong class=""style1"">過敏原資訊：</strong>無 <br />","
 宅配、 超商取貨","https://www.organicshops.cc/product.aspx?id=12677","2026-07-10T05:58:43.404Z"
"11522","26354","淨．益生菌","限時優惠快閃區","限時優惠快閃區","商品簡述：
 5大國際專利菌株，有效調整體質。
3大黃金健康元素：西印度櫻桃、接骨木莓、β-聚葡萄糖，補充自然界的優質營養元素。
不添加色素、甜味劑、防腐劑、人工香料，讓全家人安心保健。","1050","1050","/products/11522/main.jpg","/products/11522/gallery-01.jpg|/products/11522/gallery-02.jpg","<br>
<br>
<br>
<br>
市售琳瑯滿目的益生菌產品成分五花八門，食用益生菌幫助消化、調整體質的同時，是否也吃下不少食品添加物？<br>
<br>
為您與全家人的健康把關，統一生機推出成分單純無添加—「淨．益生菌」，乾淨無添加Clean and Best的優質益生菌，以5大國際專利菌株，有效幫助調整體質、改變細菌叢生態，身體無負擔、健康更加分！<br>
<br>
★	5大國際專利菌株：來自世界知名益生菌大廠Probiotical的專利益生菌，動物雙歧桿菌BS01、副乾酪乳桿菌LPC00、植物乳桿菌LP01、短雙歧桿菌BR03、鼠李糖乳桿菌LR05，指定菌株代號，有效調整體質。<br>
<br>
★	4大堅持不添加：不添加色素、甜味劑、防腐劑、人工香料，守護您與全家人的健康。<br>
<br>
★	3大自然界黃金健康元素<br>
*西印度櫻桃：含維生素C，具抗氧化作用，有助於維持牙齦與皮膚的正常功能。<br>
*接骨木莓：歐洲家喻戶曉的草本保健良品。<br>
*β-聚葡萄糖：美國專利，自然界提升保護力、維持健康的優質來源。<br>
<br>
★	2大優質益生質<br>
*果寡糖：為益生菌的食物，可幫助改變細菌叢生態。<br>
*玉米來源可溶性纖維：日本專利，含膳食纖維，可促進腸道蠕動使排便順暢。","<span class=""style1"">原料: </span>乳酸菌粉(麥芽糊精、乳糖、Bifidobacterium animalis subsp. lactis BS01、Lactobacillus paracasei LPC00、Lactobacillus plantarum LP01、Bifidobacterium breve BR03、Lactobacillus rhamnosus LR05)、果寡糖、玉米來源可溶性纖維、西印度櫻桃萃取物、β-聚葡萄糖、接骨木莓萃取物。</p>


<br>

<br>
<br>

<span class=""style1"">成分與規格:</span>2g*30包/盒<br>

<p><span class=""style1"">產地:</span>台灣</p>
<p><span class=""style1"">保存期限</span>: 24個月(係指未開封狀態且正常條件下之保存)<br>

 

<br><span class=""style1"">注意事項: </span>保存於常溫陰涼處，避免陽光直射。<br>
<p><span class=""style1"">過敏原資訊: </span>本產品含牛奶製品。","
 宅配、 超商取貨","https://www.organicshops.cc/product.aspx?id=11522","2026-07-10T06:24:13.380Z"
"11892","22097","葵花籽油","限時優惠快閃區","限時優惠快閃區","商品簡述：
 ．義大利原裝原瓶進口
．特選優質葵花籽
．成份單一且油質穩定，煎、煮、炒、炸都適合。","230","230","/products/11892/main.jpg","/products/11892/gallery-01.jpg|/products/11892/gallery-02.jpg","<br>
<br>
<br>
義大利原裝進口，統一生機與歐洲知名油品製造商攜手合作，市場遍布全世界110多個國家，擁有ISO 9001、FSSC、BRC等工廠驗證。擁有完整的品質檢驗，包含碘價、酸價、過氧化價、皂化價等等，層層品質把關，讓您吃得安心。<br>
<br>
1、特選葵花籽，環境乾淨無污染。<br>
2、油質穩定，不飽和脂肪酸達88%。<br>
3、高溫烹調無油煙，油質穩定。<br>
4、用途多元，煎、炒、煮、炸皆宜，為料理時的好幫手。<br>
5、發煙點227度。","<p><span class=""style1"">原料:</span>葵花籽油</p>
 <p><span class=""style1"">食品添加物名稱:</span>無</p>

<br>


<p><span class=""style1"">保存期限:</span> 24個月(係指未開封狀態且正常條件下之保存)</p>
<p><span class=""style1"">原產地(國): </span>義大利<br>
  <span class=""style1"">產品規格:</span> 500ml/瓶<br>

<span class=""style1"">注意事項: </span><br>
1.	一般烹調之煎、煮、炒、炸皆宜，清爽不油膩。<br>
2.	請勿倒放，並放置乾燥陰涼處，避免陽光直射。<br>
3.	開瓶後，請儘快使用完畢。<br>
<br>
 <span class=""style1"">過敏原資訊:</span> 無</p>","
 宅配","https://www.organicshops.cc/product.aspx?id=11892","2026-07-10T06:24:18.736Z"
"12783","17007","豬肉鬆","限時優惠快閃區","限時優惠快閃區","商品簡述：
 選用台灣豬後腿肉製成，原料單純少添加，美味又安心。","435","299","/products/12783/main.jpg","/products/12783/gallery-01.jpg","<br>
<br>
選用台灣豬後腿肉製成，飼養過程不使用抗生素，以保持豬肉原始美味。豬肉經水煮後，採用高成本的義大利葡萄籽油取代傳統豬油來進行焙炒，並嚴格控管焙炒時間及溫度，經數十年累積成的經驗，呈現出與眾不同的蓬鬆酥脆口感。<br>
原料單純，不添加豆粉、防腐劑、味精及色素等，每批通過檢驗，嚴格把關品質。<br>
<br><br>","<p><span class=""style1"">原料</span>：豬肉(台灣)、蔗糖、葡萄籽油、醬油、食鹽、維生素E(抗氧化劑)</p>

<p><span class=""style1"">食品添加物</span>：維生素E(抗氧化劑)</p>

<p><span class=""style1"">規格</span>：250g/罐</p>

<p><span class=""style1"">產地</span>：台灣</p>

<p><span class=""style1"">保存期限</span>：12個月(係指未開封狀態且正常條件下之保存)


<p><span class=""style1"">營養標示</span><br />
<br><br>
	
<p><span class=""style1"">注意事項：</span>室溫保存，避免置於潮濕、高溫、日曬場所。不添加防腐劑，開封後請儘早食用。</p>
<p><span class=""style1"">過敏原資訊：</span>本產品含大豆及含麩質之穀物製品(來自醬油)。</p>","
 宅配、 超商取貨","https://www.organicshops.cc/product.aspx?id=12783","2026-07-10T06:24:24.475Z"
"12826","01175","藍莓乾(2件組)","限時優惠快閃區","限時優惠快閃區","商品簡述：
 選用完整藍莓果實，製成一顆顆晶亮光澤的藍寶石，
具濃郁香氣，富含膳食纖維，可促進腸道蠕動。","400","240","/products/12826/main.jpg","/products/12826/gallery-01.jpg|/products/12826/gallery-02.jpg","<br>
<br>
選用完整藍莓果實，製成一顆顆晶亮光澤的藍寶石。含有濃郁的藍莓香氣，口感獨特具咀嚼感，不添加人工色素、人工香料、防腐劑，富含膳食纖維，促進腸道蠕動，增加飽足感。","<p><span style=""color: #F6090D"">原料: </span>藍莓、蔗糖、葵花油</p><br>

<br><br>

<p><span style=""color: #F6090D"">規格: </span>100公克/包</p>
<p><span style=""color: #F6090D"">產地: </span>美國</p>
<p><span style=""color: #F00105"">保存期間: </span>12個月(係指未開封狀態且正常條件下之保存)<br>
<br>
<span class=""style1"">注意事項: </span><br>

1.開封後未食用完須冷藏保存並儘快食用完畢。<br>
2.表面若有結晶為果實糖分析出現象，請安心食用。<br>
3.包裝袋正面為藍莓原果示意圖，經乾燥轉為紫黑色。<br>","
 宅配、 超商取貨","https://www.organicshops.cc/product.aspx?id=12826","2026-07-10T06:24:27.581Z"
"12655","01176","葡萄乾(袋)(2件組)","限時優惠快閃區","限時優惠快閃區","商品簡述：
 保留葡萄乾的原始風味，含有膳食纖維，不添加人工色素、人工香料、防腐劑，不經過硫化燻蒸，顆粒飽滿、口感Q彈有嚼勁，補充能量。","200","120","/products/12655/main.jpg","","<br>
<br>
<br>
<br>
<p>

蘊含陽光能量的葡萄乾，保留葡萄乾原始風味。葡萄為白綠色品種，經日曬吸收能量後自然轉為紫黑(褐)色葡萄乾；不添加人工色素、人工香料、防腐劑，不經過硫化薰蒸處理。</p>
<br>
1.	選用智利Jumbo規格。<br>
2.	不經過硫化薰蒸處理。<br>
3.	含有膳食纖維，促進腸道蠕動。<br>
4.	不添加人工色素、人工香料、防腐劑。","<p class=""style1"">原料:</p>
<p>葡萄乾、葵花油<br><br>

<br><br>

<p><span class=""style1"">保存期間:</span> 12個月<span class=""style1""><br>
</span><span class=""style1"">規格: </span>250公克/包<br>
<p><span class=""style1"">產地:</span> 智利<br>
<br>

<span class=""style1"">注意事項: </span><br>

1.開封後未食用完需冷藏並儘快食用完畢。<br>
2.表面若有結晶為果實糖分析出，為正常物理現象。<br>
3.包裝袋正面為葡萄原果示意圖，經乾燥後轉變為紅黑色。","
 宅配、 超商取貨","https://www.organicshops.cc/product.aspx?id=12655","2026-07-10T06:24:32.060Z"
"12855","01254","加州葡萄乾220公克(2件組)","限時優惠快閃區","限時優惠快閃區","商品簡述：
 陽光日曬工藝，甜而不膩、皮薄無籽，每一口都是陽光的味道。","200","120","/products/12855/main.jpg","/products/12855/gallery-01.jpg","<br>
<br>
<br>
<br>
<p>

陽光日曬工藝，甜而不膩、皮薄無籽，每一口都是陽光的味道。<br><br>

1.	來自世界知名產地—美國加州。<br>
2.	顆粒飽滿Q彈，拆袋即食、亦適合用於烘焙。<br>
3.	隨時補充能量的健康零食：不額外加糖。含有膳食纖維，促進腸道蠕動。<br>
4.	保留原始色澤&風味：不添加人工色素、人工香料、防腐劑、不經過硫化薰蒸處理。","<span class=""style1"">原料:</span>葡萄乾、葵花油<br><br>

<br>

<p><span class=""style1"">保存期間:</span> 12個月(係指未開封狀態且正常條件下之保存)<span class=""style1""><br>
</span><span class=""style1"">規格: </span>220公克/包<br>
<p><span class=""style1"">原產地:</span> 美國<br>
<br>

<span class=""style1"">注意事項: </span><br>

1.開封後未食用完需冷藏，並請儘快食用完畢。 <br>
2.表面若有結晶為果實糖分析出，為正常物理現象。 <br>
3.包裝袋正面為葡萄原果示意圖，經乾燥後轉變為棕黑色。<br>
<br>
負責廠商:統一生機開發(股)公司","
 宅配、 超商取貨","https://www.organicshops.cc/product.aspx?id=12855","2026-07-10T06:24:34.286Z"
"12853","01180","蔓越莓乾(袋)(2件組)","限時優惠快閃區","限時優惠快閃區","商品簡述：
 可改變細菌叢生態的特性，亦有幫助維持消化道機能及調節生理機能，不添加防腐劑、人工色素、人工香料，帶給您酸中帶甜的美好滋味。","330","198","/products/12853/main.jpg","","<br>
<br>
<br>
<br>
<p>蔓越莓更具有改變菌叢生態的特性，有助於女性保健。除了做為零食直接食用外，更可用於烘焙上製作成蛋糕、麵包；平時更可添加在沙拉、優格中，增添食用時的口感跟風味。<br>
<br>
1.不添加人工色素、人工香料、防腐劑。<br>
2.含有膳食纖維，促進腸道蠕動。<br>
<br>
<iframe width=""560"" height=""315"" src=""https://www.youtube.com/embed/8qH3tiWpOZw"" frameborder=""0"" allow=""accelerometer; autoplay; encrypted-media; gyroscope; picture-in-picture"" allowfullscreen></iframe>","<p><span class=""style1"">原料:</span>蔓越莓、蔗糖、葵花油。</p><br>
<p><span class=""style1"">食品添加物:</span> 無</p>
<br><br>

<p><span class=""style1"">規格:</span> 250公克/袋</p>
<p><span class=""style1"">原產地(國):</span> 美國</p>
<p><span class=""style1"">保存期間:</span> 12個月(係指未開封狀態且正常條件下之保存)。<br>
<br>

<span class=""style1"">注意事項: </span><br>

1.開封後未食用完需冷藏並儘快食用完畢。<br>
2.表面若有結晶為果實糖分析出，為正常物理現象。<br>
3.包裝袋正面為蔓越莓原果示意圖，經乾燥後轉變為紅黑色。<br>","
 宅配、 超商取貨","https://www.organicshops.cc/product.aspx?id=12853","2026-07-10T06:24:37.748Z"
"12854","01182","整顆蔓越莓乾(袋)(2件組)","限時優惠快閃區","限時優惠快閃區","商品簡述：
 可改變細菌叢生態的特性，亦有幫助維持消化道機能及調節生理機能，不添加防腐劑、人工色素、人工香料，帶給您酸中帶甜的美好滋味。","360","216","/products/12854/main.jpg","","<br>
<br>
<br>
<p>

<ol start=""1"" type=""1"">
1.不添加人工色素、人工香料、防腐劑。<br>
2.整顆果粒，口感更佳。<br>
3.含有膳食纖維，促進腸道蠕動。<br>
<br>


蔓越莓更具有改變菌叢生態的特性，有助於女性保健。除了做為零食直接食用外，更可用於烘焙上製作成蛋糕、麵包；平時更可添加在沙拉、優格中，增添食用時的口感跟風味。</p>
<br>
<iframe width=""560"" height=""315"" src=""https://www.youtube.com/embed/8qH3tiWpOZw"" frameborder=""0"" allow=""accelerometer; autoplay; encrypted-media; gyroscope; picture-in-picture"" allowfullscreen></iframe>","<p><span class=""style1"">產品成分:</span> 蔓越莓乾、蔗糖、葵花油。</p>
<p><span class=""style1"">食品添加物:</span> 無</p>

<br><br>

<p><span class=""style1"">規格:</span> 250公克/袋</p>
<p><span class=""style1"">原產地:</span> 加拿大(依實際收到商品為準)</p>
<p><span class=""style1"">保存期間:</span>12個月(係指未開封狀態且正常條件下之保存)。</p>

<br>
<span class=""style1"">注意事項: </span><br>
  
1.開封後未食用完需冷藏並儘快食用完畢。<br>
2.表面若有結晶為果實糖分析出，為正常物理現象。<br>
3.包裝袋正面為蔓越莓原果示意圖，經乾燥後轉變為紅黑色。<br>","
 宅配、 超商取貨","https://www.organicshops.cc/product.aspx?id=12854","2026-07-10T06:24:39.923Z"
"12529","01178","蜜棗乾(袋)(2件組)","限時優惠快閃區","限時優惠快閃區","商品簡述：
 不添加人工色素、人工香料、防腐劑，Q彈有勁，不甜膩不黏手，富含膳食纖維，無脂肪零膽固醇，促進腸道蠕動，使排便順暢。","360","216","/products/12529/main.jpg","/products/12529/gallery-01.jpg","<br>
<br>
<br>
<p>顆粒大、肉質厚實；陽光日曬而成，非蜜餞產品，不添加人工色素、人工香料、防腐劑，呈現原始的口感與滋味；零脂肪又富含膳食纖維，可增加飽足感，促進腸道蠕動，是需補充膳食纖維的補充來源。</p>","<p><span class=""style1"">原料: </span>蜜棗乾<br>
<BR><br><br>

<p><span class=""style1"">保存期間:</span> 12個月<span class=""style1""><br>
</span><span class=""style1"">規格: </span>250公克/袋<br>
<p><span class=""style1"">產地:</span> 智利<br>

<br>

<span class=""style1"">注意事項:</span></p>

1.開封後未食用完需冷藏並儘快食用完畢。<br>
2.表面若有結晶為果實糖分析出，為正常物理現象。<br>
3.包裝袋正面為蜜棗原果示意圖，經乾燥後轉變為紫黑色。<br>
4.可能有籽或籽碎片，食用時請小心注意。","
 宅配、 超商取貨","https://www.organicshops.cc/product.aspx?id=12529","2026-07-10T06:24:42.085Z"
"12620","55143","鮮奶小饅頭","限時優惠快閃區","限時優惠快閃區","商品簡述：
 1.使用國產優質鮮乳。
2.添加紐西蘭無水奶油。
3.5大安心保證(不使用:漂白麵粉、人造奶油、香精、膨鬆劑、抗凍劑)。","165","165","/products/12620/main.jpg","/products/12620/gallery-01.jpg|/products/12620/gallery-02.jpg","<br>
<br>
1.	使用國產優質鮮乳。<br>
2.	添加紐西蘭無水奶油。<br>
3.	配方單純，極致鬆軟。<br>
4.	五大安心保證。<br>
*不使用漂白麵粉。<br>
*不使用人造奶油。<br>
*不使用香精。<br>
*不使用膨鬆劑。<br>
*不使用抗凍劑。<br>","<span class=""style1"">原料: </span>麵粉、鮮奶、蔗糖、水、無水奶油、酵母(酵母、水、大豆卵磷脂)<br>

<span class=""style1"">保存期限: </span>12個月<br>

<span class=""style1"">規格: </span>315公克(9入)<br>

<span class=""style1"">產地: </span>台灣<br>


<br>




<br>
<span class=""style1"">注意事項(含保存條件)：</span>須冷凍於-18℃以下，保存期間係指未開封前在-18℃以下可保存天數，開封後請儘速食用以確保品質。<br>



<p><span class=""style1"">過敏原資訊:</span>本產品含牛奶、含麩質之穀物及大豆製品。
 <br>","
 宅配、 超商取貨","https://www.organicshops.cc/product.aspx?id=12620","2026-07-10T06:24:45.241Z"
"12502","18052","甘栗(70G)(10件組)","限時優惠快閃區","限時優惠快閃區","商品簡述：
 新鮮直送 傳遞幸福甜蜜的好味道
免剝殼、開袋即食
不添加最對味、冰過更Q甜
●開封後需冷藏，並請儘快食用完畢！","490","330","/products/12502/main.jpg","","<br>
<br>
‧嚴選河北板栗，清淨水源加上優渥的土壤和氣候生態，粒粒金黃飽滿。<br>
‧生產製程全程電子監控，採用氮氣充填保鮮與殺菌處理，保有甘栗的色、香、味，兼具營養與美味。<br>
風味香甜濃郁、口感鬆軟綿密，免剝殼、開袋即食，老少咸宜。<br>
‧不添加防腐劑、人工色素、甜味劑，單吃入菜皆美味，傳遞幸福甜蜜的好味道。","<span class=""style1"">原料: </span>栗子<br>
<span class=""style1"">食品添加物名稱: </span>無<br>
<span class=""style1"">規格: </span>70公克/袋<br>

<span class=""style1"">產地: </span>中國大陸<br>


<br>

<br>
<span class=""style1"">保存期限: </span>18個月(係指未開封狀態且正常條件下之保存)<br>
<br>


<p><span class=""style1"">注意事項(保存條件): </span><br>

1. 請置於陰涼乾燥處避免日照，開封後請儘快食用完畢，如未食用完畢請務必密封並置於冰箱保存。因本產品不添加防腐劑，常溫存放將導致產品變質。<br>
2. 內袋產生水分為殺菌溫差造成之水分凝結。<br>
3. 顏色深淺不一屬農產品生長之差異。<br>
4. 本產品包裝袋不可直接微波加熱。<br>
5. 兒童及老人請特別小心食用，切勿強力整粒吞食。<br>
6. 如有包裝袋異常膨包、破損，請勿食用。<br>

<br>
<span class=""style1"">過敏原資訊:</span>本產品含堅果","
 宅配、 超商取貨","https://www.organicshops.cc/product.aspx?id=12502","2026-07-10T06:24:49.428Z"
"12506","17002","有機枸杞(3件組)(超取免運)","限時優惠快閃區","限時優惠快閃區","商品簡述：
 來自青海的有機枸杞，採有機農法栽種，德國Kiwa BCS有機驗證。
枸杞糖份高，且顆粒大、果肉飽滿厚實。","840","597","/products/12506/main.jpg","/products/12506/gallery-01.jpg|/products/12506/gallery-02.jpg|/products/12506/gallery-03.jpg|/products/12506/gallery-04.jpg","</P>
</P>
</P>
</P>
位於高海拔地區，遠離塵囂，當地氣候為日照長、溫差大、雲量少，輔以山脈融雪灌溉，孕育出的有機枸杞糖份高，且顆粒大、果肉飽滿厚實。<br>
採摘枸杞後，經過清洗、日曬、鼓風機去除雜質、過篩分級、選色、烘乾、人工挑選、包裝，運送，層層把關；由於枸杞甜度高，易受蟲害，一般枸杞栽種過程中為了要讓枸杞生長得漂亮，會大量施用農藥化肥，食用這類枸杞可能會有農殘疑慮。<br>
因此統一生機的有機枸杞，堅持不使用農藥、不用二氧化硫薰蒸，不添加防腐劑、不添加人工色素。歷經多次檢驗合格，確保品質，安全有保障，更是彌足珍貴。<br>

驗證機構：慈心有機驗證股份有限公司<br>
驗證證書字號：第1-009-210007號<br>","<p><span class=""style1"">原料</span>：有機枸杞</p>
<p><span class=""style1"">規格</span>：150g/包</p>
<p><span class=""style1"">產地</span>：中國大陸</p>
<p><span class=""style1"">保存期限</span>：12個月</p>

<BR>

<p><span class=""style1"">注意事項</span>：<br>
1.	內附脫氧劑及乾燥劑，請勿食用。<br>
2.	請於清洗後烹調食用：因有機枸杞採收後為自然曝曬風乾，偶有夾雜沙塵碎葉，品質無虞，使用前經清洗即可。<br>
3.	產品表面若有些許白色粉末為清洗有機枸杞果蠟的食品級小蘇打粉，請於清洗後烹調，請安心食用。","
 宅配、 超商取貨","https://www.organicshops.cc/product.aspx?id=12506","2026-07-10T06:24:51.564Z"
"12472","17020","有機大紅棗(3件組)(超取免運)","限時優惠快閃區","限時優惠快閃區","商品簡述：
 *全程不使用農藥與化學肥料
*取得慈心有機驗證。慈心有機驗證股份有限公司 第1-009-210007號
*不使用二氧化硫薰蒸
*不添加人工色素、香料及防腐劑","780","558","/products/12472/main.jpg","/products/12472/gallery-01.jpg","<br>

<br>

<br>

<br>
&nbsp;&nbsp;&nbsp;&nbsp;紅棗自古以來被譽為百果之王，在料理、甜品、中藥藥材上皆可用到，是社會大眾常用的營養滋補品。但您知道嗎？市面上的紅棗來源分歧，品質參差不齊，消費者難以辨識當中的詭妙之處，如挑選到品質不佳的補品。不僅荷包受傷，恐怕體內也累積過多的有害物質，補身不成，反而傷身。<br>
<br>
&nbsp;&nbsp;&nbsp;&nbsp;統一生機 - 有機大紅棗從農場、包裝、運送、入庫，層層把關，經SGS檢驗無農藥檢出，食用安心有保障，用心為您的健康把關，讓您安心享用。<br>
<br>
驗證機構：慈心有機驗證股份有限公司<br>
驗證證書字號：第1-009-210007號<br>
<br>
*紅棗、枸杞選級小撇步<br>

<br>
<br>

*健康新食譜 – 養氣棗杞茶：<br>
*材料：20g有機枸杞、20g有機紅棗、300ml熱水<br>
*做法：<br>
1. 取出枸杞、紅棗進行清洗<br>
2. 將紅棗適當輕劃幾刀，釋放其營養及甜味<br>
3. 加入熱水烹煮或沖泡15~20分鐘<br>
Ps. 視個人喜好，可再加入適量冰糖調味<br>","<p><span class=""style1"">原料</span>：有機紅棗<br />
<br>

<br>
<br>

<p><span class=""style1"">規格</span>：300g/包</p>

<p><span class=""style1"">產地</span>：中國大陸</p>

<p><span class=""style1"">保存期限</span>：12個月 </p>
<p><span class=""style1"">注意事項</span>：室溫保存，避免置於潮濕、高溫、日曬場所。開封後請冷藏，並儘早食用。</p>","
 宅配、 超商取貨","https://www.organicshops.cc/product.aspx?id=12472","2026-07-10T06:24:58.457Z"
"12672","1700212","有機枸杞(2件)+有機大紅棗(2件)","限時優惠快閃區","限時優惠快閃區","商品簡述：
 17002有機枸杞x2包+17020有機大紅棗x2包","1080","749","/products/12672/main.jpg","/products/12672/gallery-01.jpg","17002有機枸杞:<br>
</P>
</P>
</P>
</P>
<br><br>
===============================================<br>
<br>
17020有機大紅棗:<br>
<br>

<br>

<br>

<br>
17002有機枸杞:<br>
位於高海拔地區，遠離塵囂，當地氣候為日照長、溫差大、雲量少，輔以山脈融雪灌溉，孕育出的有機枸杞糖份高，且顆粒大、果肉飽滿厚實。<br>
採摘枸杞後，經過清洗、日曬、鼓風機去除雜質、過篩分級、選色、烘乾、人工挑選
、包裝，運送，層層把關；由於枸杞甜度高，易受蟲害，一般枸杞栽種過程中為了要
讓枸杞生長得漂亮，會大量施用農藥化肥，食用這類枸杞可能會有農殘疑慮。<br>
因此統一生機的有機枸杞，堅持不使用農藥、不用二氧化硫薰蒸，不添加防腐劑、不
添加人工色素。歷經多次檢驗合格，確保品質，安全有保障，更是彌足珍貴。<br>

驗證機構：慈心有機驗證股份有限公司<br>
驗證證書字號：第1-009-210007號<br>
<br>
===============================================<br>
<br>
17020有機大紅棗:<br>

&nbsp;&nbsp;&nbsp;&nbsp;紅棗自古以來被譽為百果之王，在料理、甜品、中藥藥材上皆可用到，是社會大眾常用的營養滋補品。但您知道嗎？市面上的紅棗來源分歧，品質參差不齊，消費者難以辨識當中的詭妙之處，如挑選到品質不佳的補品。不僅荷包受傷，恐怕體內也累積過多的有害物質，補身不成，反而傷身。<br>
<br>
&nbsp;&nbsp;&nbsp;&nbsp;統一生機 - 有機大紅棗從農場、包裝、運送、入庫，層層把關，經SGS檢驗無農藥檢出，食用安心有保障，用心為您的健康把關，讓您安心享用。<br>
<br>
驗證機構：慈心有機驗證股份有限公司<br>
驗證證書字號：第1-009-210007號<br>
<br>
*紅棗、枸杞選級小撇步<br>

<br>
<br>

*健康新食譜 – 養氣棗杞茶：<br>
*材料：20g有機枸杞、20g有機紅棗、300ml熱水<br>
*做法：<br>
1. 取出枸杞、紅棗進行清洗<br>
2. 將紅棗適當輕劃幾刀，釋放其營養及甜味<br>
3. 加入熱水烹煮或沖泡15~20分鐘<br>
Ps. 視個人喜好，可再加入適量冰糖調味<br>","17002有機枸杞:<br>
<p><span class=""style1"">原料</span>：有機枸杞</p>
<p><span class=""style1"">規格</span>：150g/包</p>
<p><span class=""style1"">產地</span>：中國大陸</p>
<p><span class=""style1"">保存期限</span>：12個月</p>

<BR>

<p><span class=""style1"">注意事項</span>：<br>
1.	內附脫氧劑及乾燥劑，請勿食用。<br>
2.	請於清洗後烹調食用：因有機枸杞採收後為自然曝曬風乾，偶有夾雜沙塵碎葉，品質無虞，使用前經清洗即可。<br>
3.	產品表面若有些許白色粉末為清洗有機枸杞果蠟的食品級小蘇打粉，請於清洗後烹調，請安心食用。<br>
<br>
===============================================<br>
<br>
17020有機大紅棗:<br>
<p><span class=""style1"">原料</span>：有機紅棗<br />
<br>

<br>
<br>

<p><span class=""style1"">規格</span>：300g/包</p>

<p><span class=""style1"">產地</span>：中國大陸</p>

<p><span class=""style1"">保存期限</span>：12個月 </p>
<p><span class=""style1"">注意事項</span>：室溫保存，避免置於潮濕、高溫、日曬場所。開封後請冷藏，並儘早食用。</p>","
 宅配、 超商取貨","https://www.organicshops.cc/product.aspx?id=12672","2026-07-10T06:25:01.669Z"
"12806","08298","蔥油土雞腿(3件組)","限時優惠快閃區","限時優惠快閃區","商品簡述：
 *選用在地土雞腿，去骨全腿使用，肉質紮實，雞皮Q彈
*添加統一生機日曬海鹽調味
*鮮味雞汁與鹹香蔥油的完美搭配
*成分單純，不添加味精、防腐劑","1440","864","/products/12806/main.jpg","/products/12806/gallery-01.jpg|/products/12806/gallery-02.jpg","<br>
<br>
在地土雞腿經人工去骨，以雞高湯醃漬入味，肉質紮實多汁，香而不膩，雞皮Q彈，膠質豐富的冰涼肉凍，在口中溫柔的化開，搭配蔥油包，蔥香四溢，鹹香爽口，讓您食慾大開。
*選用在地土雞腿，去骨全腿使用，肉質紮實，雞皮Q彈<br>
*添加統一生機日曬海鹽調味<br>
*鮮味雞汁與鹹香蔥油的完美搭配<br>
*成分單純，不添加味精、防腐劑<br><br>

食用方式：<br>
於冷藏條件下放至完全解凍後，切片淋上所附蔥油即可食用，並請儘速食用完畢","<p><span class=""style1"">原料: </span><br>
土雞腿：土雞腿肉、雞高湯(雞肉、水、日曬海鹽)、蔥油(大豆沙拉油、紅蔥頭)<br>
蔥油包：大豆沙拉油、紅蔥頭
<br>
<br>
<p><span class=""style1"">食品添加物名稱: </span>無<br>


<p><span class=""style1"">規格:</span><br>
土雞腿：450公克/盒 (固形量：350公克)<br>
蔥油包：15毫升X1包<br>
<br>

<p><span class=""style1"">原產地: </span>台灣</p>
<p><span class=""style1"">保存期間:</span> 12個月<br>

<p><span class=""style1"">注意事項(含保存條件):</span> 須冷凍於-18℃以下，保存期間係指未開封前在-18℃以下可保存天數，開封後請儘快食用以確保品質<br>



<p><span class=""style1"">調理條件:</span> 於冷藏條件下放至完全解凍後，切片淋上所附蔥油包即可食用，並請儘速食用完畢<br>
<br>

<span class=""style1"">營養標示:</span> </p>

土雞腿 <br>
<br>
<br>
蔥油包<br>
<br>","
 宅配、 超商取貨","https://www.organicshops.cc/product.aspx?id=12806","2026-07-10T06:25:04.957Z"
"12805","08004","豬梅花火鍋肉片(6件組)","限時優惠快閃區","限時優惠快閃區","商品簡述：
 飼育過程中餵食以玉米及黃豆成分為主的穀物性飼料，肉質鮮甜軟嫩。
瘦肉精(乙型受體素)未檢出","1434","858","/products/12805/main.jpg","/products/12805/gallery-01.jpg|/products/12805/gallery-02.jpg","<br>
<br>
<br>
<p>飼育過程中餵食以玉米及黃豆成分為主的穀物性飼料，肉質鮮甜軟嫩，飼養過程中隔絕病媒，讓豬隻生活在乾淨的生長環境，自然不容易生病。<br>
<br>
梅花肉是油脂分布勻稱的部位，因肉質紋路貌似梅花而得名，其產量少是限量熱門商品，適合火鍋、煎烤、炒肉。 
<br><br>
<br>","<span class=""style1"">原料: </span>豬肉<br>
<p><span class=""style1"">食品添加物名稱:</span> 無  <br>
<p><span class=""style1"">內容量:</span> 200公克</p>
<p><span class=""style1"">原產地: </span>台灣</p>
<p><span class=""style1"">保存期間:</span> 6個月</p>

<p><span class=""style1"">保存方法及條件:</span> 
須冷凍於-18℃以下，保存期間係指未開封前在-18℃以下可保存天數，開封後請儘快食用以確保品質。</p>

<p><span class=""style1"">建議解凍方式:</span> 
使用前請將產品放於冰箱冷藏室解凍。</p>

<br><span class=""style1"">注意事項: </span>

避免存放在高溫或日光直射處。","
 宅配、 超商取貨","https://www.organicshops.cc/product.aspx?id=12805","2026-07-10T06:25:09.661Z"
"12804","08334","藻晨雞(雞腿切塊)(6件組)","限時優惠快閃區","限時優惠快閃區","商品簡述：
 口感較為紮實，飼養時間長，雞隻發育較好，較一般肉雞更有風味","2334","1398","/products/12804/main.jpg","/products/12804/gallery-01.jpg","<br>
<br>
<br>


</P>
產品介紹：<br>
1. 豐富且專業的飼養經驗：牧場以專業家禽養殖業起家，具30年以上專業養殖技術，從傳統養殖技術到現在輔以科技化資訊養殖。<br>
<br>
2. 飲食：<br>
   (1)飼料添加益生菌及小球藻，幫助雞隻健康。<br>
飼料與專業的合格飼料廠合作，飼料內添加與南台科技大學生物系褚俊傑教授研究的小球藻，用以增強雞隻抵抗力。<br>
   (2)飼料逐批檢驗，包括動物用藥及抗生素檢驗，以確認雞隻食用的安全。<br>
   (3)水源為自來水，自來水需經軟水系統層層過濾後，才可給雞隻飲用。<br>
<br>
3. 智能化自動環控系統：<br>
   (1)禽舍位於雲林鄉間，牧場周圍無工業活動，環境單純。<br>
   (2)六星級禽舍，採用各項高科技設備管理禽舍的軟、硬體環境，並透過各項大數據資料監控雞群的生長狀況。<br>
*噴霧及水濂降溫設備進行自動溫濕度控制。<br>
*自動化給料給水設備，經由大數據了解雞群的飲水量、飼食量，監控雞群的生長狀況。<br>
   (3)定時播放音樂，穩定雞隻情緒。<br>
   (4)雞隻採走地式飼養，提供充足的活動空間。<br>
   (5)在地上鋪稻穀，除可吸收糞便中水氣外，避免場內潮濕，亦可做為雞隻沙浴的替代物，讓雞隻保有天性與維持毛皮清潔。<br>
<br>
4. 專業屠宰：<br>
   (1)熟齡飼養(飼養12週左右)。<br>
   (2)經由專業、合法電宰場屠宰，全程低溫作業並經駐場獸醫師檢驗合格。<br>
   (3)產品採用急速冷凍，保存雞肉最新鮮的狀態。<br>
<br>
5. 產銷履歷：<br>
   (1)從育種－>孵化－>養殖－>屠宰－>包裝－>出貨，專業一條龍作業<br>
   (2)履歷生產從生產、運輸、銷售到消費者手中，皆可追蹤。從產地到餐桌資訊透明看得見。","<p><span class=""style1"">原料: </span>雞肉</p>
<p><span class=""style1"">食品添加物名稱: </span>無</p>
<p><span class=""style1"">內容量:</span> 500g/包</p>
<p><span class=""style1"">原產地: </span>台灣</p>
<p><span class=""style1"">保存期間:</span> 12個月</p>

<p><span class=""style1"">注意事項(含保存條件):</span> <br>
1.須冷凍於-18℃以下，保存期間係指未開封前在-18℃以下可保存天數，開封後請儘快食用以確保品質</p>
2.避免存放在高溫或日光直射處<br>

<p><span class=""style1"">加熱調理條件:</span> 解凍後，適合煮湯、燉煮、炒、炸、蒸等料理方式，完全加熱後即可食用。<br>
加熱調理條件請視實際狀況做調整。<br>



<br><span class=""style1"">過敏原資訊: </span>無</p>","
 宅配、 超商取貨","https://www.organicshops.cc/product.aspx?id=12804","2026-07-10T06:25:13.884Z"
"12803","08335","藻晨雞(去骨雞腿)(6件組)","限時優惠快閃區","限時優惠快閃區","商品簡述：
 口感較為紮實，飼養時間長，雞隻發育較好，較一般肉雞更有風味","2514","1506","/products/12803/main.jpg","/products/12803/gallery-01.jpg|/products/12803/gallery-02.jpg","<br>
<br>
<br>


</P>
產品介紹：<br>
1. 豐富且專業的飼養經驗：牧場以專業家禽養殖業起家，具30年以上專業養殖技術，從傳統養殖技術到現在輔以科技化資訊養殖。<br>
<br>
2. 飲食：<br>
   (1)飼料添加益生菌及小球藻，幫助雞隻健康。<br>
飼料與專業的合格飼料廠合作，飼料內添加與南台科技大學生物系褚俊傑教授研究的小球藻，用以增強雞隻抵抗力。<br>
   (2)飼料逐批檢驗，包括動物用藥及抗生素檢驗，以確認雞隻食用的安全。<br>
   (3)水源為自來水，自來水需經軟水系統層層過濾後，才可給雞隻飲用。<br>
<br>
3. 智能化自動環控系統：<br>
   (1)禽舍位於雲林鄉間，牧場周圍無工業活動，環境單純。<br>
   (2)六星級禽舍，採用各項高科技設備管理禽舍的軟、硬體環境，並透過各項大數據資料監控雞群的生長狀況。<br>
*噴霧及水濂降溫設備進行自動溫濕度控制。<br>
*自動化給料給水設備，經由大數據了解雞群的飲水量、飼食量，監控雞群的生長狀況。<br>
   (3)定時播放音樂，穩定雞隻情緒。<br>
   (4)雞隻採走地式飼養，提供充足的活動空間。<br>
   (5)在地上鋪稻穀，除可吸收糞便中水氣外，避免場內潮濕，亦可做為雞隻沙浴的替代物，讓雞隻保有天性與維持毛皮清潔。<br>
<br>
4. 專業屠宰：<br>
   (1)熟齡飼養(飼養12週左右)。<br>
   (2)經由專業、合法電宰場屠宰，全程低溫作業並經駐場獸醫師檢驗合格。<br>
   (3)產品採用急速冷凍，保存雞肉最新鮮的狀態。<br>
<br>
5. 產銷履歷：<br>
   (1)從育種－>孵化－>養殖－>屠宰－>包裝－>出貨，專業一條龍作業<br>
   (2)履歷生產從生產、運輸、銷售到消費者手中，皆可追蹤。從產地到餐桌資訊透明看得見。","<p><span class=""style1"">原料: </span>雞肉</p>
<p><span class=""style1"">食品添加物名稱: </span>無</p>
<p><span class=""style1"">內容量:</span> 350g/包</p>
<p><span class=""style1"">原產地: </span>台灣</p>
<p><span class=""style1"">保存期間:</span> 12個月</p>

<p><span class=""style1"">注意事項(含保存條件):</span> <br>
1.須冷凍於-18℃以下，保存期間係指未開封前在-18℃以下可保存天數，開封後請儘快食用以確保品質</p>
2.避免存放在高溫或日光直射處<br>

<p><span class=""style1"">加熱調理條件:</span> 解凍後，適合煮湯、燉煮、炒、炸、蒸等料理方式，完全加熱後即可食用。<br>
加熱調理條件請視實際狀況做調整。<br>



<br><span class=""style1"">過敏原資訊: </span>無</p>","
 宅配、 超商取貨","https://www.organicshops.cc/product.aspx?id=12803","2026-07-10T06:25:17.538Z"
"12802","08080","金目鱸魚片(6件組)","限時優惠快閃區","限時優惠快閃區","商品簡述：
 其肉質鮮美細嫩而富有彈性，口感極佳，煮湯最能顯現出鱸魚的清甜。","1800","864","/products/12802/main.jpg","/products/12802/gallery-01.jpg|/products/12802/gallery-02.jpg","<br>
<br>
<br>
優質金目鱸魚，其肉質鮮美細嫩而富有彈性，口感極佳，因其肉質鮮嫩，煮湯最能顯現出鱸魚的清甜、健康的珍貴食材值得您細細品嚐。產品已切片處理，方便您進行料理。</p>
<br>
抗生素、生長激素、重金屬檢驗合格。<br>
<p><span class=""style1"">調理建議:</span> 香煎、糖醋、清蒸、煮湯。</p>","<span class=""style1"">原料: </span>金目鱸魚</p>
<span class=""style1"">食品添加物名稱:</span>  無 <br>
<p><span class=""style1"">內容量:</span> 250公克/包</p>
<p><span class=""style1"">原產地: </span>台灣</p>
<p><span class=""style1"">保存期間:</span> 12個月</p>

<p><span class=""style1"">保存方法及條件:</span> 
須冷凍於-18℃以下，保存期間係指未開封前在-18℃以下可保存天數，開封後請儘快食用以確保品質。</p>

<p><span class=""style1"">建議解凍方式:</span> 
使用前請將產品放於冰箱冷藏室解凍。

<br><br><span class=""style1"">注意事項: </span>

 避免存放在高溫或日光直射處。<br>
<br><span class=""style1"">過敏原資訊:</span>本產品含魚類","
 宅配、 超商取貨","https://www.organicshops.cc/product.aspx?id=12802","2026-07-10T06:25:22.164Z"
"12801","08331","鹽漬鯖魚片(6件組)","限時優惠快閃區","限時優惠快閃區","商品簡述：
 來自挪威的鯖魚，油脂豐富，輕輕一層薄鹽提升魚肉鮮美的風味不死鹹。","1110","666","/products/12801/main.jpg","/products/12801/gallery-01.jpg","<br>
<br>
<br>
鯖魚是市場上CP值很高的食用魚種之一，天氣越冷鯖魚就越肥美，油脂越豐富。統一生機選用來自挪威的鯖魚，因為海域的緯度高、溫度低，鯖魚為了抵禦低溫及激烈的海流，體內蓄積豐厚的脂肪，因此魚肉油脂豐富。其EPA及DHA也較很多魚種高，營養價值高，相當適合全家人食用的魚種，攝取豐富的營養成分。<br>
<br>
鯖魚片採用薄鹽醃漬的方式，口味清淡，保留魚肉甜度，更增添一股淡淡鹹香，肉質軟嫩可口，無論香煎、烤、炸等烹調方式，都一樣美味可口，一餐一片，在家即享受餐館級日式鯖魚定食！


</p>","<p><span class=""style1"">原料:</span> 鯖魚、食鹽</p>
<p><span class=""style1"">食品添加物名稱:</span> 無  <br>
<p><span class=""style1"">規格: </span>160公克/包</p>
<p><span class=""style1"">原產地: </span>台灣</p>
<p><span class=""style1"">保存期限:</span> 12個月</p>
<br><br>

<span class=""style1"">加熱調理條件:</span>解凍後，使用煎或烤方式加熱至熟即可，
加熱調理條件請視實際狀況做調整。<br>
<br>
<p><span class=""style1"">保存方法及條件:</span>須冷凍於-18℃以下，保存期間係指未開封前在-18℃以下可保存天數，開封後請儘快食用以確保品質。<br>
<br><span class=""style1"">過敏原資訊:</span>本產品含魚類。<br>
<br><span class=""style1"">注意事項: </span>
*避免存放在高溫或日光直射處。","
 宅配、 超商取貨","https://www.organicshops.cc/product.aspx?id=12801","2026-07-10T06:25:26.349Z"
"12800","08318","大比目魚(扁鱈)中段(6件組)","限時優惠快閃區","限時優惠快閃區","商品簡述：
 1.來自北極海潔淨海域
2.野生非養殖，沒有土味問題
3.色澤雪白，肉質口感滑順細緻，魚油分佈均勻豐富
4.僅有大刺，方便多年齡層食用，料理食用方便
5.料理方式：紅燒、清蒸、乾煎、酥炸都適合","1860","1116","/products/12800/main.jpg","/products/12800/gallery-01.jpg|/products/12800/gallery-02.jpg","<br>
<br>
<br>
來自地球極北端潔淨的海域，海洋的珍饈，有別於內陸飼養的容易帶有土味。<br>
大比目魚帶有豐富的深海魚油，可以補充平常不易攝取的養分，肉質雪白細緻，魚油分佈均勻，僅有大刺，方便各年齡層食用，料理方式多重，紅燒、清蒸、乾煎、酥炸都是很好的選擇。<br>
產品重量為扣除冰塊的淨重。

</p>","<span class=""style1"">原料: </span>大比目魚   <br>
<p><span class=""style1"">食品添加物名稱:</span> 無  <br>

<p><span class=""style1"">內容量:</span> 200公克</p>
<p><span class=""style1"">原產地: </span>格陵蘭</p>
<p><span class=""style1"">保存期間:</span> 12個月</p>


<p><span class=""style1"">過敏原資訊:</span> 本產品含魚類，不適合對其過敏體質者食用。</p>
<br><span class=""style1"">注意事項: </span><br>
1.需冷凍、解凍後須加熱熟煮後食用，非供即食，應充分加熱。<br>
2.有魚骨食用請小心注意。","
 宅配、 超商取貨","https://www.organicshops.cc/product.aspx?id=12800","2026-07-10T06:25:30.132Z"
"12799","08188","台灣鯛魚片(S)(6件組)","限時優惠快閃區","限時優惠快閃區","商品簡述：
 鹹水養殖，肉質緊實彈牙鮮美。","1380","828","/products/12799/main.jpg","/products/12799/gallery-01.jpg|/products/12799/gallery-02.jpg|/products/12799/gallery-03.jpg","</P>
</P>
</P>
台灣鯛又稱吳郭魚，其肉質鮮美、細刺少，鹹水養殖，成長緩慢故肉質緊實鮮美。</p>
<br>
抗生素、生長激素、重金屬檢驗合格。<br>
<p><span class=""style1"">調理建議:</span> 香煎、糖醋、清蒸、煮湯。","<span class=""style1"">原料: </span>台灣鯛魚<br>
<p><span class=""style1"">食品添加物名稱:</span> 無  <br>

<p><span class=""style1"">內容量:</span> 225公克</p>
<p><span class=""style1"">原產地: </span>台灣</p>
<p><span class=""style1"">保存期間:</span> 12個月</p>

<p><span class=""style1"">保存方法及條件:</span> 
須冷凍於-18℃以下，保存期間係指未開封前在-18℃以下可保存天數，開封後請儘快食用以確保品質。</p>

<p><span class=""style1"">建議解凍方式:</span> 
使用前請將產品放於冰箱冷藏室解凍。

<br><br><span class=""style1"">注意事項: </span>
 避免存放在高溫或日光直射處。
<br><br><span class=""style1"">過敏原資訊:</span>本產品含魚類","
 宅配、 超商取貨","https://www.organicshops.cc/product.aspx?id=12799","2026-07-10T06:25:34.254Z"
"12081","22094","冷壓初榨橄欖油","地中海飲食推薦","地中海飲食推薦","商品簡述：
 ‧義大利原裝進口，選用高等級橄欖油——EXTRA VIRGIN。
‧物理性製油，不含化學溶劑，無任何添加。
‧全程低溫、冷壓榨油，保留更多營養素。
‧不經過精製及氫化，單元不飽和脂肪酸達79%，Omega-9有助維持健康。
‧發煙點160度，可生飲、涼拌、煎、煮、炒。","540","405","/products/12081/main.jpg","/products/12081/gallery-01.jpg","<br>
<br>
<br>

義大利原裝進口，統一生機與歐洲知名油品製造商攜手合作，市場遍布全世界110多個國家，擁有ISO 9001、FSSC、BRC等工廠驗證。擁有完整的品質檢驗，包含碘價、過氧化價、皂化價等等，層層品質把關，讓您吃得安心。<br>
<br>
新鮮橄欖果實經清洗磨碎、冷壓後濾淨。全程使用物理方式製作，不使用化學溶劑萃取和氫化精製，因此保留著果實的營養價值。摘取下的橄欖洗淨、烘乾，直接壓榨，沒有添加任何化學成分。游離脂肪酸(以油酸計)不超過0.8%，為橄欖油等級中的Extra Virgin等級。保留橄欖的原始風味，香氣淡雅。單元不飽和脂肪酸達79%，發煙點160度，適合中溫油炒、拌醬提味、涼拌沙拉、加入麵包沾醬或直接生飲。<br>
<br>
認識橄欖油等級<br>
1. Extra Virgin Olive Oil/ 特級初榨橄欖油<br>
摘取下的橄欖洗淨、烘乾，在攝氏27度以下用物理方式進行壓榨，沒有添加任何化學成分，量少而珍貴。游離脂肪酸(以油酸計)含量 不超過0.8%。<br>
發煙點160-190℃。建議烹飪方式：涼拌、沾麵包、調理沙拉醬、炒。<br>
<br>
2. Virgin Olive Oil/ 初榨橄欖油<br>
採用第一批已榨取過的橄欖，再做二次榨取，品質沒有特級的好。橄欖多酚、蠟質…營養成分下降。游離脂肪酸(以油酸計)不超過2%。<br>
發煙點160-190℃。建議烹飪方式：涼拌、沾麵包、調理沙拉醬、炒。<br>
<br>
3. Ordinary virgin olive oil/ 普通初榨橄欖油<br>
游離脂肪酸(以油酸計)不超過3.3 %。<br>
<br>
4. Pomance Olive Oil/ 橄欖粕油<br>
利用橄欖果渣通過用溶劑、或其他物理方法處理而獲得的油，有化學溶劑殘留的風險，不建議食用。<br>
<br>
看了這麼多橄欖油的分級，最常被消費者問到哪種橄欖油最好？<br>
<br>
其實，上述分級只是依照製程分類，即使同樣是EXTRA VIRGIN冷壓初榨橄欖油等級，風味也差距很大。在歐洲地中海地區，品嚐橄欖油就像品酒一樣，各有不同的鑑賞和喜好，最重要是選擇能融合於食材、以呈現出最佳口感的橄欖油，再加上正確的烹調食用方式，方能在品嚐美食時也能兼顧健康取向。","<p><span class=""style1"">原料:</span>橄欖油</p>
 <p><span class=""style1"">食品添加物名稱:</span>無</p>

<br>


<p><span class=""style1"">保存期限:</span> 24個月(係指未開封狀態且正常條件下之保存)</p>
<p><span class=""style1"">原產地(國): </span>義大利<br>
  <span class=""style1"">產品規格:</span> 500ml/瓶<br>

<span class=""style1"">注意事項: </span><br>
1.	中溫油炒、拌醬，涼拌沙拉或直接生飲。<br>
2.	請勿倒放，並放置乾燥陰涼處，避免陽光直射。<br>
3.	開瓶後，請儘快使用完畢。<br>
4.	若冷藏保存後凝結，為脂肪冷凝現象，回溫後即恢復正常。


<br>
<br>
 <span class=""style1"">過敏原資訊:</span> 無</p>","
 宅配","https://www.organicshops.cc/product.aspx?id=12081","2026-07-10T06:25:40.168Z"
"12082","01151","果然優綜合堅果","地中海飲食推薦","地中海飲食推薦","商品簡述：
 低溫輕烘焙，原味不添加
堅果可滋補強身、增強體力","400","400","/products/12082/main.jpg","/products/12082/gallery-01.jpg","</P>
</P>
</P>
</P>
<p>
「核桃、杏仁、腰果、南瓜子」加「葡萄乾、蔓越莓乾」，口感更豐富、營養更全面。<br>
■精選各主要產地原料，穩定進櫃、倉內溫控保鮮<br>
■堅持「低溫輕烘焙、原味不添加」，保留食材營養價值，吃出食物自然、健康的原始香甜滋味。<br>
採用環保鐵罐，完整密封鎖住食材原有風味，並充填氮氣，開封即可感受鮮度，提供更優良的賞味品質與營養保存，吃健康護地球！<br>
<br>
*低溫輕烘焙，原味，營養價值保留。<br>
*不添加防腐劑、甜味劑、漂白劑。<br>
<br>
核桃：高比例完整顆粒，非一般碎核桃，口感視覺都滿分。<br>
杏仁：USDA Extra NO.1等級大顆粒杏仁，精選品種，具獨特香氣與風味。<br>
腰果：果仁完整飽滿、色澤潤白，風味清香甘甜。<br>
南瓜子：飽滿翠綠完整大顆粒南瓜子，風味獨特。<br>
葡萄乾：大顆粒皮薄飽滿果肉，口感Q彈有嚼勁。<br>
蔓越莓乾：保留原汁，酸中帶甜好滋味。<br>
<br>

<strong>「果然優綜合堅果」</strong>採用源自產地的核桃、杏仁、腰果、南瓜子、葡萄乾、蔓越莓乾，穩定頻繁的原料進櫃、倉內溫控保鮮、嚴謹的生產流程、致力強化品質，充份保留營養價值，讓您吃出食物自然、健康的原始香甜滋味，帶給您安全無虞的「<strong>樂活果實。</strong>」</p><br>

<iframe width=""560"" height=""315"" src=""https://www.youtube.com/embed/HlDphRig0yY"" frameborder=""0"" allow=""accelerometer; autoplay; encrypted-media; gyroscope; picture-in-picture"" allowfullscreen></iframe>
<br>

<iframe width=""560"" height=""315"" src=""https://www.youtube.com/embed/cninh-Nl7vo?rel=0"" frameborder=""0"" allowfullscreen></iframe>
<br>


<iframe width=""560"" height=""315"" src=""https://www.youtube.com/embed/7i4haFvDtdw"" frameborder=""0"" allow=""accelerometer; autoplay; encrypted-media; gyroscope; picture-in-picture"" allowfullscreen></iframe>","<p><span class=""style1"">原料:</span> 葡萄乾(葡萄乾、葵花油)、核桃、杏仁、腰果、南瓜子、蔓越莓乾(蔓越莓、蔗糖、葵花油)。<br>
<br>


<br>
<span class=""style1"">箱裝:</span> 依實際標示所示</p>



<p><span class=""style1"">食品添加物:</span> 無</p>
<p><span class=""style1"">內容量:</span> 360公克/罐</p>
<p><span class=""style1"">產地:</span> 台灣</p>
<p><span class=""style1"">保存期限:</span> 12個月(係指未開封狀態且正常條件下之保存)</p><br>

<p><span class=""style1"">保存條件:</span> </p>
1. 請置於陰涼乾燥處避免日照，冷藏保存尤佳。<br>
2. 開封後未食用完需冷藏，並儘快食用完畢。<br>
<br>

<p><span class=""style1"">注意事項:</span> </p>
1. 內有脫氧劑、乾燥劑，請勿食用。<br>
2. 開罐及取用時請留意拉環與開口邊緣。<br>
<br>

<p><span class=""style1"">過敏原資訊:</span> </p>
本產品含堅果及種子類。本生產線亦生產含牛奶製品、芝麻、含麩質之穀類及大豆的產品。
 <br>","
 宅配、 超商取貨","https://www.organicshops.cc/product.aspx?id=12082","2026-07-10T06:25:43.252Z"
"12083","02058","有機糙米","地中海飲食推薦","地中海飲食推薦","商品簡述：
 台東淨土好米,神農耕作專賣,有機責任保證","350","298","/products/12083/main.jpg","/products/12083/gallery-01.jpg|/products/12083/gallery-02.jpg","<br>

<br>
<br>
<p><span class=""style1"">驗證機構：</span>國立中興大學<br>
<p><span class=""style1"">證書字號：</span>1-006-100681","<p><span class=""style1"">原料:</span>有機稻穀(台灣)<br>

<br><br>
<p><span class=""style1"">規格:</span> 2公斤/包</p>
<p><span class=""style1"">產地:</span> 台灣(台東鹿野)</p>
<p><span class=""style1"">保存期限:</span> 6個月<br>
<br>
<span class=""style1"">注意事項: </span><br>
 包裝上生產者的大頭照，依實際生產者而有所不同，代表每位生產者對消費大眾直接的責任保證。","
 宅配、 超商取貨","https://www.organicshops.cc/product.aspx?id=12083","2026-07-10T06:25:46.298Z"
"12084","02152","有機大燕麥片(400g)","地中海飲食推薦","地中海飲食推薦","商品簡述：
 嚴選自北歐芬蘭產地，透過有機栽種產出高品質燕麥。不經過化學藥物薰蒸及食輻照射來延長保存，安心享受穀物原始美好。即沖即食，每日纖食的好選擇!","150","150","/products/12084/main.jpg","/products/12084/gallery-01.jpg|/products/12084/gallery-02.jpg","<br>
<br>
<br>
穀片適中，略帶嚼勁，沖泡牛奶、豆漿或穀粉即可食用。<br>
<br>
<p><span class=""style1"">驗證機構：</span>慈心有機驗證股份有限公司<br>
<p><span class=""style1"">證書字號：</span>第1-009-210007號","<p><span class=""style1"">原料：</span>有機大燕麥片<br>

<br>
<span class=""style1"">食品添加物: </span>無</p>

<br><br>

<span class=""style1"">規格: </span>400公克/包</p>
<span class=""style1"">產地: </span>芬蘭</p>
<span class=""style1"">保存期間:</span> 12個月<br>

<br>
<span class=""style1"">注意事項: </span><br>

請置於陰涼乾燥處避免日曬，開封後請密封冷藏，並儘早食用完畢。<br>
商品資訊若與包裝上略有差異時，以實際包裝上標示為準。<br>
<br>
過敏原資訊：本產品含麩質穀物。本生產線亦生產含牛奶製品、堅果類、芝麻及大豆的產品。","
 宅配、 超商取貨","https://www.organicshops.cc/product.aspx?id=12084","2026-07-10T06:25:50.618Z"
"12085","02138","有機三色藜麥(300G)","地中海飲食推薦","地中海飲食推薦","商品簡述：
 有機三色藜麥採有機農法栽種、無化學添加物，保留完整營養的超級穀物。","260","260","/products/12085/main.jpg","/products/12085/gallery-01.jpg","<br>
<br>
<br>
在古印加時期，安地斯人將藜麥視為黃金般珍貴，也有「五穀之母」的美譽！
藜麥的高營養價值受到聯合國農糧組織(FAO)認可，不僅富含膳食纖維，也是滿足人體基本營養需求的超級穀物。
<br>
<br>
食用方式<br>
1.洗淨後煮熟、拌入沙拉食用 <br>
2.與米飯、豆類等穀物煮成雜糧飯 <br>
※藜麥烹煮時冒白色胚芽為正常現象，請安心食用。<br>
<br>","<strong class=""style1"">原料：</strong>有機三色藜麥(有機白藜麥、有機紅藜麥、有機黑藜麥)<br>


 <strong class=""style1"">食品添加物：</strong> 無 <br>
<br>

<br><br>

  <strong class=""style1"">內容量：</strong>300公克/包<br>
  <span class=""style1""><strong>產地：</strong></span><strong>秘魯 </strong><br>
<strong class=""style1"">保存期間：</strong>12個月(係指未開封狀態且正常條件下之保存)<br>


<br>
<span class=""style1"">注意事項: </span><br>
1.內附脫氧劑，請勿食用。<br>
2.請置於陰涼乾燥處避免日曬，開封後請密封冷藏，並儘早食用完畢。
<br>
<br>
<span class=""style1"">過敏原資訊: </span>本生產線亦生產含牛奶製品、堅果類、芝麻、含麩質之穀物及大豆的產品。<br>","
 宅配、 超商取貨","https://www.organicshops.cc/product.aspx?id=12085","2026-07-10T06:25:54.712Z"
"12086","04060","有機綠豆(380G)","地中海飲食推薦","地中海飲食推薦","商品簡述：
 採友善環境耕種方式，不使用農藥、化學肥料。豆型飽滿、烹煮後口感鬆綿，適合做清涼消暑的綠豆湯，也可做成糕點、綠豆沙等。","140","98","/products/12086/main.jpg","/products/12086/gallery-01.jpg","*有機雙驗證：慈心、美國農業部USDA，雙重保障。<br>
*嚴格檢驗，拒絕農藥殘留及黃麴毒素！<br>
*顆粒完整，適合做成清涼消暑的綠豆湯，也可做成糕點、綠豆沙等。<br>
<br>

<br>驗證機構：慈心有機驗證股份有限公司<br>
證書字號：第1-009-210007號<br>

<br>

<strong class=""style1"">如何製作清涼綠豆湯：</strong><br>

1.清洗浸泡 <br>
洗淨，浸泡約至1.5倍大(約需1-2小時)，將浸泡的水倒掉。<br>
<br>
2.簡單悶煮 <br>
綠豆與水的比例約1:3，煮滾後蓋上鍋蓋悶30分鐘後，再次開火煮滾，悶30分鐘。依個人喜好調整烹煮時間，或加糖調味，即可享用清涼綠豆湯。<br>","<strong class=""style1"">產品成份：</strong>有機綠豆 <br>


 <strong class=""style1"">食品添加物：</strong> 無 <br>
<br>

<br><br>

  <strong class=""style1"">內容量：</strong>380公克/包<br>
  <span class=""style1""><strong>產地：</strong></span><strong>中國大陸 </strong><br>
<strong class=""style1"">保存期間：</strong>12個月<br>


<br>
<span class=""style1"">注意事項: </span>內附脫氧劑請勿食用<br>
<br>
<span class=""style1"">過敏原資訊: </span>本生產線亦生產含牛奶製品、堅果類、芝麻、含麩質之穀物及大豆的產品。<br>","
 宅配、 超商取貨","https://www.organicshops.cc/product.aspx?id=12086","2026-07-10T06:25:57.883Z"
"12087","08339","智利鮭魚輪切(L)(300g)","地中海飲食推薦","地中海飲食推薦","商品簡述：
 鮭魚有油脂、蛋白質及OMEGA-3，被視為優質的蛋白質來源之一。","480","480","/products/12087/main.jpg","/products/12808/gallery-01.jpg|/products/12808/gallery-02.jpg","<br>
<br>
<br>
「鮭魚」是國人熟悉且喜愛的食用魚種之一，其魚肉有油脂、蛋白質及OMEGA-3，被視為優質的蛋白質來源之一。料理方式多樣化，中、西式料理皆宜，更是國人冰箱中不可或缺的食材之一。<br>
<br>
統一生機優質鮭魚來自清澈、冰涼的智利海域，因海水溫度低，使鮭魚肉本身油脂豐富，肉質滑嫩鮮美、不乾柴，捕撈後急速冷凍，以保持魚肉的新鮮與美味。<br>
<br>
為了讓您更安心的食用，我們的鮭魚定期安排檢驗，動物用藥、重金屬及抗生素皆檢驗合格，請您與家人一同享用這五星級的美味。<br>
<br>
我們的智利鮭魚輪切厚度約2.5公分，厚度適中，料理方便，口感更佳。","<p><span class=""style1"">原料: </span>鮭魚</p>
<p><span class=""style1"">食品添加物名稱: </span>無</p>
<p><span class=""style1"">內容量:</span> 300公克/包</p>
<p><span class=""style1"">原產地: </span>智利</p>
<p><span class=""style1"">保存期間:</span> 12個月</p>

<p><span class=""style1"">保存方法及條件:</span> 
須冷凍於-18℃以下，保存期間係指未開封前在-18℃以下可保存天數，開封後請儘快食用以確保品質。</p>

<p><span class=""style1"">建議解凍方式:</span> 
使用前請將產品放於冰箱冷藏室解凍。

<br><br><span class=""style1"">加熱調理條件: </span>解凍後，使用煎、烤、蒸方式加熱至熟即可。
加熱調理條件請視實際狀況做調整。<br>

<br><span class=""style1"">過敏原資訊:</span>本產品含魚類。","
 宅配、 超商取貨","https://www.organicshops.cc/product.aspx?id=12087","2026-07-10T06:26:01.368Z"
"12093","08331","鹽漬鯖魚片","地中海飲食推薦","地中海飲食推薦","商品簡述：
 來自挪威的鯖魚，油脂豐富，輕輕一層薄鹽提升魚肉鮮美的風味不死鹹。","185","185","/products/12093/main.jpg","/products/12801/gallery-01.jpg","<br>
<br>
<br>
鯖魚是市場上CP值很高的食用魚種之一，天氣越冷鯖魚就越肥美，油脂越豐富。統一生機選用來自挪威的鯖魚，因為海域的緯度高、溫度低，鯖魚為了抵禦低溫及激烈的海流，體內蓄積豐厚的脂肪，因此魚肉油脂豐富。其EPA及DHA也較很多魚種高，營養價值高，相當適合全家人食用的魚種，攝取豐富的營養成分。<br>
<br>
鯖魚片採用薄鹽醃漬的方式，口味清淡，保留魚肉甜度，更增添一股淡淡鹹香，肉質軟嫩可口，無論香煎、烤、炸等烹調方式，都一樣美味可口，一餐一片，在家即享受餐館級日式鯖魚定食！


</p>","<p><span class=""style1"">原料:</span> 鯖魚、食鹽</p>
<p><span class=""style1"">食品添加物名稱:</span> 無  <br>
<p><span class=""style1"">規格: </span>160公克/包</p>
<p><span class=""style1"">原產地: </span>台灣</p>
<p><span class=""style1"">保存期限:</span> 12個月</p>
<br><br>

<span class=""style1"">加熱調理條件:</span>解凍後，使用煎或烤方式加熱至熟即可，
加熱調理條件請視實際狀況做調整。<br>
<br>
<p><span class=""style1"">保存方法及條件:</span>須冷凍於-18℃以下，保存期間係指未開封前在-18℃以下可保存天數，開封後請儘快食用以確保品質。<br>
<br><span class=""style1"">過敏原資訊:</span>本產品含魚類。<br>
<br><span class=""style1"">注意事項: </span>
*避免存放在高溫或日光直射處。","
 宅配、 超商取貨","https://www.organicshops.cc/product.aspx?id=12093","2026-07-10T06:26:05.438Z"
"11287","08079","白蝦(台灣養殖)","地中海飲食推薦","地中海飲食推薦","商品簡述：
 白蝦肉質Q，甜度高","390","299","/products/11287/main.jpg","/products/11287/gallery-01.jpg|/products/11287/gallery-02.jpg|/products/11287/gallery-03.jpg","<br>
<br>
<br>
篩選無病原種蝦，以室內集約室養殖，讓白蝦在無污染環境中成長，其抗生素檢驗合格，且肉質Q，甜度高。  <br>
  <br>

抗生素檢驗合格。  <br>

  <br>

<p><span class=""style1"">調理建議:</span>
水煮、清蒸、炒、紅燒。</p>","<span class=""style1"">原料: </span>  白蝦 <br>
<p><span class=""style1"">食品添加物名稱:</span> 無  <br>


<p><span class=""style1"">內容量:</span>300公克/包<br>


<p><span class=""style1"">產地:</span>台灣<br>

<p><span class=""style1"">保存期限:</span>12個月<br>
</p>

<p><span class=""style1"">保存方法及條件:
</span>須冷凍於-18℃以下，保存期間係指未開封前在-18℃以下可保存天數，開封後請儘速食用以確保品質。<br>
  <br>
<span class=""style1"">建議解凍方式:</span>使用前請將產品放於冰箱冷藏室解凍。<br>

<br><span class=""style1"">注意事項: </span><br>

1.避免存放在高溫或日光直射處。<br>
2.本產品含有蝦，不適合其過敏體質者食用。","
 宅配、 超商取貨","https://www.organicshops.cc/product.aspx?id=11287","2026-07-10T06:26:08.542Z"
"12088","08336","藻晨雞(雞胸)","地中海飲食推薦","地中海飲食推薦","商品簡述：
 口感較為紮實，飼養時間長，雞隻發育較好，較一般肉雞更有風味","159","127","/products/12088/main.jpg","/products/12088/gallery-01.jpg|/products/12088/gallery-02.jpg","<br>
<br>
<br>



<br>
1.乾煎水嫩雞胸<br>
<iframe width=""560"" height=""315"" src=""https://www.youtube.com/embed/jSnt-EFebOU"" frameborder=""0"" allow=""accelerometer; autoplay; clipboard-write; encrypted-media; gyroscope; picture-in-picture"" allowfullscreen></iframe><br>
<br>
<br>
2.咖哩甜薯燉雞胸<br>
<iframe width=""560"" height=""315"" src=""https://www.youtube.com/embed/2G1S6756onM?start=7"" title=""YouTube video player"" frameborder=""0"" allow=""accelerometer; autoplay; clipboard-write; encrypted-media; gyroscope; picture-in-picture"" allowfullscreen></iframe>
<br><br>
<br>
3.香蒜義大利麵佐嫩煎雞胸<br>
<iframe width=""560"" height=""315"" src=""https://www.youtube.com/embed/glV4BKBKYVo"" title=""YouTube video player"" frameborder=""0"" allow=""accelerometer; autoplay; clipboard-write; encrypted-media; gyroscope; picture-in-picture"" allowfullscreen></iframe>


</P>
產品介紹：<br>
1. 豐富且專業的飼養經驗：牧場以專業家禽養殖業起家，具30年以上專業養殖技術，從傳統養殖技術到現在輔以科技化資訊養殖。<br>
<br>
2. 飲食：<br>
   (1)飼料添加益生菌及小球藻，幫助雞隻健康。<br>
飼料與專業的合格飼料廠合作，飼料內添加與南台科技大學生物系褚俊傑教授研究的小球藻，用以增強雞隻抵抗力。<br>
   (2)飼料逐批檢驗，包括動物用藥及抗生素檢驗，以確認雞隻食用的安全。<br>
   (3)水源為自來水，自來水需經軟水系統層層過濾後，才可給雞隻飲用。<br>
<br>
3. 智能化自動環控系統：<br>
   (1)禽舍位於雲林鄉間，牧場周圍無工業活動，環境單純。<br>
   (2)六星級禽舍，採用各項高科技設備管理禽舍的軟、硬體環境，並透過各項大數據資料監控雞群的生長狀況。<br>
*噴霧及水濂降溫設備進行自動溫濕度控制。<br>
*自動化給料給水設備，經由大數據了解雞群的飲水量、飼食量，監控雞群的生長狀況。<br>
   (3)定時播放音樂，穩定雞隻情緒。<br>
   (4)雞隻採走地式飼養，提供充足的活動空間。<br>
   (5)在地上鋪稻穀，除可吸收糞便中水氣外，避免場內潮濕，亦可做為雞隻沙浴的替代物，讓雞隻保有天性與維持毛皮清潔。<br>
<br>
4. 專業屠宰：<br>
   (1)熟齡飼養(飼養12週左右)。<br>
   (2)經由專業、合法電宰場屠宰，全程低溫作業並經駐場獸醫師檢驗合格。<br>
   (3)產品採用急速冷凍，保存雞肉最新鮮的狀態。<br>
<br>
5. 產銷履歷：<br>
   (1)從育種－>孵化－>養殖－>屠宰－>包裝－>出貨，專業一條龍作業<br>
   (2)履歷生產從生產、運輸、銷售到消費者手中，皆可追蹤。從產地到餐桌資訊透明看得見。","<p><span class=""style1"">原料: </span>雞肉</p>
<p><span class=""style1"">食品添加物名稱: </span>無</p>
<p><span class=""style1"">內容量:</span> 200g/包</p>
<p><span class=""style1"">原產地: </span>台灣</p>
<p><span class=""style1"">保存期間:</span> 12個月</p>

<p><span class=""style1"">注意事項(含保存條件):</span> <br>
1.須冷凍於-18℃以下，保存期間係指未開封前在-18℃以下可保存天數，開封後請儘快食用以確保品質</p>
2.避免存放在高溫或日光直射處<br>

<p><span class=""style1"">加熱調理條件:</span> 解凍後，適合煮湯、燉煮、炒、炸、蒸等料理方式，完全加熱後即可食用。<br>
加熱調理條件請視實際狀況做調整。<br>



<br><span class=""style1"">過敏原資訊: </span>無</p>","
 宅配、 超商取貨","https://www.organicshops.cc/product.aspx?id=12088","2026-07-10T06:26:13.660Z"
"12089","08295","瓜瓜園 冰烤蕃薯","地中海飲食推薦","地中海飲食推薦","商品簡述：
 *嚴選台農57號地瓜，冷熱都好吃
*在地嚴選 產地直送
*地瓜已清洗，連皮吃更健康
*通過慈悅100%無添加潔淨標章","219","199","/products/12089/main.jpg","/products/12089/gallery-01.jpg|/products/12089/gallery-02.jpg","特選瓜瓜園農場優質台農57號黃地瓜，從種植端的健康種苗培育、栽種、專業採收部門、原料妥善儲存分級完全、清洗與妥善包裝，再透過嚴格專業的控管烘烤加工製程，緊密的產製銷存一條龍技術才可製作出瓜瓜園獨家冰烤蕃薯。<br><br>

連皮都可以直接吃，冰熱兩吃，冰著吃口感Q軟，綿綿像冰淇淋/熱著吃綿密鬆滑，香甜暖胃，加熱方式超方便， 蒸/烤/微波皆可！


<br><br>
<br>
*嚴選台農57號地瓜，冷熱都好吃<br>
*在地嚴選 產地直送<br>
*地瓜已清洗，連皮吃更健康<br>
*通過慈悅100%無添加潔淨標章<br>
<br>
食用方式：<br>
熱食：<br>
(1)	微波爐：取出2-3條本產品，營業型微波爐加熱約70秒/1400W，家用型微波爐加熱約150秒/700W。<br>
(2)	烤箱：使用烤箱加熱時，務必將本產品完全解凍後再放入加熱4-6分鐘即可。<br>
<br>
冷食：本產品解凍後30分鐘即可冰冰涼涼的吃，別有一番風味。 




<br>
<br>

<span class=""style1"">製造廠商資訊: </span><br>
製造商名稱：瓜瓜園企業股份有限公司<br>
製造商地址: 台南市新化區中正路１２７巷３１號<br>
製造商電話: ０６－５９０２２３３<br>
食品業者登錄字號：Ｄ－１２７６５５５７０－０００００－８<br>
產品責任險:本公司商品已投保 新光 產物產品責任保險-保單號碼130713AKP0000307","<span class=""style1"">原料: </span>甘藷<br>
 <span class=""style1"">食品添加物名稱: </span>無<br>


<span class=""style1"">規格: </span>1000公克<br>

<span class=""style1"">產地: </span>台灣<br>


<br>


<br>

<span class=""style1"">保存期限: </span>24個月<br>
<span class=""style1"">保存條件: </span>-18℃以下冷凍保存<br>


<span class=""style1"">注意事項：</span><br>
1.	本產品經過清洗及烘烤加工，可連皮食用。<br>
2.	本產品切口處若呈現黑白色，為乳汁氧化之自然現象，請安心食用。<br>
3.	建議調理條件請依照不同機型進行時間及溫度的調整。<br>
4.	本產品表面可能產生白色結晶物質，此為甘藷烘烤後自然糖分結晶，敬請安心食用。

<br><br>



<p><span class=""style1"">加熱調理條件:</span> <br>
熱食：<br>
(1)	微波爐：取出2-3條本產品，營業型微波爐加熱約70秒/1400W，家用型微波爐加熱約150秒/700W。<br>
(2)	烤箱：使用烤箱加熱時，務必將本產品完全解凍後再放入加熱4-6分鐘即可。<br>
<br>
冷食：本產品解凍後30分鐘即可冰冰涼涼的吃，別有一番風味。","
 宅配、 超商取貨","https://www.organicshops.cc/product.aspx?id=12089","2026-07-10T06:26:17.959Z"
"12091","55164","祥亮 冷凍青花菜(1Kg/袋)","地中海飲食推薦","地中海飲食推薦","商品簡述：
 冷凍蔬菜讓忙碌現代人更容易補充蔬食營養
免切免洗 保存時間長 營養不打折
分量好控制 用更少的時間準備好餐點

*本商品目前流通兩種包裝，皆為正規販售產品，內容物、規格與品質一致，請安心選購，實際出貨以現行庫存包裝為準","109","109","/products/12091/main.jpg","/products/12091/gallery-01.jpg|/products/12091/gallery-02.jpg|/products/12091/gallery-03.jpg|/products/12091/gallery-04.jpg","<br>
<br>
<br>
冷凍蔬菜讓忙碌現代人更容易補充蔬食營養<br>
免切免洗 保存時間長 營養不打折<br>
分量好控制 用更少的時間準備好餐點<br><br>

冷凍蔬菜經過殺菁處理，約5-8分熟狀態，須充分加熱才能食用，可微波、快炒、汆燙，不須過度烹調保留蔬菜營養。

<br>
<br>
定期安排檢驗，放心吃安心吃<br>
<br>

<br>
<br>

<span class=""style1"">製造廠商資訊: </span><br>
負責廠商名稱：祥亮行銷事業股份有限公司<br>
負責廠商地址：新北市林口區宏昌街66號<br>
負責廠商電話：02-2601-9039<br>
食品業者登錄字號：A-170361771-00000-0<br>
產品責任險：本公司商品已投保國泰世紀產物保險股份有限公司產品責任保險-保單號碼1501字第13PD01194號","<span class=""style1"">原料: </span>青花菜<br>
 <span class=""style1"">食品添加物名稱: </span>無<br>


<span class=""style1"">規格: </span>1Kg/袋<br>

<span class=""style1"">產地: </span>中國<br>


<br>


<br>

<span class=""style1"">保存期限: </span>24個月<br>

<span class=""style1"">注意事項(含保存條件)：</span>須冷凍-18℃以下，解凍後勿重新冷凍<br>

<span class=""style1"">加熱調理條件: </span>
不須解凍，可直接烹調，可依個人喜好而調整份量及加熱時間<br>
              微波加熱：將包裝封口打開，放入微波爐，專業型按7；家用型(600-800W)，加熱2分鐘。<br>
              快炒調理：直接+下鍋，待水分收乾後，加入其他配料拌炒完成。<br>
              熱水汆燙：水煮沸後，將產品下鍋，約2-3分鐘即可起鍋。

<br>


<p><span class=""style1"">過敏原資訊:</span>無
 <br>","
 宅配、 超商取貨","https://www.organicshops.cc/product.aspx?id=12091","2026-07-10T06:26:22.005Z"
"12092","55200","天時莓果-冷凍野生藍莓","地中海飲食推薦","地中海飲食推薦","商品簡述：
 來自加拿大的野生藍莓，果實大小是栽種藍莓的一半，相較於栽種藍莓皮較厚實。
推薦給3C族、素食以及健身愛好者，IQF冷凍技術讓莓果冷凍不結塊，單獨加入優格、麥片、生菜沙拉或是打果汁都很適合。","229","229","/products/12092/main.jpg","/products/12092/gallery-01.jpg","<br>
<br>
野生藍莓果實是栽種藍莓的一半大小，相較於栽種藍莓皮較厚實，推薦給3C族、素食以及健身愛好者<br>
<br>
<br>
<br>
IQF冷凍技術讓莓果冷凍不結塊，單獨加入優格、麥片、生菜沙拉或是打果汁都很適合<br>
<br>
<br>
<br>
野生藍莓:小顆、味酸、皮厚，適合用於果汁<br>
栽種藍莓:大顆、味甜、皮薄，適合使用於添加在麥片、優格、生菜沙拉中
1.	來自加拿大的野生藍莓，果實大小是栽種藍莓的一半，相較於栽種藍莓皮較厚實。推薦給3C族、素食以及健身愛好者，IQF冷凍技術讓莓果冷凍不結塊，單獨加入優格、麥片、生菜沙拉或是打果汁都很適合。<br><br>
2.	莓果在急速冷凍前已挑選，多次清洗過，不需清洗，置放2~3分鐘後可直接食用。退冰後會產生些許莓果汁為正常現象，可安心食用。<br><br>
3.	每次吃多少就用乾淨湯匙取多少出來，避免產品反覆失溫回凍。


<br>
<br>

<span class=""style1"">製造廠商資訊: </span><br>
製造商名稱: 天時國際實業有限公司<br>
製造商地址: 台北市內湖區瑞光路76巷16號1樓<br>
製造商電話: 02-87928860<br>
食品業者登錄字號：A-124577094-00000-6<br>
產品責任險:本公司商品已投保新光產物產品責任保險-保單號碼130010AKP0000439","<span class=""style1"">原料: </span>冷凍野生藍莓<br>
 <span class=""style1"">食品添加物名稱: </span>無<br>


<span class=""style1"">規格: </span>400公克<br>

<span class=""style1"">產地: </span>加拿大<br>


<br>


<br>

<span class=""style1"">保存期限: </span>18個月<br>

<span class=""style1"">注意事項(含保存條件)：</span>冷凍-18℃保存<br>




<p><span class=""style1"">過敏原資訊:</span>無
 <br>","
 宅配、 超商取貨","https://www.organicshops.cc/product.aspx?id=12092","2026-07-10T06:26:28.061Z"
"11869","02152","有機大燕麥片(400g)","隔夜燕麥片專區","隔夜燕麥片專區","商品簡述：
 嚴選自北歐芬蘭產地，透過有機栽種產出高品質燕麥。不經過化學藥物薰蒸及食輻照射來延長保存，安心享受穀物原始美好。即沖即食，每日纖食的好選擇!","150","150","/products/12084/main.jpg","/products/12084/gallery-01.jpg|/products/12084/gallery-02.jpg","<br>
<br>
<br>
穀片適中，略帶嚼勁，沖泡牛奶、豆漿或穀粉即可食用。<br>
<br>
<p><span class=""style1"">驗證機構：</span>慈心有機驗證股份有限公司<br>
<p><span class=""style1"">證書字號：</span>第1-009-210007號","<p><span class=""style1"">原料：</span>有機大燕麥片<br>

<br>
<span class=""style1"">食品添加物: </span>無</p>

<br><br>

<span class=""style1"">規格: </span>400公克/包</p>
<span class=""style1"">產地: </span>芬蘭</p>
<span class=""style1"">保存期間:</span> 12個月<br>

<br>
<span class=""style1"">注意事項: </span><br>

請置於陰涼乾燥處避免日曬，開封後請密封冷藏，並儘早食用完畢。<br>
商品資訊若與包裝上略有差異時，以實際包裝上標示為準。<br>
<br>
過敏原資訊：本產品含麩質穀物。本生產線亦生產含牛奶製品、堅果類、芝麻及大豆的產品。","
 宅配、 超商取貨","https://www.organicshops.cc/product.aspx?id=11869","2026-07-10T06:26:31.476Z"
"12815","02153","有機細燕麥片(400g)","隔夜燕麥片專區","隔夜燕麥片專區","商品簡述：
 嚴選自北歐芬蘭產地，透過有機栽種產出高品質燕麥。不經過化學藥物薰蒸及食輻照射來延長保存，安心享受穀物原始美好。細薄好入口，更適合長輩及兒童!","150","150","/products/12815/main.jpg","/products/12815/gallery-01.jpg|/products/12815/gallery-02.jpg","<br>
<br>
<br>
穀片細薄，口感綿密，快速沖泡易軟，適合老幼及牙口不佳族群。<br>
<br>
<p><span class=""style1"">驗證機構：</span>慈心有機驗證股份有限公司<br>
<p><span class=""style1"">證書字號：</span>第1-009-210007號","<p><span class=""style1"">原料：</span>有機細燕麥片<br>

<br>
<span class=""style1"">食品添加物: </span>無</p>

<br><br>

<span class=""style1"">規格: </span>400公克/包</p>
<span class=""style1"">產地: </span>芬蘭</p>
<span class=""style1"">保存期間:</span> 12個月<br>

<br>
<span class=""style1"">注意事項: </span><br>

請置於陰涼乾燥處避免日曬，開封後請密封冷藏，並儘早食用完畢。<br>
商品資訊若與包裝上略有差異時，以實際包裝上標示為準。<br>
<br>
過敏原資訊：本產品含麩質穀物。本生產線亦生產含牛奶製品、堅果類、芝麻及大豆的產品。","
 宅配、 超商取貨","https://www.organicshops.cc/product.aspx?id=12815","2026-07-10T06:26:35.777Z"
"12904","02135","脆穀優果麥片-經典優果","隔夜燕麥片專區","隔夜燕麥片專區","商品簡述：
 脆脆穀粒加上燕麥片、果乾、堅果等，口感豐富，是嘗試穀物麥片的入門好選擇。","199","199","/products/12904/main.jpg","/products/12904/gallery-01.jpg","<br>
<br>
<br>
Granola是近年火紅竄起的後起之秀，膨發後的穀粒加上燕麥片、果乾、堅果等，再加上些許蔗糖進行烘烤，口感豐富，有穀粒的酥脆感、加上果乾酸甜及堅果迷人香氣，加入牛奶也不易軟爛，也很適合加在優格、沙拉上，更可以直接當成零嘴解饞。","<p><span class=""style1"">原料: </span>燕麥、葡萄乾(葡萄、棕櫚油)、蔗糖、黑麥、米(白米、糙米)、椰子油、椰子粉、蔓越莓乾(蔓越莓、蔗糖、葵花油)、麥芽糖漿、小麥、玉米澱粉、玉米(非基因改造)、杏仁、食鹽、碳酸鈣、大豆卵磷脂、抗氧化劑(混合濃縮生育醇、大豆油)<br>
<br>
<p><span class=""style1"">食品添加物: </span>碳酸鈣、混合濃縮生育醇</p>
<br>
<br><br>

<p><span class=""style1"">內容量: </span> 240公克/包</p>
<p><span class=""style1"">產地: </span> 台灣</p>
<p><span class=""style1"">保存期限: </span>12個月<br>

<br>



<p><span class=""style1"">注意事項：</span> 請置於陰涼處，避免日曬；開封後請密封冷藏保存，並請儘快食用完畢。<br>
<br>
<p><span class=""style1"">過敏原資訊：</span> 本產品含有堅果、含有麩質的穀類和大豆製品，不適合對其過敏體質者食用。","
 宅配、 超商取貨","https://www.organicshops.cc/product.aspx?id=12904","2026-07-10T06:26:39.840Z"
"12903","02136","脆穀優果麥片-香甜紫藷","隔夜燕麥片專區","隔夜燕麥片專區","商品簡述：
 脆脆穀粒加上燕麥片、果乾、堅果等，口感豐富，是嘗試穀物麥片的入門好選擇。","199","199","/products/12903/main.jpg","/products/12903/gallery-01.jpg","<br>
<br>
<br>
Granola是近年火紅竄起的後起之秀，膨發後的穀粒加上燕麥片、果乾、堅果等，再加上些許蔗糖進行烘烤，口感豐富，有穀粒的酥脆感、加上果乾酸甜及堅果迷人香氣，加入牛奶也不易軟爛，也很適合加在優格、沙拉上，更可以直接當成零嘴解饞。","<p><span class=""style1"">原料: </span>燕麥、紫甘藷、米(白米、糙米)、蔗糖、椰子油、葡萄乾(葡萄、棕櫚油)、小麥、椰子粉、麥芽糖漿、黑麥、玉米(非基因改造)、蔓越莓乾(蔓越莓、蔗糖、葵花油)、鳳梨乾(鳳梨、蔗糖、檸檬酸)、木瓜乾(木瓜、蔗糖)、杏仁、食鹽、碳酸鈣、大豆卵磷脂、抗氧化劑(混合濃縮生育醇、大豆油)<br>
<br>
<p><span class=""style1"">食品添加物: </span>碳酸鈣、混合濃縮生育醇</p>
<br>
<br><br>

<p><span class=""style1"">內容量: </span> 240公克/包</p>
<p><span class=""style1"">產地: </span> 台灣</p>
<p><span class=""style1"">保存期限: </span>12個月<br>

<br>
<span class=""style1"">注意事項：</span> 請置於陰涼處，避免日曬；開封後請密封冷藏保存，並請儘快食用完畢。<br>
<br>
<p><span class=""style1"">過敏原資訊：</span> 本產品含有堅果、含有麩質的穀類和大豆製品，不適合對其過敏體質者食用。","
 宅配、 超商取貨","https://www.organicshops.cc/product.aspx?id=12903","2026-07-10T06:26:42.972Z"
"12902","021352","脆穀優果麥片經典優果+香甜紫藷兩件組","隔夜燕麥片專區","隔夜燕麥片專區","商品簡述：
 02135脆穀優果麥片-經典優果1包+
02136脆穀優果麥片-香甜紫藷1包
以上商品共2件 $199","398","199","/products/12902/main.jpg","/products/12902/gallery-01.jpg","02135脆穀優果麥片-經典優果:<br>
<br>
<br>
<br>
<br>
--------------------------------------------<br>
02136脆穀優果麥片-香甜紫藷:<br>
<br>
<br>
<br>
02135脆穀優果麥片-經典優果:<br>
Granola是近年火紅竄起的後起之秀，膨發後的穀粒加上燕麥片、果乾、堅果等，再加上些許蔗糖進行烘烤，口感豐富，有穀粒的酥脆感、加上果乾酸甜及堅果迷人香氣，加入牛奶也不易軟爛，也很適合加在優格、沙拉上，更可以直接當成零嘴解饞。

<br>
--------------------------------------------<br>
02136脆穀優果麥片-香甜紫藷:<br>
Granola是近年火紅竄起的後起之秀，膨發後的穀粒加上燕麥片、果乾、堅果等，再加上些許蔗糖進行烘烤，口感豐富，有穀粒的酥脆感、加上果乾酸甜及堅果迷人香氣，加入牛奶也不易軟爛，也很適合加在優格、沙拉上，更可以直接當成零嘴解饞。","02135脆穀優果麥片-經典優果:<br>
<p><span class=""style1"">原枓: </span>燕麥、葡萄乾(葡萄、棕櫚油)、蔗糖、黑麥、米(白米、糙米)、椰子油、椰子粉、蔓越莓乾(蔓越莓、蔗糖、葵花油)、麥芽糖漿、小麥、玉米澱粉、玉米(非基因改造)、杏仁、食鹽、碳酸鈣、大豆卵磷脂、抗氧化劑(混合濃縮生育醇、大豆油)<br>
<br>
<p><span class=""style1"">食品添加物: </span>碳酸鈣、混合濃縮生育醇</p>
<br>
<br><br>

<p><span class=""style1"">內容量: </span> 240公克/包</p>
<p><span class=""style1"">產地: </span> 台灣</p>
<p><span class=""style1"">保存期限: </span>12個月<br>


--------------------------------------------<br>
02136脆穀優果麥片-香甜紫藷:<br>
<p><span class=""style1"">原枓: </span>燕麥、紫甘藷、米(白米、糙米)、蔗糖、椰子油、葡萄乾(葡萄、棕櫚油)、小麥、椰子粉、麥芽糖漿、黑麥、玉米(非基因改造)、蔓越莓乾(蔓越莓、蔗糖、葵花油)、鳳梨乾(鳳梨、蔗糖、檸檬酸)、木瓜乾(木瓜、蔗糖)、杏仁、食鹽、碳酸鈣、大豆卵磷脂、抗氧化劑(混合濃縮生育醇、大豆油)<br>
<br>
<p><span class=""style1"">食品添加物: </span>碳酸鈣、混合濃縮生育醇</p>
<br>
<br><br>

<p><span class=""style1"">內容量: </span> 240公克/包</p>
<p><span class=""style1"">產地: </span> 台灣</p>
<p><span class=""style1"">保存期限: </span>12個月<br>
<br>

<p><span class=""style1"">注意事項：</span> 請置於陰涼處，避免日曬；開封後請密封冷藏保存，並請儘快食用完畢。<br>
<br>
<p><span class=""style1"">過敏原資訊：</span> 本產品含有堅果、含有麩質的穀類和大豆製品，不適合對其過敏體質者食用。","
 宅配、 超商取貨","https://www.organicshops.cc/product.aspx?id=12902","2026-07-10T06:26:46.022Z"
"12097","24911","有機無加糖豆漿(箱)免運","隔夜燕麥片專區","隔夜燕麥片專區","商品簡述：
 有機黃豆增量15%！(與原配方相比)
口感升級，濃厚順口！蛋白質、濃度UP！
我們用心所以從原料源頭把關-採用美國有機非基改黃豆，作成豆漿。
避免基改及廉價混黃豆，安全又安心！","936","699","/products/12097/main.jpg","/products/12097/gallery-01.jpg","<br>
<br>
<br>
目前市售有許多強調健康的一般豆漿，但是，為什麼統一生機要堅持作「有機」豆漿呢 ? <br>
<br>
*一般市售豆漿:<br>
台灣黃豆多數來自進口有9成是基改黃豆，在種植過程中不僅使用化學肥料施肥，更大量噴灑農藥、除草劑，其中廣泛使用嘉磷塞(俗稱年年春)，也會殘留在豆子中，作成豆漿反而對身體危害更大。
<br><br>
*因我們用心所以從原料源頭把關-採用美國有機非基改黃豆,作成豆漿。避免基改及廉價混黃豆，安全又安心。<br>
<br>
堅持一: 使用有機IP黃豆，飲用起來香醇味十足。<br>
*美國有機IP(Identity Preserved)黃豆，何謂有機IP(Identity Preserved)黃豆，是指種子經挑選、 種植、運輸、加工，保持原始基因特性，更能確保黃豆純正品種。<br><br>

堅持二: NO.1有機黃豆採玻璃瓶裝，冷熱皆適飲。<br>
*美國NO.1一級黃豆:在美國對黃豆的判定區分為U.S. NO.1~NO.4四級，NO.1為品質優良的黃豆，而台灣對於黃豆的判定標準分為CNS一~四級，僅有一跟二級才可作為糧食，統一生機所用皆為NO.1的有機黃豆，都是食品級非混豆或飼料豆。<br>
<br>
玻璃瓶裝:冬天可置於保溫箱，夏天可置於冷藏冰箱，冷熱皆宜。<br>
<br>
驗證機構：財團法人和諧有機農業基金會<br>
驗證證書字號：1-010-300755","<span class=""style1"">原料:</span>
水、有機黃豆(美國)<br>
<br>
<span class=""style1"">食品添加物:</span>
無<br>
<br>
<br><br>

<span class=""style1"">保存期間:</span>12個月<br>
<br>
<span class=""style1"">規格:</span>每瓶245毫升/  24瓶/箱<br>
<span class=""style1"">產地:</span>台灣<br>
<br><span class=""style1"">注意事項: </span>
玻璃瓶裝:冬天可置於保溫箱,夏天可置於冷藏冰箱,冷熱皆宜。<br>
<br><span class=""style1"">過敏原資訊:</span>無","
 宅配","https://www.organicshops.cc/product.aspx?id=12097","2026-07-10T06:26:49.099Z"
"9545","01151","果然優綜合堅果","隔夜燕麥片專區","隔夜燕麥片專區","商品簡述：
 低溫輕烘焙，原味不添加
堅果可滋補強身、增強體力","400","400","/products/12082/main.jpg","/products/12082/gallery-01.jpg","</P>
</P>
</P>
</P>
<p>
「核桃、杏仁、腰果、南瓜子」加「葡萄乾、蔓越莓乾」，口感更豐富、營養更全面。<br>
■精選各主要產地原料，穩定進櫃、倉內溫控保鮮<br>
■堅持「低溫輕烘焙、原味不添加」，保留食材營養價值，吃出食物自然、健康的原始香甜滋味。<br>
採用環保鐵罐，完整密封鎖住食材原有風味，並充填氮氣，開封即可感受鮮度，提供更優良的賞味品質與營養保存，吃健康護地球！<br>
<br>
*低溫輕烘焙，原味，營養價值保留。<br>
*不添加防腐劑、甜味劑、漂白劑。<br>
<br>
核桃：高比例完整顆粒，非一般碎核桃，口感視覺都滿分。<br>
杏仁：USDA Extra NO.1等級大顆粒杏仁，精選品種，具獨特香氣與風味。<br>
腰果：果仁完整飽滿、色澤潤白，風味清香甘甜。<br>
南瓜子：飽滿翠綠完整大顆粒南瓜子，風味獨特。<br>
葡萄乾：大顆粒皮薄飽滿果肉，口感Q彈有嚼勁。<br>
蔓越莓乾：保留原汁，酸中帶甜好滋味。<br>
<br>

<strong>「果然優綜合堅果」</strong>採用源自產地的核桃、杏仁、腰果、南瓜子、葡萄乾、蔓越莓乾，穩定頻繁的原料進櫃、倉內溫控保鮮、嚴謹的生產流程、致力強化品質，充份保留營養價值，讓您吃出食物自然、健康的原始香甜滋味，帶給您安全無虞的「<strong>樂活果實。</strong>」</p><br>

<iframe width=""560"" height=""315"" src=""https://www.youtube.com/embed/HlDphRig0yY"" frameborder=""0"" allow=""accelerometer; autoplay; encrypted-media; gyroscope; picture-in-picture"" allowfullscreen></iframe>
<br>

<iframe width=""560"" height=""315"" src=""https://www.youtube.com/embed/cninh-Nl7vo?rel=0"" frameborder=""0"" allowfullscreen></iframe>
<br>


<iframe width=""560"" height=""315"" src=""https://www.youtube.com/embed/7i4haFvDtdw"" frameborder=""0"" allow=""accelerometer; autoplay; encrypted-media; gyroscope; picture-in-picture"" allowfullscreen></iframe>","<p><span class=""style1"">原料:</span> 葡萄乾(葡萄乾、葵花油)、核桃、杏仁、腰果、南瓜子、蔓越莓乾(蔓越莓、蔗糖、葵花油)。<br>
<br>


<br>
<span class=""style1"">箱裝:</span> 依實際標示所示</p>



<p><span class=""style1"">食品添加物:</span> 無</p>
<p><span class=""style1"">內容量:</span> 360公克/罐</p>
<p><span class=""style1"">產地:</span> 台灣</p>
<p><span class=""style1"">保存期限:</span> 12個月(係指未開封狀態且正常條件下之保存)</p><br>

<p><span class=""style1"">保存條件:</span> </p>
1. 請置於陰涼乾燥處避免日照，冷藏保存尤佳。<br>
2. 開封後未食用完需冷藏，並儘快食用完畢。<br>
<br>

<p><span class=""style1"">注意事項:</span> </p>
1. 內有脫氧劑、乾燥劑，請勿食用。<br>
2. 開罐及取用時請留意拉環與開口邊緣。<br>
<br>

<p><span class=""style1"">過敏原資訊:</span> </p>
本產品含堅果及種子類。本生產線亦生產含牛奶製品、芝麻、含麩質之穀類及大豆的產品。
 <br>","
 宅配、 超商取貨","https://www.organicshops.cc/product.aspx?id=9545","2026-07-10T06:26:52.372Z"
"11866","01161","果然優全堅果","隔夜燕麥片專區","隔夜燕麥片專區","商品簡述：
 高價值堅果組合，低溫輕烘焙，原味不添加。","490","490","/products/11866/main.jpg","/products/11866/gallery-01.jpg","</P>
</P>
</P>
</P>
每日飲食指南建議需攝取堅果種子類一份，您吃了嗎？ <br>
 <br>
選用源自各主要產地的堅果界四大天王：「杏仁、腰果、核桃、榛果」，再搭配上超人氣的「夏威夷果」，五款高價值堅果原料，極品饗宴，輕鬆滿足每日需求。 <br>
*精選各主要產地原料，穩定進櫃、倉內溫控保鮮 <br>
*堅持「低溫輕烘焙、原味不添加」，保留食材營養價值，吃出食物自然、健康的原始香甜滋味。 <br>
採用環保鐵罐，完整密封鎖住食材原有風味，並充填氮氣，開封即可感受鮮度，提供更優良的賞味品質與營養保存，吃健康護地球！ <br>
 <br>
*低溫輕烘焙，原味，營養價值保留。 <br>
*不添加防腐劑、甜味劑、漂白劑。 <br>
 <br>
核桃：高比例完整顆粒，非一般碎核桃，口感視覺都滿分。 <br>
杏仁：USDA Extra NO.1等級大顆粒杏仁，精選品種，具獨特香氣與風味。 <br>
腰果：果仁完整飽滿、色澤潤白，風味清香甘甜。 <br>
榛果：保留具有營養價值的外皮更難得，香氣十足。 <br>
夏威夷果：整顆入口散發淡淡奶香，一吃就愛上。<br>
<br>

低溫輕烘焙 原味不添加 <br>
使用環保鐵罐 完整密封 充氮保鮮 提供優良賞味品質與營養保留更完整。<br>

<br>

<iframe width=""560"" height=""315"" src=""https://www.youtube.com/embed/HlDphRig0yY"" frameborder=""0"" allow=""accelerometer; autoplay; encrypted-media; gyroscope; picture-in-picture"" allowfullscreen></iframe>","<p><span class=""style1"">原料</span>：杏仁、腰果、核桃、榛果、夏威夷果</p>
<p><span class=""style1"">食品添加物名稱</span>：無</p>

<BR><br>
<span class=""style1"">箱裝</span>：依實際標示所示<br>

<br>
<span class=""style1"">規格</span>：300公克/罐</p>

<p><span class=""style1"">產地</span>：台灣</p>

<p><span class=""style1"">保存期限</span>：12個月(係指未開封狀態且正常條件下之保存)</p>
<br>
<span class=""style1"">保存條件:</span><br>
1. 請置於陰涼乾燥處避免日照，冷藏保存尤佳。<br>
2. 開封後未食用完需冷藏，並儘快食用完畢。<br>
<br>

<p><span class=""style1"">注意事項</span>：<br>

1. 內有脫氧劑，請勿食用。<br>
             2. 開罐及取用時請留意拉環與開口邊緣。<br>
<br>
<p><span class=""style1"">過敏原資訊</span>：本產品含堅果。本生產線亦生產含牛奶製品、芝麻、含麩質之穀類、大豆及種子類的
             產品。","
 宅配、 超商取貨","https://www.organicshops.cc/product.aspx?id=11866","2026-07-10T06:26:55.532Z"
"11872","01194","果然優杏仁","隔夜燕麥片專區","隔夜燕麥片專區","商品簡述：
 精選USDA Extra No.1等級，大顆粒果實，精選品種，具獨特香氣與風味","220","220","/products/11872/main.jpg","/products/11872/gallery-01.jpg","<br>
<br>
<br>
*精選品種、等級、顆粒<br>
*低溫輕烘焙、原味，保留營養<br>
*不添加防腐劑、漂白劑、甜味劑<br>
<br>
選用產地好滋味杏仁，散發杏仁香氣，其纖維含量高，是補充營養的良好來源。<br><br>
<span class=""style1"">食用方式</span><br>
*當成點心食用，補充每日營養<br>
*加入生機食材做成生菜沙拉，或打成精力湯<br>
*加入豆類、穀類等，打成豆漿、穀奶 <br>
*加入其他食材做成堅果饅頭、堅果麵包等<br>","<span class=""style1"">原料:</span> 杏仁<br>
<span class=""style1"">產地:</span> 台灣<br>
<span class=""style1"">保存期間:</span> 12個月(係指未開封狀態且正常條件下之保存)<br>

<span class=""style1"">規格:</span> 150g/袋<br>
<p><span class=""style1"">食品添加物:</span> 無</p>
<br>
<span class=""style1"">營養標示</span><br>
<br>
<br>
<p><span class=""style1"">注意事項</span>：<br>
* 置於陰涼乾燥處避免日照，冷藏保存尤佳 <br>
* 開封後未食用完需冷藏並儘快食用完畢 <br>
* 內有脫氧劑，請勿食用 <br>
<br>
<p><span class=""style1"">過敏原資訊：</span>本產品含堅果。本生產線亦生產含牛奶製品、芝麻、含麩質之穀類、大豆及種子類的產品。","
 宅配、 超商取貨","https://www.organicshops.cc/product.aspx?id=11872","2026-07-10T06:26:58.749Z"
"11873","01195","果然優腰果","隔夜燕麥片專區","隔夜燕麥片專區","商品簡述：
 精選果仁完整飽滿之腰果，色澤潤白、風味清香甘甜。","220","220","/products/11873/main.jpg","/products/11873/gallery-01.jpg","<br>
<br>
<br>
*精選顆粒完整的飽滿果仁<br>
*低溫輕烘焙、原味，保留營養<br>
*不添加防腐劑、漂白劑、甜味劑

腰果味道甘甜，清脆可口，除了作為精力湯食材外，亦可當成零嘴食用或加工烤焙成其他食品。<br><br>
<span class=""style1"">食用方式</span><br>
*當成點心食用，補充每日營養<br>
*加入生機食材做成生菜沙拉，或打成精力湯<br>
*加入豆類、穀類等，打成豆漿、穀奶 <br>
*加入其他食材做成堅果饅頭、堅果麵包等<br>","<span class=""style1"">原料:</span> 腰果<br>
<span class=""style1"">產地:</span>台灣<br>
<span class=""style1"">保存期間:</span> 12個月(係指未開封狀態且正常條件下之保存)<br>

<span class=""style1"">規格:</span> 150g/袋<br>
<p><span class=""style1"">食品添加物:</span> 無</p>
<br>
<span class=""style1"">營養標示</span><br>


<p><span class=""style1"">注意事項</span>：<br>
* 置於陰涼乾燥處避免日照，冷藏保存尤佳 <br>
* 開封後未食用完需冷藏並儘快食用完畢 <br>
* 內有脫氧劑，請勿食用 <br>
<br>
<p><span class=""style1"">過敏原資訊：</span>本產品含堅果。本生產線亦生產含牛奶製品、芝麻、含麩質之穀類、大豆及種子類的產品。","
 宅配、 超商取貨","https://www.organicshops.cc/product.aspx?id=11873","2026-07-10T06:27:02.194Z"
"11867","01205","無調味綜合堅果隨手包","隔夜燕麥片專區","隔夜燕麥片專區","商品簡述：
 *獨立包裝、攜帶方便，隨時隨地補充每日營養
*低溫輕烘焙、無調味、充填氮氣保鮮
*非油炸/不添加防腐劑/甜味劑/漂白劑/人工色素/人工香料
*定期送第三公正單位檢驗，安心健康","39","35","/products/11867/main.jpg","/products/11867/gallery-01.jpg","<br>
<br>
<br>
<br>
從產地源頭至消費者的手中，經過層層品質檢驗，定期送第三公正單位檢驗，安心健康。堅持選用主產地原料，嚴選顆粒飽滿堅果以及保留原果風味的果乾，採用低溫輕烘焙的烤焙工法，使用充填氮氣保鮮，鎖住堅果與果乾的鮮甜口感。獨立包裝、一天一包，隨時隨地補充每日所需的營養。<br>
<br>
杏仁：USDA Extra NO.1等級大顆粒杏仁，精選品種，香味獨特。<br>
核桃：高比例完整顆粒，非一般碎核桃，口感滿分。<br>
腰果：完整顆粒的乳白腰果，味道清香甘甜。<br>
南瓜子：顆粒完整飽滿，風味獨特。<br>
葡萄乾：皮薄果肉飽滿，Q彈有嚼勁。<br>
蔓越莓乾：低溫乾燥製成，可改變細菌叢生態特性。","<span class=""style1"">原料: </span>葡萄乾(葡萄乾、葵花油)、核桃、杏仁、腰果、南瓜子、蔓越莓乾(蔓越莓、蔗糖、葵花油)

<br>
<br>
<span class=""style1"">食品添加物: </span>無</p>

<br><br>

<span class=""style1"">規格: </span>30g/包</p>
<p><span class=""style1"">產地: </span>台灣</p>
<p><span class=""style1"">保存期間:</span> 12個月(係指未開封狀態且正常條件下之保存</p>
<p><span class=""style1"">保存條件:</span> 請置於陰涼乾燥處避免日照，開封後請儘早食用完畢</p>

<p><span class=""style1"">過敏原資訊：</span>本產品含堅果及種子類。本生產線亦生產含牛奶製品、芝麻、含麩質之穀物及大豆的產品。

</p>","
 宅配、 超商取貨","https://www.organicshops.cc/product.aspx?id=11867","2026-07-10T06:27:05.327Z"
"11868","01210","原味綜合堅果隨手包","隔夜燕麥片專區","隔夜燕麥片專區","商品簡述：
 每次食用皆為全新感受
可輕鬆一次食用完畢
隨身攜帶不佔空間
隨時隨地補充營養","39","35","/products/11868/main.jpg","/products/11868/gallery-01.jpg","<br>
<br>
<br>
<br>
<br>
<iframe width=""560"" height=""315"" src=""https://www.youtube.com/embed/MeNV6o1ne1Y"" frameborder=""0"" allow=""accelerometer; autoplay; encrypted-media; gyroscope; picture-in-picture"" allowfullscreen></iframe>
選用源自各主要產地之堅果原料，鎖定品種、規格與尺寸，穩定進櫃，倉內溫控保鮮，採用耗時耗人力的低溫輕烘焙加工方式、原味不添加，保留堅果營養價值。<br>
杏仁：USDA Extra NO.1等級大顆粒杏仁，精選品種，香味獨特。<br>
核桃：高比例完整顆粒，非一般碎核桃，口感滿分。<br>
腰果：完整顆粒的乳白腰果，味道清香甘甜。","<p><span class=""style1"">原料: </span>杏仁、核桃、腰果</p>

<br>
<span class=""style1"">食品添加物: </span>無</p>

<br><br>

<p><span class=""style1"">規格: </span>28公克/包</p>
<p><span class=""style1"">產地: </span>台灣</p>
<p><span class=""style1"">保存期間:</span> 12個月(係指未開封狀態且正常條件下之保存)</p>
<p><span class=""style1"">保存條件:</span> 請置於陰涼乾燥處避免日照，開封後請儘早食用完畢</p>

<p><span class=""style1"">過敏原資訊：</span>本產品含堅果。本生產線亦生產含牛奶製品、芝麻、含麩質之穀類、大豆及種子類的產品。
</p>","
 宅配、 超商取貨","https://www.organicshops.cc/product.aspx?id=11868","2026-07-10T06:27:08.500Z"
"12879","01176","葡萄乾(袋)","隔夜燕麥片專區","隔夜燕麥片專區","商品簡述：
 保留葡萄乾的原始風味，含有膳食纖維，不添加人工色素、人工香料、防腐劑，不經過硫化燻蒸，顆粒飽滿、口感Q彈有嚼勁，補充能量。","100","100","/products/12655/main.jpg","","<br>
<br>
<br>
<br>
<p>

蘊含陽光能量的葡萄乾，保留葡萄乾原始風味。葡萄為白綠色品種，經日曬吸收能量後自然轉為紫黑(褐)色葡萄乾；不添加人工色素、人工香料、防腐劑，不經過硫化薰蒸處理。</p>
<br>
1.	選用智利Jumbo規格。<br>
2.	不經過硫化薰蒸處理。<br>
3.	含有膳食纖維，促進腸道蠕動。<br>
4.	不添加人工色素、人工香料、防腐劑。","<p class=""style1"">原料:</p>
<p>葡萄乾、葵花油<br><br>

<br><br>

<p><span class=""style1"">保存期間:</span> 12個月<span class=""style1""><br>
</span><span class=""style1"">規格: </span>250公克/包<br>
<p><span class=""style1"">產地:</span> 智利<br>
<br>

<span class=""style1"">注意事項: </span><br>

1.開封後未食用完需冷藏並儘快食用完畢。<br>
2.表面若有結晶為果實糖分析出，為正常物理現象。<br>
3.包裝袋正面為葡萄原果示意圖，經乾燥後轉變為紅黑色。","
 宅配、 超商取貨","https://www.organicshops.cc/product.aspx?id=12879","2026-07-10T06:27:11.706Z"
"11871","01180","蔓越莓乾(袋)","隔夜燕麥片專區","隔夜燕麥片專區","商品簡述：
 可改變細菌叢生態的特性，亦有幫助維持消化道機能及調節生理機能，不添加防腐劑、人工色素、人工香料，帶給您酸中帶甜的美好滋味。","165","165","/products/12853/main.jpg","","<br>
<br>
<br>
<br>
<p>蔓越莓更具有改變菌叢生態的特性，有助於女性保健。除了做為零食直接食用外，更可用於烘焙上製作成蛋糕、麵包；平時更可添加在沙拉、優格中，增添食用時的口感跟風味。<br>
<br>
1.不添加人工色素、人工香料、防腐劑。<br>
2.含有膳食纖維，促進腸道蠕動。<br>
<br>
<iframe width=""560"" height=""315"" src=""https://www.youtube.com/embed/8qH3tiWpOZw"" frameborder=""0"" allow=""accelerometer; autoplay; encrypted-media; gyroscope; picture-in-picture"" allowfullscreen></iframe>","<p><span class=""style1"">原料:</span>蔓越莓、蔗糖、葵花油。</p><br>
<p><span class=""style1"">食品添加物:</span> 無</p>
<br><br>

<p><span class=""style1"">規格:</span> 250公克/袋</p>
<p><span class=""style1"">原產地(國):</span> 美國</p>
<p><span class=""style1"">保存期間:</span> 12個月(係指未開封狀態且正常條件下之保存)。<br>
<br>

<span class=""style1"">注意事項: </span><br>

1.開封後未食用完需冷藏並儘快食用完畢。<br>
2.表面若有結晶為果實糖分析出，為正常物理現象。<br>
3.包裝袋正面為蔓越莓原果示意圖，經乾燥後轉變為紅黑色。<br>","
 宅配、 超商取貨","https://www.organicshops.cc/product.aspx?id=11871","2026-07-10T06:27:13.863Z"
"11870","01175","藍莓乾","隔夜燕麥片專區","隔夜燕麥片專區","商品簡述：
 選用完整藍莓果實，製成一顆顆晶亮光澤的藍寶石，
具濃郁香氣，富含膳食纖維，可促進腸道蠕動。","200","200","/products/12826/main.jpg","/products/12826/gallery-01.jpg|/products/12826/gallery-02.jpg","<br>
<br>
選用完整藍莓果實，製成一顆顆晶亮光澤的藍寶石。含有濃郁的藍莓香氣，口感獨特具咀嚼感，不添加人工色素、人工香料、防腐劑，富含膳食纖維，促進腸道蠕動，增加飽足感。","<p><span style=""color: #F6090D"">原料: </span>藍莓、蔗糖、葵花油</p><br>

<br><br>

<p><span style=""color: #F6090D"">規格: </span>100公克/包</p>
<p><span style=""color: #F6090D"">產地: </span>美國</p>
<p><span style=""color: #F00105"">保存期間: </span>12個月(係指未開封狀態且正常條件下之保存)<br>
<br>
<span class=""style1"">注意事項: </span><br>

1.開封後未食用完須冷藏保存並儘快食用完畢。<br>
2.表面若有結晶為果實糖分析出現象，請安心食用。<br>
3.包裝袋正面為藍莓原果示意圖，經乾燥轉為紫黑色。<br>","
 宅配、 超商取貨","https://www.organicshops.cc/product.aspx?id=11870","2026-07-10T06:27:16.054Z"
"11863","02139","有機奇亞籽","隔夜燕麥片專區","隔夜燕麥片專區","商品簡述：
 有機奇亞籽採有機農法栽種、無化學添加物，保留完整營養的超級穀物。","260","260","/products/11863/main.jpg","/products/11863/gallery-01.jpg","有機奇亞籽在馬雅語中奇亞(Chia)的意思為「力量」，即是提供豐富力量的種子！富含膳食纖維、蛋白質。奇亞籽遇水膨脹的特性，加入水中5到10分鐘，稍作攪拌即可食用！<br>
<br>
食用方式<br>
1.置於飲用水、牛奶或豆漿等飲品浸泡5~10分鐘，待膨脹後稍作攪拌即可食用。<br>
2.亦可於膨脹後加入優格、沙拉中食用。<br>
<br>

<br>驗證機構：慈心有機驗證股份有限公司<br>
證書字號：第1-009-210007號<br>","<strong class=""style1"">原料：</strong>有機奇亞籽<br>


 <strong class=""style1"">食品添加物：</strong> 無 <br>
<br>

<br><br>

  <strong class=""style1"">內容量：</strong>200公克/包<br>
  <span class=""style1""><strong>原產地(國)：</strong></span><strong>玻利維亞/巴拉圭，產地交替期間依實際收到商品為主 </strong><br>
<strong class=""style1"">保存期間：</strong>12個月(係指未開封狀態且正常條件下之保存)<br>


<br>
<span class=""style1"">注意事項: </span><br>
1.內附脫氧劑，請勿食用。<br>
2.請置於陰涼乾燥處避免日曬，開封後請密封冷藏，並儘早食用完畢。
<br>
<br>
<span class=""style1"">過敏原資訊: </span>本產品含種子類，對花生等核果過敏者應小心食用。本生產線亦生產含牛奶製品、堅果類、芝麻、含麩質之穀物及大豆的產品。<br>","
 宅配、 超商取貨","https://www.organicshops.cc/product.aspx?id=11863","2026-07-10T06:27:20.067Z"
"12816","03017","小麥胚芽","隔夜燕麥片專區","隔夜燕麥片專區","商品簡述：
 小麥胚芽僅占小麥1~2%的含量比例。當小麥製成麵粉的過程中會保留胚乳，並將麩皮與胚芽剃除。其實，被分離出的胚芽具有極高的營養精華，是提供小麥發芽的主要部份，也富含多種人體所需的營養素！","85","72","/products/12816/main.jpg","/products/12816/gallery-01.jpg|/products/12816/gallery-02.jpg|/products/12816/gallery-03.jpg","<br>
<br>
<br>
小麥胚芽僅占小麥1~2%的含量比例。當小麥製成麵粉的過程中會保留胚乳，並將麩皮與胚芽剃除。其實，被分離出的胚芽具有極高的營養精華，是提供小麥發芽的主要部份，也富含多種人體所需的營養素！<br>
<br>
*植物性蛋白含量占比高達三分之一，可增強體力。<br>
*高膳食纖維含量，可增加飽足感，促進腸胃蠕動。<br> 
<br> 
食用方式：<br>
1.添加於豆漿、牛奶，或與穀粉沖泡食用<br>
2.均勻攪拌於米飯、粥品食用<br>
3.製作麵包、饅頭、鬆餅時可加入，增加膳食纖維與營養價值！
<br>","<span class=""style1"">原料:</span></span>小麥胚芽<br>
<span class=""style1"">食品添加物:</span></span>無<br>
  <span class=""style1"">保存期限:</span>12個月<br>
  <span class=""style1"">原產地:</span>台灣<br>
  <span class=""style1"">規格</span>:250公克/包<br>
  <span class=""style1""><br>
  營養標示</span><br>
<br><br>

註：營養標示數據若與包裝上有差異，請以實際包裝為準<br>
<br>
<span class=""style1"">注意事項: </span><br>

1.商品資訊若與包裝上略有差異時，以實際包裝上標示為準<br>
2.請置於陰涼處，避免高溫日曬。開封後請冷藏保存，儘早食用完畢。","
 宅配、 超商取貨","https://www.organicshops.cc/product.aspx?id=12816","2026-07-10T06:27:23.125Z"
"12817","20005","高鈣黑芝麻粉","隔夜燕麥片專區","隔夜燕麥片專區","商品簡述：
 選用黑芝麻原粒整顆研磨，營養好吸收
富含鈣質、鐵質及膳食纖維
不添加防腐劑、人工香料及色素","180","180","/products/12817/main.jpg","/products/12817/gallery-01.jpg","<br>
<br>
<br>
特選未經榨油黑芝麻原粒，運用科技三段溫控焙炒技術，能提出芝麻香氣外，也可避免久經高溫產生苦澀，炒焙後直接研磨更好吸收芝麻營養成分，每批符合品質法規規範。<br>
<br>
*富含鈣質、鐵質、高膳食纖維。<br>
*每100克黑芝麻粉，至少含有1170毫克的鈣。<br>
*不添加防腐劑、人工香料和色素，每批微生物檢驗合格。<br>
*推薦乳糖不耐症者，每日攝取適量，可快速補充每日所需鈣質。<br>
*包裝全面升級為鋁袋夾鏈包裝，有效阻絕空氣光線，保鮮效果更佳。","<span class=""style1"">原料</span>: 黑芝麻粉<br>

  <span class=""style1"">保存期限</span>:9個月(保存期間係指未開封狀態且正常條件下之保存)<br>
  <span class=""style1"">產地</span>: 台灣<br>
  <span class=""style1"">規格</span>: 300g/包<br>
<BR><br><br>
 <span class=""style1"">注意事項: </span>內附脫氧劑，小心勿食。<br>
 <span class=""style1"">過敏原資訊: </span>本產品含芝麻。","
 宅配、 超商取貨","https://www.organicshops.cc/product.aspx?id=12817","2026-07-10T06:27:28.119Z"
"12849","55143","鮮奶小饅頭","特惠專區","買1送1必買區","商品簡述：
 1.使用國產優質鮮乳。
2.添加紐西蘭無水奶油。
3.5大安心保證(不使用:漂白麵粉、人造奶油、香精、膨鬆劑、抗凍劑)。","165","165","/products/12620/main.jpg","/products/12620/gallery-01.jpg|/products/12620/gallery-02.jpg","<br>
<br>
1.	使用國產優質鮮乳。<br>
2.	添加紐西蘭無水奶油。<br>
3.	配方單純，極致鬆軟。<br>
4.	五大安心保證。<br>
*不使用漂白麵粉。<br>
*不使用人造奶油。<br>
*不使用香精。<br>
*不使用膨鬆劑。<br>
*不使用抗凍劑。<br>","<span class=""style1"">原料: </span>麵粉、鮮奶、蔗糖、水、無水奶油、酵母(酵母、水、大豆卵磷脂)<br>

<span class=""style1"">保存期限: </span>12個月<br>

<span class=""style1"">規格: </span>315公克(9入)<br>

<span class=""style1"">產地: </span>台灣<br>


<br>




<br>
<span class=""style1"">注意事項(含保存條件)：</span>須冷凍於-18℃以下，保存期間係指未開封前在-18℃以下可保存天數，開封後請儘速食用以確保品質。<br>



<p><span class=""style1"">過敏原資訊:</span>本產品含牛奶、含麩質之穀物及大豆製品。
 <br>","
 宅配、 超商取貨","https://www.organicshops.cc/product.aspx?id=12849","2026-07-10T06:27:31.218Z"
"12848","26354","淨．益生菌","特惠專區","買1送1必買區","商品簡述：
 5大國際專利菌株，有效調整體質。
3大黃金健康元素：西印度櫻桃、接骨木莓、β-聚葡萄糖，補充自然界的優質營養元素。
不添加色素、甜味劑、防腐劑、人工香料，讓全家人安心保健。","1050","1050","/products/11522/main.jpg","/products/11522/gallery-01.jpg|/products/11522/gallery-02.jpg","<br>
<br>
<br>
<br>
市售琳瑯滿目的益生菌產品成分五花八門，食用益生菌幫助消化、調整體質的同時，是否也吃下不少食品添加物？<br>
<br>
為您與全家人的健康把關，統一生機推出成分單純無添加—「淨．益生菌」，乾淨無添加Clean and Best的優質益生菌，以5大國際專利菌株，有效幫助調整體質、改變細菌叢生態，身體無負擔、健康更加分！<br>
<br>
★	5大國際專利菌株：來自世界知名益生菌大廠Probiotical的專利益生菌，動物雙歧桿菌BS01、副乾酪乳桿菌LPC00、植物乳桿菌LP01、短雙歧桿菌BR03、鼠李糖乳桿菌LR05，指定菌株代號，有效調整體質。<br>
<br>
★	4大堅持不添加：不添加色素、甜味劑、防腐劑、人工香料，守護您與全家人的健康。<br>
<br>
★	3大自然界黃金健康元素<br>
*西印度櫻桃：含維生素C，具抗氧化作用，有助於維持牙齦與皮膚的正常功能。<br>
*接骨木莓：歐洲家喻戶曉的草本保健良品。<br>
*β-聚葡萄糖：美國專利，自然界提升保護力、維持健康的優質來源。<br>
<br>
★	2大優質益生質<br>
*果寡糖：為益生菌的食物，可幫助改變細菌叢生態。<br>
*玉米來源可溶性纖維：日本專利，含膳食纖維，可促進腸道蠕動使排便順暢。","<span class=""style1"">原料: </span>乳酸菌粉(麥芽糊精、乳糖、Bifidobacterium animalis subsp. lactis BS01、Lactobacillus paracasei LPC00、Lactobacillus plantarum LP01、Bifidobacterium breve BR03、Lactobacillus rhamnosus LR05)、果寡糖、玉米來源可溶性纖維、西印度櫻桃萃取物、β-聚葡萄糖、接骨木莓萃取物。</p>


<br>

<br>
<br>

<span class=""style1"">成分與規格:</span>2g*30包/盒<br>

<p><span class=""style1"">產地:</span>台灣</p>
<p><span class=""style1"">保存期限</span>: 24個月(係指未開封狀態且正常條件下之保存)<br>

 

<br><span class=""style1"">注意事項: </span>保存於常溫陰涼處，避免陽光直射。<br>
<p><span class=""style1"">過敏原資訊: </span>本產品含牛奶製品。","
 宅配、 超商取貨","https://www.organicshops.cc/product.aspx?id=12848","2026-07-10T06:27:35.251Z"
"12847","22097","葵花籽油","特惠專區","買1送1必買區","商品簡述：
 ．義大利原裝原瓶進口
．特選優質葵花籽
．成份單一且油質穩定，煎、煮、炒、炸都適合。","230","230","/products/11892/main.jpg","/products/11892/gallery-01.jpg|/products/11892/gallery-02.jpg","<br>
<br>
<br>
義大利原裝進口，統一生機與歐洲知名油品製造商攜手合作，市場遍布全世界110多個國家，擁有ISO 9001、FSSC、BRC等工廠驗證。擁有完整的品質檢驗，包含碘價、酸價、過氧化價、皂化價等等，層層品質把關，讓您吃得安心。<br>
<br>
1、特選葵花籽，環境乾淨無污染。<br>
2、油質穩定，不飽和脂肪酸達88%。<br>
3、高溫烹調無油煙，油質穩定。<br>
4、用途多元，煎、炒、煮、炸皆宜，為料理時的好幫手。<br>
5、發煙點227度。","<p><span class=""style1"">原料:</span>葵花籽油</p>
 <p><span class=""style1"">食品添加物名稱:</span>無</p>

<br>


<p><span class=""style1"">保存期限:</span> 24個月(係指未開封狀態且正常條件下之保存)</p>
<p><span class=""style1"">原產地(國): </span>義大利<br>
  <span class=""style1"">產品規格:</span> 500ml/瓶<br>

<span class=""style1"">注意事項: </span><br>
1.	一般烹調之煎、煮、炒、炸皆宜，清爽不油膩。<br>
2.	請勿倒放，並放置乾燥陰涼處，避免陽光直射。<br>
3.	開瓶後，請儘快使用完畢。<br>
<br>
 <span class=""style1"">過敏原資訊:</span> 無</p>","
 宅配","https://www.organicshops.cc/product.aspx?id=12847","2026-07-10T06:27:39.313Z"
"12846","03082","有機寬麵","特惠專區","買1送1必買區","商品簡述：
 採用澳洲麵粉製作之有機麵條，經慈心有機驗證，不添加防腐劑、漂白劑及麵質改良劑，保留麵條原本風味與營養，讓您吃出健康好滋味。","90","90","/products/12846/main.jpg","","<br>

<br>
嚴選原料：採用澳洲有機原白麵粉，以當季新鮮小麥碾製，採用友善環境的有機農法種植。<br>
安心製程：全程不添加防腐劑、麵質改良劑、漂白劑，麵條呈現淺米黃色，保留原本風味與營養。<br>
精細控管：製程經多道輪軸延壓、熟成，最後於乾燥室中分段乾燥、烘乾完成。仔細控管每個步驟，確保麵條良好品質。<br>
<br>
有機寬麵--渾厚咬感麵身寬，適合作成濃郁湯麵，如牛肉麵，大滷麵，排骨酥湯麵等<br>
<br>
食譜 <br>
◆排骨酥湯麵<br>
<br>
材料： <br>
有機寬麵100公克(一人份)、排骨酥100公克、白菜一小把、香菇5-6朵、香菜少許、水600cc、排骨湯塊1塊。<br>
1.白菜、冬菇切粗，有機寬麵川燙備用。<br>
2.鍋中煮600cc水加入白菜、冬菇煮熟後，再加進排骨酥和白麵煮熟，最後放入湯塊煮入味即可。
※排骨酥入湯不能攪拌，會拖粉。<br>
<br>
驗證機構：慈心有機驗證股份有限公司<br>
驗證證書字號：第1-009-210009號","<span class=""style1"">原料:</span>
有機原白麵粉(澳洲)、食鹽、維生素E(抗氧化劑)<br>
<span class=""style1"">食品添加物:</span>維生素E(抗氧化劑)<br>
<span class=""style1"">保存期間:</span>12個月<br>
<span class=""style1"">原產地:</span>台灣<br>
  <span class=""style1"">規格:</span>300公克/包<br>
  <br>
  <span class=""style1"">營養標示</span><br>
<br><br>
註：營養標示數據若與包裝上有差異，請以實際包裝為準<br>
<br>


<span class=""style1"">注意事項: </span><br>
 本產品含有麩質，不適合其過敏體質者食用。","
 宅配、 超商取貨","https://www.organicshops.cc/product.aspx?id=12846","2026-07-10T06:27:43.667Z"
"9434","01183","薑黃綜合堅果","特惠專區","買1送1必買區","商品簡述：
 堅果 Ｘ 調味 --- 蹦出新滋味！","250","250","/products/9434/main.jpg","/products/9434/gallery-01.jpg","<br>
<br>
<p>選用三種來自主要產地、廣受消費者喜愛的堅果組合而成---「腰果、核桃、杏仁」，秉持低溫輕烘焙加工製程，充分保留堅果營養價值，搭配不添加香料、色素的調味---「薑黃、胡椒與日曬海鹽」，簡單的調味點綴讓堅果更為出色，號稱『健康零食』當之無愧。<br>
不添加防腐劑、甜味劑、漂白劑、香料、色素
<br>
<p class=""style1"">每日適量堅果，有益身體健康</p><br>","<p><span class=""style1"">原料: </span>腰果、核桃、杏仁、薑黃調味粉【日曬海鹽、咖哩粉(胡荽、茴香、黑胡椒、薑、米、荳蔻、肉桂、馬芹、
咖哩葉、檸檬草、薑黃)、白胡椒粉】、玄米油
<br>
<p><span class=""style1"">食品添加物:</span> 無</p>

<br><br>


<span class=""style1"">保存期限:</span>12個月(係指未開封狀態且正常條件下之保存)</p>

<p><span class=""style1"">保存條件:</span><br>

1. 請置於陰涼乾燥處避免日照，冷藏保存尤佳。<br>
2. 開封後未食用完需冷藏，並儘快食用完畢。<br>
<br>
<span class=""style1"">產地: </span>台灣<br>
  <span class=""style1"">產品規格:</span> 150公克/袋</p>
<br>

<span class=""style1"">注意事項</span>：<br>

1. 內有脫氧劑，請勿食用。<br>
2. 本產品含有肉桂，孕婦忌食。<br>
<br>
  <span class=""style1"">過敏原資訊:</span> 本產品含堅果。本生產線亦生產含牛奶製品、芝麻、含麩質之穀類、大豆及種子類的產品。</p>","
 宅配、 超商取貨","https://www.organicshops.cc/product.aspx?id=9434","2026-07-10T06:27:45.793Z"
"9264","24270","有機高纖高鈣亞麻仁堅果粉(1組贈精美提袋x1)","特惠專區","買1送1必買區","商品簡述：
 有機穀物+豆類研磨，添加有機亞麻仁籽更養生
高纖助消化、高鈣好強壯
咬得到有機堅果顆粒，口感加分
無加糖配方，不添加奶精、糊精、人工添加物","990","990","/products/9264/main.jpg","/products/9264/gallery-01.jpg|/products/9264/gallery-02.jpg|/products/9264/gallery-03.jpg","<br>
<br>
<br>
1.	嚴選有機食材：不用農藥、不施化肥，保護環境更照顧健康<br>
2.	原始穀物香氣：穀物豆類全研磨，添加亞麻仁籽更養生<br>
3.	健康機能訴求：無加糖配方，高纖助消化、高鈣好強壯<br>
4.	多元化營養：有機杏仁、腰果、南瓜子仁整顆打碎，吃得到堅果粒更有口感<br>
5.	不添加更安心：不加蔗糖、奶精、糊精、人工香料、防腐劑<br>
<br>
<代餐首選，取代精製澱粉飲食><br>
一杯不到110大卡，就能補充穀物雜糧、植物性蛋白質、堅果油脂的完整營養，無加糖配方，回歸簡單的食物攝取，身體少負擔。<br>
<br>
膳食纖維幫助維持消化道機能、增加飽足感；鈣質幫助維持骨骼與牙齒的健康。<br>
原料經有機驗證把關，不添加健康又安心。<br>
小包裝方便隨時沖泡一杯，可搭配豆漿、牛奶、其他穀粉，是全家大小補充能量的好選擇。<br>
<br>
驗證機構：慈心有機驗證股份有限公司<br>
驗證證書字號：1-009-210059<br>","<span class=""style1"">原料:</span>有機黑豆(中國)、有機黃豆(美國)、有機亞麻仁籽(加拿大)、有機黑芝麻、有機燕麥仁、有機黑麥(仁)、有機糙米、有機南瓜子仁、有機海藻鈣、有機黑糯糙米、有機小米、有機大麥、有機杏仁、有機腰果<br>
<br>

<br>
  <span class=""style1"">食品添加物名稱:</span>無<br>

  <span class=""style1"">規格:</span>25g*30包/盒<br>
  <span class=""style1"">產地:</span>台灣<br>
  <span class=""style1"">保存期限:</span>18個月（保存期間係指未開封狀態且正常條件下之保存）<br>

 
<br><span class=""style1"">注意事項: </span><br>
*請置於陰涼處常溫保存，避免陽光直射。<br>
*沖泡後，產品之沉澱物為穀粉沈澱，飲用前請先攪拌均勻。<br>
食用前請先搖動均勻。<br>
<br>
  <span class=""style1"">過敏原資訊:</span>本產品含大豆、芝麻、種子類、含麩質之穀物及堅果類。<br>","
 宅配、 超商取貨","https://www.organicshops.cc/product.aspx?id=9264","2026-07-10T06:27:48.879Z"
"9265","24280","葡萄糖胺黑穀芝麻粉(1組贈精美提袋x1)","特惠專區","買1送1必買區","商品簡述：
 兩杯提供1500mg葡萄糖胺
高鈣助於維持骨骼的健康
充滿黑芝麻穀物香氣，好喝又營養
高纖無加糖配方，不添加奶精、糊精、人工添加物","990","990","/products/9265/main.jpg","/products/9265/gallery-01.jpg|/products/9265/gallery-02.jpg|/products/9265/gallery-03.jpg","<br>
<br>
<br>
1.嚴選養生食材：黑色元素黑芝麻+黑豆+黑糯米+黑木耳滋補養生 <br>  
2.取代精製澱粉：多種未精製化米麥、豆類、雜糧研磨，回歸食材原味 <br>  
3.健康機能訴求：高纖助消化、高鈣更強壯，無加糖不負擔 <br>  
4.鞏固配方：兩杯提供1500mg葡萄糖胺，熟齡保健 <br>  
5.不添加更安心：不加蔗糖、奶精、糊精、人工香料、防腐劑<br>
<br>
<熟齡保健，補充葡萄糖胺的另一種選擇><br>  
不只是穀粉：兩杯提供1500mg葡萄糖胺、鈣質幫助維持骨骼與牙齒的健康、植物性蛋白質幫助組織的修復。<br>  
<br>  
嚴選黑色食材調配，穀香美味、口感濃厚，膳食纖維幫助維持消化道機能、增加飽足感，無添加好安心，打造全家人健康營養基礎。<br>  
小包裝方便隨時沖泡一杯，可搭配豆漿、牛奶、燕麥片，補充能量又能保健的好選擇。","<span class=""style1"">原料:</span>燕麥粉、黑芝麻、非基因改造黃豆、豆漿粉、燕麥片、黑豆、葡萄糖胺鹽酸鹽、黑糯米、碳酸鈣、黑木耳粉(黑木耳、食鹽)<br>
<br>

<br>
  <span class=""style1"">食品添加物名稱:</span>碳酸鈣<br>

  <span class=""style1"">規格:</span>25g*30包/盒<br>
  <span class=""style1"">產地:</span>台灣<br>
  <span class=""style1"">保存期限:</span>18個月（保存期間係指未開封狀態且正常條件下之保存）<br>

 
<br><span class=""style1"">注意事項: </span><br>
*請置於陰涼處常溫保存，避免陽光直射。<br>
*沖泡後，產品之沉澱物為穀粉沈澱，飲用前請先攪拌均勻。<br>
食用前請先搖動均勻。<br>
<br>
  <span class=""style1"">過敏原資訊:</span>本產品含有芝麻、含麩質之穀物及大豆。<br>","
 宅配、 超商取貨","https://www.organicshops.cc/product.aspx?id=9265","2026-07-10T06:27:54.378Z"
"9437","02152","有機大燕麥片(400g)","特惠專區","買1送1必買區","商品簡述：
 嚴選自北歐芬蘭產地，透過有機栽種產出高品質燕麥。不經過化學藥物薰蒸及食輻照射來延長保存，安心享受穀物原始美好。即沖即食，每日纖食的好選擇!","150","150","/products/12084/main.jpg","/products/12084/gallery-01.jpg|/products/12084/gallery-02.jpg","<br>
<br>
<br>
穀片適中，略帶嚼勁，沖泡牛奶、豆漿或穀粉即可食用。<br>
<br>
<p><span class=""style1"">驗證機構：</span>慈心有機驗證股份有限公司<br>
<p><span class=""style1"">證書字號：</span>第1-009-210007號","<p><span class=""style1"">原料：</span>有機大燕麥片<br>

<br>
<span class=""style1"">食品添加物: </span>無</p>

<br><br>

<span class=""style1"">規格: </span>400公克/包</p>
<span class=""style1"">產地: </span>芬蘭</p>
<span class=""style1"">保存期間:</span> 12個月<br>

<br>
<span class=""style1"">注意事項: </span><br>

請置於陰涼乾燥處避免日曬，開封後請密封冷藏，並儘早食用完畢。<br>
商品資訊若與包裝上略有差異時，以實際包裝上標示為準。<br>
<br>
過敏原資訊：本產品含麩質穀物。本生產線亦生產含牛奶製品、堅果類、芝麻及大豆的產品。","
 宅配、 超商取貨","https://www.organicshops.cc/product.aspx?id=9437","2026-07-10T06:27:59.479Z"
"9438","02153","有機細燕麥片(400g)","特惠專區","買1送1必買區","商品簡述：
 嚴選自北歐芬蘭產地，透過有機栽種產出高品質燕麥。不經過化學藥物薰蒸及食輻照射來延長保存，安心享受穀物原始美好。細薄好入口，更適合長輩及兒童!","150","150","/products/12815/main.jpg","/products/12815/gallery-01.jpg|/products/12815/gallery-02.jpg","<br>
<br>
<br>
穀片細薄，口感綿密，快速沖泡易軟，適合老幼及牙口不佳族群。<br>
<br>
<p><span class=""style1"">驗證機構：</span>慈心有機驗證股份有限公司<br>
<p><span class=""style1"">證書字號：</span>第1-009-210007號","<p><span class=""style1"">原料：</span>有機細燕麥片<br>

<br>
<span class=""style1"">食品添加物: </span>無</p>

<br><br>

<span class=""style1"">規格: </span>400公克/包</p>
<span class=""style1"">產地: </span>芬蘭</p>
<span class=""style1"">保存期間:</span> 12個月<br>

<br>
<span class=""style1"">注意事項: </span><br>

請置於陰涼乾燥處避免日曬，開封後請密封冷藏，並儘早食用完畢。<br>
商品資訊若與包裝上略有差異時，以實際包裝上標示為準。<br>
<br>
過敏原資訊：本產品含麩質穀物。本生產線亦生產含牛奶製品、堅果類、芝麻及大豆的產品。","
 宅配、 超商取貨","https://www.organicshops.cc/product.aspx?id=9438","2026-07-10T06:28:03.583Z"
"9439","02154","有機粗燕麥片(400g)","特惠專區","買1送1必買區","商品簡述：
 嚴選自北歐芬蘭產地，透過有機栽種產出高品質燕麥。不經過化學藥物薰蒸及食輻照射來延長保存，安心享受穀物原始美好。厚實有口感，烹煮食用營養加分!","150","150","/products/9439/main.jpg","/products/9439/gallery-01.jpg|/products/9439/gallery-02.jpg","<br>
<br>
<br>
穀片厚實，口感扎實、有咬感，沖泡較不易軟糊，適合喜愛有嚼勁的族群!亦可加入米中烹煮，或煮成燕麥粥(甜/鹹皆可)。<br>
<br>
<p><span class=""style1"">驗證機構：</span>慈心有機驗證股份有限公司<br>
<p><span class=""style1"">證書字號：</span>第1-009-210007號","<p><span class=""style1"">原料：</span>有機粗燕麥片<br>

<br>
<span class=""style1"">食品添加物: </span>無</p>

<br><br>

<span class=""style1"">規格: </span>400公克/包</p>
<span class=""style1"">產地: </span>芬蘭</p>
<span class=""style1"">保存期間:</span> 12個月<br>

<br>
<span class=""style1"">注意事項: </span><br>

請置於陰涼乾燥處避免日曬，開封後請密封冷藏，並儘早食用完畢。<br>
商品資訊若與包裝上略有差異時，以實際包裝上標示為準。<br>
<br>
過敏原資訊：本產品含麩質穀物。本生產線亦生產含牛奶製品、堅果類、芝麻及大豆的產品。","
 宅配、 超商取貨","https://www.organicshops.cc/product.aspx?id=9439","2026-07-10T06:28:07.937Z"
"7014","02136","脆穀優果麥片-香甜紫藷","特惠專區","買1送1必買區","商品簡述：
 脆脆穀粒加上燕麥片、果乾、堅果等，口感豐富，是嘗試穀物麥片的入門好選擇。","199","199","/products/12903/main.jpg","/products/12903/gallery-01.jpg","<br>
<br>
<br>
Granola是近年火紅竄起的後起之秀，膨發後的穀粒加上燕麥片、果乾、堅果等，再加上些許蔗糖進行烘烤，口感豐富，有穀粒的酥脆感、加上果乾酸甜及堅果迷人香氣，加入牛奶也不易軟爛，也很適合加在優格、沙拉上，更可以直接當成零嘴解饞。","<p><span class=""style1"">原料: </span>燕麥、紫甘藷、米(白米、糙米)、蔗糖、椰子油、葡萄乾(葡萄、棕櫚油)、小麥、椰子粉、麥芽糖漿、黑麥、玉米(非基因改造)、蔓越莓乾(蔓越莓、蔗糖、葵花油)、鳳梨乾(鳳梨、蔗糖、檸檬酸)、木瓜乾(木瓜、蔗糖)、杏仁、食鹽、碳酸鈣、大豆卵磷脂、抗氧化劑(混合濃縮生育醇、大豆油)<br>
<br>
<p><span class=""style1"">食品添加物: </span>碳酸鈣、混合濃縮生育醇</p>
<br>
<br><br>

<p><span class=""style1"">內容量: </span> 240公克/包</p>
<p><span class=""style1"">產地: </span> 台灣</p>
<p><span class=""style1"">保存期限: </span>12個月<br>

<br>
<span class=""style1"">注意事項：</span> 請置於陰涼處，避免日曬；開封後請密封冷藏保存，並請儘快食用完畢。<br>
<br>
<p><span class=""style1"">過敏原資訊：</span> 本產品含有堅果、含有麩質的穀類和大豆製品，不適合對其過敏體質者食用。","
 宅配、 超商取貨","https://www.organicshops.cc/product.aspx?id=7014","2026-07-10T06:28:12.054Z"
"7013","02135","脆穀優果麥片-經典優果","特惠專區","買1送1必買區","商品簡述：
 脆脆穀粒加上燕麥片、果乾、堅果等，口感豐富，是嘗試穀物麥片的入門好選擇。","199","199","/products/12904/main.jpg","/products/12904/gallery-01.jpg","<br>
<br>
<br>
Granola是近年火紅竄起的後起之秀，膨發後的穀粒加上燕麥片、果乾、堅果等，再加上些許蔗糖進行烘烤，口感豐富，有穀粒的酥脆感、加上果乾酸甜及堅果迷人香氣，加入牛奶也不易軟爛，也很適合加在優格、沙拉上，更可以直接當成零嘴解饞。","<p><span class=""style1"">原料: </span>燕麥、葡萄乾(葡萄、棕櫚油)、蔗糖、黑麥、米(白米、糙米)、椰子油、椰子粉、蔓越莓乾(蔓越莓、蔗糖、葵花油)、麥芽糖漿、小麥、玉米澱粉、玉米(非基因改造)、杏仁、食鹽、碳酸鈣、大豆卵磷脂、抗氧化劑(混合濃縮生育醇、大豆油)<br>
<br>
<p><span class=""style1"">食品添加物: </span>碳酸鈣、混合濃縮生育醇</p>
<br>
<br><br>

<p><span class=""style1"">內容量: </span> 240公克/包</p>
<p><span class=""style1"">產地: </span> 台灣</p>
<p><span class=""style1"">保存期限: </span>12個月<br>

<br>



<p><span class=""style1"">注意事項：</span> 請置於陰涼處，避免日曬；開封後請密封冷藏保存，並請儘快食用完畢。<br>
<br>
<p><span class=""style1"">過敏原資訊：</span> 本產品含有堅果、含有麩質的穀類和大豆製品，不適合對其過敏體質者食用。","
 宅配、 超商取貨","https://www.organicshops.cc/product.aspx?id=7013","2026-07-10T06:28:15.312Z"
"6875","021352","脆穀優果麥片經典優果+香甜紫藷兩件組","特惠專區","買1送1必買區","商品簡述：
 02135脆穀優果麥片-經典優果1包
02136脆穀優果麥片-香甜紫藷1包
以上商品共2件 $199","398","199","/products/12902/main.jpg","/products/12902/gallery-01.jpg","02135脆穀優果麥片-經典優果:<br>
<br>
<br>
<br>
<br>
--------------------------------------------<br>
02136脆穀優果麥片-香甜紫藷:<br>
<br>
<br>
<br>
02135脆穀優果麥片-經典優果:<br>
Granola是近年火紅竄起的後起之秀，膨發後的穀粒加上燕麥片、果乾、堅果等，再加上些許蔗糖進行烘烤，口感豐富，有穀粒的酥脆感、加上果乾酸甜及堅果迷人香氣，加入牛奶也不易軟爛，也很適合加在優格、沙拉上，更可以直接當成零嘴解饞。

<br>
--------------------------------------------<br>
02136脆穀優果麥片-香甜紫藷:<br>
Granola是近年火紅竄起的後起之秀，膨發後的穀粒加上燕麥片、果乾、堅果等，再加上些許蔗糖進行烘烤，口感豐富，有穀粒的酥脆感、加上果乾酸甜及堅果迷人香氣，加入牛奶也不易軟爛，也很適合加在優格、沙拉上，更可以直接當成零嘴解饞。","02135脆穀優果麥片-經典優果:<br>
<p><span class=""style1"">原枓: </span>燕麥、葡萄乾(葡萄、棕櫚油)、蔗糖、黑麥、米(白米、糙米)、椰子油、椰子粉、蔓越莓乾(蔓越莓、蔗糖、葵花油)、麥芽糖漿、小麥、玉米澱粉、玉米(非基因改造)、杏仁、食鹽、碳酸鈣、大豆卵磷脂、抗氧化劑(混合濃縮生育醇、大豆油)<br>
<br>
<p><span class=""style1"">食品添加物: </span>碳酸鈣、混合濃縮生育醇</p>
<br>
<br><br>

<p><span class=""style1"">內容量: </span> 240公克/包</p>
<p><span class=""style1"">產地: </span> 台灣</p>
<p><span class=""style1"">保存期限: </span>12個月<br>


--------------------------------------------<br>
02136脆穀優果麥片-香甜紫藷:<br>
<p><span class=""style1"">原枓: </span>燕麥、紫甘藷、米(白米、糙米)、蔗糖、椰子油、葡萄乾(葡萄、棕櫚油)、小麥、椰子粉、麥芽糖漿、黑麥、玉米(非基因改造)、蔓越莓乾(蔓越莓、蔗糖、葵花油)、鳳梨乾(鳳梨、蔗糖、檸檬酸)、木瓜乾(木瓜、蔗糖)、杏仁、食鹽、碳酸鈣、大豆卵磷脂、抗氧化劑(混合濃縮生育醇、大豆油)<br>
<br>
<p><span class=""style1"">食品添加物: </span>碳酸鈣、混合濃縮生育醇</p>
<br>
<br><br>

<p><span class=""style1"">內容量: </span> 240公克/包</p>
<p><span class=""style1"">產地: </span> 台灣</p>
<p><span class=""style1"">保存期限: </span>12個月<br>
<br>

<p><span class=""style1"">注意事項：</span> 請置於陰涼處，避免日曬；開封後請密封冷藏保存，並請儘快食用完畢。<br>
<br>
<p><span class=""style1"">過敏原資訊：</span> 本產品含有堅果、含有麩質的穀類和大豆製品，不適合對其過敏體質者食用。","
 宅配、 超商取貨","https://www.organicshops.cc/product.aspx?id=6875","2026-07-10T06:28:18.404Z"
"7754","26320","淨暢乳酸菌PLUS雙寡糖","特惠專區","買1送1必買區","商品簡述：
 「淨暢乳酸菌PLUS雙寡糖+」選用8大乳酸菌、木寡糖及果寡糖，及日本專利水溶性膳食纖維，並使用特殊3層晶球式包覆技術，幫助改變菌叢生態，並且搭配草莓口味，酸甜好入口，清淨舒暢少煩惱。","640","640","/products/7754/main.jpg","/products/7754/gallery-01.jpg","<br>
<br>
<br>
<p>1.<strong> 8</strong><strong>株活性乳酸菌</strong> <br>
選用8株活性乳酸菌(A、B、C菌、LGG菌、龍根菌、乳酸乳球菌、LP28菌、雷特氏B菌)，大量進駐，幫助改變菌叢生態，使好菌增加，壞菌減少。 <br>
  Plus雙寡糖: 木寡糖及果寡糖可幫助益生菌生長。 <br><br>
2.<strong> </strong><strong>複合專利消化酵素DIGEZYME</strong><strong>®</strong><strong> </strong><br>
  美國專利複合酵素，可幫助維持消化道機能，使排便感產生。 <br><br>
3.<strong> </strong><strong>日本專利水溶性膳食纖維Fibersol</strong><strong>®</strong><strong>2</strong><br>
  在日本擁有多達86項保健的認證，補充不足的膳食纖維，可促進腸道蠕動。 <br><br>
4.<strong> 3</strong><strong>層晶球式包覆技術~有效保護乳酸菌活性及數量</strong></p>
<p>  由於乳酸菌不耐酸，通常在經過胃時，會被胃酸所侵蝕，存活量通常不多，故使用特殊3層晶球 式包覆技術，由第一層助益菌素層，幫助益菌存活生長，第二層活性保護層，確保益菌活性不受破壞，第三層耐酸包覆膜讓乳酸菌順利通過胃酸，有效保護乳酸菌活性及數量。","<span class=""style1"">原料: </span>D-山梨醇(甜味劑)、氧化鎂、乳酸菌粉(乳糖、Lactobacillus plantarum LP28、Lactobacillus rhamnosus、Bifidobacterium bifidum、Bifidobacterium longum、Lactobacillus acidophilus、Lactococcus lactis subsp. lactis、Lactobacillus casei、Bifidobacterium animalis subsp. lactis)、草莓果汁粉(砂糖、麥芽糊精、草莓濃縮汁、氧化澱粉(樹薯)、檸檬酸、檸檬酸鈉、香料、蘋果酸、紅甜菜汁、婀娜多色素)、Fibersol®-2(玉米來源可溶性纖維)、脫脂奶粉、麥芽糖醇(甜味劑)、赤藻糖醇(甜味劑)、D-木糖醇(甜味劑)、果寡糖、香料、DL-蘋果酸、檸檬酸、木寡糖、維生素C、草莓萃取物(麥芽糊精、草莓萃取物)、複合型酵素(麥芽糊精、發酵小麥麩皮萃取物(α-澱粉分解酵素、中性蛋白質分解酵素、乳糖分解酵素、脂肪分解酵素、纖維分解酵素))。</p>

<p><span class=""style1"">食品添加物:</span>D-山梨醇(甜味劑)、氧化鎂、氧化澱粉(樹薯)、檸檬酸、檸檬酸鈉、香料、蘋果酸麥芽糖醇(甜味劑)、赤藻糖醇(甜味劑)、D-木糖醇(甜味劑)、DL-蘋果酸、維生素C</p>
<br>

<br>
<br>

<span class=""style1"">成分與規格:</span>5g*20包/盒 (草莓口味)<br>

<p><span class=""style1"">產地:</span>台灣</p>
<p><span class=""style1"">保存期限</span>: 24個月<br>
<br>
<span class=""style1"">食用方式:</span><br> 
 (1)每次一包，倒入口中，食用後請多喝開水。<br>
 (2)每日一次，中餐或晚餐飯後30分鐘食用。 

<br><br><span class=""style1"">注意事項: </span>保存於常溫下之陰涼處(<30℃)，避免陽光直接照射。<br>
<p><span class=""style1"">過敏原資訊: </span>本產品含牛奶及大豆製品(來自乳酸菌粉)。","
 宅配、 超商取貨","https://www.organicshops.cc/product.aspx?id=7754","2026-07-10T06:28:21.553Z"
"12583","08158","雞高湯","特惠專區","買1送1必買區","商品簡述：
 不添加味精、防腐劑與香料，非雞湯塊或雞粉還原，味道濃郁、滴滴精華。","150","150","/products/12583/main.jpg","/products/12583/gallery-01.jpg","<br>
<br>
<br>
統一生機雞高湯製作過程只用雞肉與水，經長時間的熬煮之後去油、去渣，湯體呈現金黃色，味道濃郁香醇。製作過程中不添加味精、防腐劑、與香料，更非雞湯塊或雞粉還原的雞湯，原汁原味。雞高湯可應用在煮湯、煮粥、炒菜或是用來當作火鍋湯底。料理時可依個人喜好加水調整其濃度。<br>
<br>
<p><span class=""style1"">加熱調理條件：</span><br>
1.解凍後，剪開外包裝袋，將雞高湯倒入可加熱容器中，加熱至沸騰即可食用。<br> 
2.本產品解凍後可依個人喜好加水調整其濃度，即可直接應用於煮粥、煮湯、炒菜等料理。","<p><span class=""style1"">原料：</span>雞肉、水 <br>

<p><span class=""style1"">食品添加物名稱:</span> 無  <br>
<br><br>
<p><span class=""style1"">內容量：</span>500公克 <br>


<p><span class=""style1"">原產地：</span>台灣 <br>
<span class=""style1"">保存期間：</span>12個月<br><br>


<p><span class=""style1"">保存方法及條件:</span><br>
須冷凍於-18℃以下，保存期間係指未開封前在-18℃以下可保存天數，開封後請盡快食用以確保品質。 <br>
建議解凍方式:使用前請將產品放於冰箱冷藏室解凍。


<br><br><span class=""style1"">注意事項: </span><br>

1.	加熱調理條件請視實際狀況作調整。<br>
2.	避免存放在高溫或日光直射處。<br>
3.	本產品內容物不含雞肉塊。<br>
4.     本生產線亦生產含有牛奶的產品。<br>","
 宅配、 超商取貨","https://www.organicshops.cc/product.aspx?id=12583","2026-07-10T06:28:24.833Z"
"10421","08339","智利鮭魚輪切(L)(300g)","特惠專區","買1送1必買區","商品簡述：
 鮭魚有油脂、蛋白質及OMEGA-3，被視為優質的蛋白質來源之一。","480","480","/products/10421/main.jpg","/products/12808/gallery-01.jpg|/products/12808/gallery-02.jpg","<br>
<br>
<br>
「鮭魚」是國人熟悉且喜愛的食用魚種之一，其魚肉有油脂、蛋白質及OMEGA-3，被視為優質的蛋白質來源之一。料理方式多樣化，中、西式料理皆宜，更是國人冰箱中不可或缺的食材之一。<br>
<br>
統一生機優質鮭魚來自清澈、冰涼的智利海域，因海水溫度低，使鮭魚肉本身油脂豐富，肉質滑嫩鮮美、不乾柴，捕撈後急速冷凍，以保持魚肉的新鮮與美味。<br>
<br>
為了讓您更安心的食用，我們的鮭魚定期安排檢驗，動物用藥、重金屬及抗生素皆檢驗合格，請您與家人一同享用這五星級的美味。<br>
<br>
我們的智利鮭魚輪切厚度約2.5公分，厚度適中，料理方便，口感更佳。","<p><span class=""style1"">原料: </span>鮭魚</p>
<p><span class=""style1"">食品添加物名稱: </span>無</p>
<p><span class=""style1"">內容量:</span> 300公克/包</p>
<p><span class=""style1"">原產地: </span>智利</p>
<p><span class=""style1"">保存期間:</span> 12個月</p>

<p><span class=""style1"">保存方法及條件:</span> 
須冷凍於-18℃以下，保存期間係指未開封前在-18℃以下可保存天數，開封後請儘快食用以確保品質。</p>

<p><span class=""style1"">建議解凍方式:</span> 
使用前請將產品放於冰箱冷藏室解凍。

<br><br><span class=""style1"">加熱調理條件: </span>解凍後，使用煎、烤、蒸方式加熱至熟即可。
加熱調理條件請視實際狀況做調整。<br>

<br><span class=""style1"">過敏原資訊:</span>本產品含魚類。","
 宅配、 超商取貨","https://www.organicshops.cc/product.aspx?id=10421","2026-07-10T06:28:27.983Z"
"9050","17048","有機枸杞原汁(10件組)","特惠專區","多件組優惠","商品簡述：
 *100%有機枸杞鮮果壓榨，不加水、蔗糖，非濃縮還原
*不添加防腐劑、人工色素及香料
*每包(30ml)相當於90公克新鮮枸杞
*軟袋隨身包，隨時補充枸杞精華","7200","3500","/products/12677/main.jpg","/products/12677/gallery-01.jpg|/products/12677/gallery-02.jpg","<br>
<br>
<br>
<br>
喝的枸杞新上市！隨時補充枸杞精華<br>
一天一包，營養補給、健康維持，生活晶彩明亮！<br>
眾多使用枸杞之愛好者敲碗已久的「有機枸杞原汁」上市囉！統一生機特別挑選不使用農藥和化學肥料栽種之有機枸杞鮮果，來自地廣人稀的枸杞之鄉-青海，枸杞鮮果皮薄易破，須全程手工採摘，經物理式兩道研磨，口感細緻滑順，不添加水、蔗糖，非濃縮還原，100%來自有機枸杞鮮果。<br>
<br>
不添加防腐劑、人工色素及香料，不添加人工添加物，安心實在。<br>
使用軟袋隨身包，特別推薦給需要營養補充者、忙碌的上班族，一天一包，方便好攜帶！<br>
*精選無農藥和化肥栽培有機枸杞鮮果，手工採摘，冷鏈運輸專業加工。<br>
*不加水物理式兩道細緻研磨，滿滿枸杞鮮果精華。<br>
*不添加防腐劑、人工色素及香料；不添加檸檬酸、維生素Ｃ，風味純粹。<br>
*軟袋隨身包，方便隨時補充營養，每包(30ml)枸杞汁，相當於90公克枸杞(約80顆)。<br>



<br>
有機驗證機構名稱：采園生態驗證有限公司  <br>
驗證證書字號：1-008-202001
<br>","<strong class=""style1"">原料：</strong>有機枸杞(中國)<br />

 <strong class=""style1"">食品添加物：</strong>無 <br />
  <strong class=""style1"">規格（內容量）：</strong>30毫升*10包/盒 <br />
  <strong class=""style1"">原產地(國)：</strong>中國大陸<strong> </strong><br />
  <span class=""style1""><strong>保存期間：</strong></span><strong>18個月</strong>
<br>
<br>
<br>
<br><span class=""style1"">注意事項: </span><br>
*請置於乾燥陰涼處、避免陽光直射。<br>
*開封後請儘快飲用完畢，冷藏後風味更佳。<br>
*本產品為枸杞鮮果壓榨而成，如有果肉沉澱屬自然現象。<br>
*建議用量一天一包，飯後飲用。<br>
*孕婦可飲用，一歲以下幼兒不建議飲用；若有疾病、服用藥物或肝腎功能不佳者食用前請先諮詢醫師。<br>

<br>
 <strong class=""style1"">過敏原資訊：</strong>無 <br />","
 宅配、 超商取貨","https://www.organicshops.cc/product.aspx?id=9050","2026-07-10T06:28:32.180Z"
"12832","242501","Bragg有機蘋果醋 946ml/瓶(6件組)","特惠專區","多件組優惠","商品簡述：
 *由有機蘋果發酵而成的生醋，保留營養豐富之可食用醋母。
*不添加糖、化學添加物等。","3294","2198","/products/12832/main.jpg","/products/12832/gallery-01.jpg|/products/12832/gallery-02.jpg|/products/12832/gallery-03.jpg","<br>
<br>
<br>
<br>
     <br>
由有機蘋果釀造發酵而成的生醋，不精緻過濾、未經加熱滅菌程序，保留醋內所有的菌種。<br>
*保留豐富且可食用的醋母(呈現雲網狀懸浮)，具有珍貴的營養。<br>
*不添加人工製糖、化學添加劑及防腐劑。<br>
*適合稀釋飲用或料理佐菜，亦可做為釀製果醋的底醋。<br>
<br>
有機驗證機構：Oregon Tilth Certified Organic (OTCO)","<span class=""style1"">原料:</span>有機蘋果醋、水</p>

<p><span class=""style1"">食品添加物名稱:</span>無</p>

</p>

<span class=""style1"">規格：</span>946毫升/瓶(pH值約3、醋酸度約5%)</p>

<span class=""style1"">產地：</span>美國</p>



<BR><br>
<br>
<span class=""style1"">保存期限：</span>5年(係指未開封狀態且正常條件下之保存。開封後建議冷藏保存)</p>

<br><span class=""style1"">注意事項: </span><br>
1.	建議調製比例為醋一大匙(15ml)加入水250ml。可加入少許蜂蜜調味。<br>
2.	如有沉澱物，為醋母及果渣乃屬正常，使用前請先搖勻。<br>
</p>


<span class=""style1"">過敏原資訊：</span>無</p>","
 宅配","https://www.organicshops.cc/product.aspx?id=12832","2026-07-10T06:28:36.506Z"
"9923","242501","Bragg有機蘋果醋 946ml/瓶(3件組)","特惠專區","多件組優惠","商品簡述：
 *由有機蘋果發酵而成的生醋，保留營養豐富之可食用醋母。
*不添加糖、化學添加物等。","1647","1299","/products/12832/main.jpg","/products/12832/gallery-01.jpg|/products/12832/gallery-02.jpg|/products/12832/gallery-03.jpg","<br>
<br>
<br>
<br>
     <br>
由有機蘋果釀造發酵而成的生醋，不精緻過濾、未經加熱滅菌程序，保留醋內所有的菌種。<br>
*保留豐富且可食用的醋母(呈現雲網狀懸浮)，具有珍貴的營養。<br>
*不添加人工製糖、化學添加劑及防腐劑。<br>
*適合稀釋飲用或料理佐菜，亦可做為釀製果醋的底醋。<br>
<br>
有機驗證機構：Oregon Tilth Certified Organic (OTCO)","<span class=""style1"">原料:</span>有機蘋果醋、水</p>

<p><span class=""style1"">食品添加物名稱:</span>無</p>

</p>

<span class=""style1"">規格：</span>946毫升/瓶(pH值約3、醋酸度約5%)</p>

<span class=""style1"">產地：</span>美國</p>



<BR><br>
<br>
<span class=""style1"">保存期限：</span>5年(係指未開封狀態且正常條件下之保存。開封後建議冷藏保存)</p>

<br><span class=""style1"">注意事項: </span><br>
1.	建議調製比例為醋一大匙(15ml)加入水250ml。可加入少許蜂蜜調味。<br>
2.	如有沉澱物，為醋母及果渣乃屬正常，使用前請先搖勻。<br>
</p>


<span class=""style1"">過敏原資訊：</span>無</p>","
 宅配","https://www.organicshops.cc/product.aspx?id=9923","2026-07-10T06:28:41.582Z"
"12831","24811","有機燕麥豆漿(箱)(免運)(2件組)","特惠專區","多件組優惠","商品簡述：
 有機黃豆Ｘ有機燕麥 雙植物飲新選擇
成分單純，濃郁口感","1872","1458","/products/12831/main.jpg","/products/12831/gallery-01.jpg","<br>
<br>
除了市面上常見的豆漿，你還可以有新的選擇!
<br><br>
統一生機將有機豆漿結合有機燕麥飲，雙植物性蛋白質來源，滑順豆漿加入濃厚燕麥香氣與口感，濃郁好喝不膩口，不用再猶豫要怎麼選，營養更全面，口感更豐富。隨手一瓶，方便好攜帶。
<br>
<br>
驗證機構：財團法人和諧有機農業基金會<br>
驗證證書字號：1-010-300755","<span class=""style1"">原料:</span>
水、有機黃豆(美國)、有機燕麥仁(芬蘭)、有機紅蔗糖(巴西)<br>
<br>
<span class=""style1"">食品添加物:</span>
無<br>
<br>
<br><br>

<span class=""style1"">保存期間:</span>12個月（保存期間係指未開封狀態且正常條件下之保存）<br>
<br>
<span class=""style1"">規格:</span>245毫升*24瓶/箱<br>
<span class=""style1"">產地:</span>台灣<br>
<br><span class=""style1"">注意事項: </span><br>
*請置於陰涼處，避免陽光直射，開封後請儘速食用完畢。<br>
*本產品不添加食品添加物，沉澱物、浮油係植物纖維及植物油脂，食用前請先搖動均勻。
<br>
<br><span class=""style1"">過敏原資訊:</span>本產品含大豆及含麩質之穀物。","
 宅配","https://www.organicshops.cc/product.aspx?id=12831","2026-07-10T06:28:46.641Z"
"12830","25515","星米果-牛奶風味(6件組)","特惠專區","多件組優惠","商品簡述：
 嚴選台灣花蓮富麗米，純米膨發，添加乳脂含量99.8%進口無水奶油，不添加味精、人工香料，自然奶香，酥脆爽口好健康。","234","175","/products/12830/main.jpg","/products/12830/gallery-01.jpg","<br>
<br>
<br>
‧嚴選花蓮富麗米，純米膨發，非油炸 <br>
‧不添加味精、防腐劑、人工香料
<br>
<br>
<iframe width=""658"" height=""370"" src=""https://www.youtube.com/embed/ihIXeaQ1jBU"" frameborder=""0"" allow=""accelerometer; autoplay; encrypted-media; gyroscope; picture-in-picture"" allowfullscreen></iframe>","<p><span class=""style1"">原料</span>:白米、蔗糖、水、棕櫚油、全脂奶粉、無水奶油<br>

<p><span class=""style1"">食品添加物</span>:無<br><br>

<br>
  <span class=""style1""><br>
  保存期限:</span>12個月(係指未開封狀態且正常條件下之保存)<br>

  <span class=""style1"">規格</span>: 50公克<br>
 <span class=""style1"">產地</span>: 台灣<br>

<br><span class=""style1"">注意事項: </span><br>

本產品含牛奶製品，本生產線亦生產含花生、蛋、芝麻、含麩質之穀物、大豆及其製品。","
 宅配、 超商取貨","https://www.organicshops.cc/product.aspx?id=12830","2026-07-10T06:28:49.855Z"
"12829","25865","海鹽檸檬糖25Ｇ(袋裝) 6件組","特惠專區","多件組優惠","商品簡述：
 台灣本土檸檬X日曬海鹽
選用台灣在地檸檬，採以原汁乾燥技術，保留檸檬的香氣及營養，沁涼薄荷搭配統一生機日曬海鹽，生津止渴、潤喉提神，適合運動後補充鹽分、遠行出國皆適宜。","294","219","/products/12829/main.jpg","","選用台灣在地檸檬<br>
使用統一生機日曬海鹽<br>
台灣本土檸檬X日曬海鹽<br>
選用台灣在地檸檬，採以原汁乾燥技術，保留檸檬的香氣及營養，沁涼薄荷搭配統一生機日曬海鹽，生津止渴、潤喉提神，適合運動後補充鹽分、遠行出國皆適宜。<br>
<br>
支持在地農業-台灣在地檸檬<br>
選用台灣在地檸檬，採以原汁乾燥技術成粉，保留檸檬自然香氣。<br>
<br>
日曬海鹽<br>
自然日曬，美味加分<br>
    來自聯合國教科文組織列為生態保留區，自然原始的潔淨海域，僅
    經陽光日曬、風乾結晶而成，保留海水中微量元素，以傳統日曬海
    鹽工法，守護環境與大自然和諧共生。<br>
<br>
不添加抗結塊劑，健康加分<br>
製鹽過程中不經化學精製、漂白，不以人工輔助劑提高海鹽產量，
    完全憑藉自然生態系統取得，重金屬檢驗合格，不添加抗結塊劑及
    人工添加物。","<span class=""style1"">原料: </span><br>
蔗糖、麥芽糖、檸檬粉（檸檬汁、麥芽糊精）、椰子油、阿拉伯膠、檸檬酸、青梅粉（青
      梅、食鹽）、抗氧化劑（維生素C）、大豆卵磷脂、日曬海鹽、L-薄荷腦、薑黃色素(葡萄
      糖漿、薑黃素、甜菜果膠)、棕櫚蠟

<br>
<br>


  <span class=""style1"">規格:</span>25公克/盒<br>
 <span class=""style1"">原產地:</span>台灣<br>
 <br>
  <span class=""style1"">營養標示</span><br>
<br>
註：營養標示數據若與包裝上有差異，請以實際包裝為準<br>
<br>

<span class=""style1"">保存期間:</span>12個月(係指未開封狀態且正常條件下之保存)<br>
<span class=""style1"">過敏原: </span>本產品含大豆製品，本生產線亦生產含牛奶的產品。<br>
<span class=""style1"">保存方法:</span>開封後請密封保存，並請儘早食用完畢<br>

<br>","
 宅配、 超商取貨","https://www.organicshops.cc/product.aspx?id=12829","2026-07-10T06:28:52.914Z"
"12828","23240","Coco dee Salam 椰子水(6件組)","特惠專區","多件組優惠","商品簡述：
 泰國知名椰子水品牌：Coco dee Salam，泰國原裝進口，品質有保證!
使用泰國100%新鮮椰子，添加泰國當地椰子特有品種-香水椰子，椰香沁心，清甜爽口
果汁含量100%，非濃縮還原，新鮮喝得到!","720","510","/products/12823/main.jpg","/products/12823/gallery-01.jpg|/products/12823/gallery-02.jpg|/products/12823/gallery-03.jpg|/products/12823/gallery-04.jpg","<br>
<br>
除了市面上的椰子水，你可以有更好的選擇!<br><br>

嚴選統一企業集團泰國公司生產知名椰子水品牌：Coco dee Salam，泰國原裝進口，品質有保證，深受國際市場好評。<br><br>

Coco dee Salam椰子水使用泰國100%新鮮椰子，精心挑選優良椰子品種，用心栽種，每顆椰子都是以人工採摘，篩選符合標準之椰子，製做成Coco dee Salam椰子水。<br><br>

獨家黃金比例，添加泰國當地椰子特有品種-香水椰子，清香椰子，香甜滋味，在口中的極致享受，彷彿來到海島般的清新舒暢，日常補水不負擔，清爽解渴，適合運動後補充，香甜滋味魅力無法擋!","<strong class=""style1"">原料：</strong>椰子水<br />

 <strong class=""style1"">食品添加物：</strong>無 <br />
  <strong class=""style1"">規格（內容量）：</strong>1公升/瓶<br />
  <strong class=""style1"">產地：</strong>泰國<strong> </strong><br>

<br>
<br>

<br>
  <span class=""style1""><strong>保存期間：</strong></span><strong>15個月（保存期間係指未開封狀態且正常條件下之保存）</strong> 

<br><span class=""style1"">注意事項: </span><br>
(1)	開封後請放置冷藏，並請儘速飲用完畢。<br>
(2)	產品風味和色澤會隨季節有些許不同，為正常現象。
<br>
<br>

  <strong class=""style1"">過敏原資訊：</strong>本產品含堅果。<strong> </strong><br />","
 宅配、 超商取貨","https://www.organicshops.cc/product.aspx?id=12828","2026-07-10T06:28:55.011Z"
"12790","24320","明日葉精力湯經濟分享包(2件組)","特惠專區","多件組優惠","商品簡述：
 明日葉精力湯─健康打底，提升保護力
「今日葉子摘了，明日就長出芽。」明日葉因此得名，展現強盛生命力。在台灣別名是「長壽草」，原產地在日本八丈島，相關營養、藥學研究，更是不勝枚舉。統一生機明日葉精力湯採用來自台灣本土栽種明日葉，融合近30種全穀、豆類、堅果等養生食材精華，適合全家大小每日補充，可當早餐、三餐間或熬夜時的點心，即沖即飲、攜帶方便。在忙碌的生活裡，給您簡單方便的營養補給、健康維持！","900","678","/products/12790/main.jpg","/products/12790/gallery-01.jpg|/products/12790/gallery-02.jpg|/products/12790/gallery-03.jpg|/products/12790/gallery-04.jpg","<br>

<br>

<br>
<br>

<iframe width=""560"" height=""315"" src=""https://www.youtube.com/embed/NylhSZO9Dy4?si=pgG7-IWLH-7vEPYZ"" title=""YouTube video player"" frameborder=""0"" allow=""accelerometer; autoplay; clipboard-write; encrypted-media; gyroscope; picture-in-picture; web-share"" referrerpolicy=""strict-origin-when-cross-origin"" allowfullscreen></iframe>
採用栽種於台灣的明日葉，涼爽濕潤的土壤氣候，醞釀出在地食材的精華。融合多種 穀物及食材，以傳統養生概念調配，補充每日所需營養；均衡攝取，維持消化道機 能。<br>
<br>
 ＊明日葉低溫乾燥磨粉，保留食材精華。<br>
 ＊多種穀物元素， 營養更全面。<br>
 ＊不添加防腐劑、人工色素、人工香料。 <br>","<strong class=""style1"">原料：</strong><br>
  綜合榖粉（非基改造黃豆、非基改造玉米、小麥、明日葉、綠茶、牧草、糙米、綠豆、黑糯米、高粱、黑芝麻、青碗豆、紅豆、芡實、紅小麥、白薏仁、山藥、燕麥、白鳳豆、米豆、蕎麥、雪蓮子、花豆、杏仁、黑棗萃取物、小米、大麥、甘草萃取物、芡實萃取物、蓮子萃取物）、全脂乳粉、麥芽糊精、菊苣纖維、蔗糖。
<p><br>
 <strong class=""style1"">食品添加物：</strong>  無<br>
  <strong class=""style1"">內容量：</strong>  30公克*12 包 /袋 <br>
  <span class=""style1""><strong>產地：</strong></span><strong>台灣 </strong><br>
  <span class=""style1""><strong>保存期間：</strong></span><strong>24個月 </strong>(保存期間係指未開封狀態且正常條件下之保存)<strong></strong><br><br>
  
<br>


<br><span class=""style1"">過敏原資訊：</span>本產品含大豆、含麩質之穀物、芝麻、堅果及牛奶製品。","
 宅配、 超商取貨","https://www.organicshops.cc/product.aspx?id=12790","2026-07-10T06:29:01.390Z"
"12754","08298","蔥油土雞腿(3件組)","特惠專區","多件組優惠","商品簡述：
 *選用在地土雞腿，去骨全腿使用，肉質紮實，雞皮Q彈
*添加統一生機日曬海鹽調味
*鮮味雞汁與鹹香蔥油的完美搭配
*成分單純，不添加味精、防腐劑","1440","864","/products/12806/main.jpg","/products/12806/gallery-01.jpg|/products/12806/gallery-02.jpg","<br>
<br>
在地土雞腿經人工去骨，以雞高湯醃漬入味，肉質紮實多汁，香而不膩，雞皮Q彈，膠質豐富的冰涼肉凍，在口中溫柔的化開，搭配蔥油包，蔥香四溢，鹹香爽口，讓您食慾大開。
*選用在地土雞腿，去骨全腿使用，肉質紮實，雞皮Q彈<br>
*添加統一生機日曬海鹽調味<br>
*鮮味雞汁與鹹香蔥油的完美搭配<br>
*成分單純，不添加味精、防腐劑<br><br>

食用方式：<br>
於冷藏條件下放至完全解凍後，切片淋上所附蔥油即可食用，並請儘速食用完畢","<p><span class=""style1"">原料: </span><br>
土雞腿：土雞腿肉、雞高湯(雞肉、水、日曬海鹽)、蔥油(大豆沙拉油、紅蔥頭)<br>
蔥油包：大豆沙拉油、紅蔥頭
<br>
<br>
<p><span class=""style1"">食品添加物名稱: </span>無<br>


<p><span class=""style1"">規格:</span><br>
土雞腿：450公克/盒 (固形量：350公克)<br>
蔥油包：15毫升X1包<br>
<br>

<p><span class=""style1"">原產地: </span>台灣</p>
<p><span class=""style1"">保存期間:</span> 12個月<br>

<p><span class=""style1"">注意事項(含保存條件):</span> 須冷凍於-18℃以下，保存期間係指未開封前在-18℃以下可保存天數，開封後請儘快食用以確保品質<br>



<p><span class=""style1"">調理條件:</span> 於冷藏條件下放至完全解凍後，切片淋上所附蔥油包即可食用，並請儘速食用完畢<br>
<br>

<span class=""style1"">營養標示:</span> </p>

土雞腿 <br>
<br>
<br>
蔥油包<br>
<br>","
 宅配、 超商取貨","https://www.organicshops.cc/product.aspx?id=12754","2026-07-10T06:29:07.533Z"
"12753","08004","豬梅花火鍋肉片(6件組)","特惠專區","多件組優惠","商品簡述：
 飼育過程中餵食以玉米及黃豆成分為主的穀物性飼料，肉質鮮甜軟嫩。
瘦肉精(乙型受體素)未檢出","1434","858","/products/12805/main.jpg","/products/12805/gallery-01.jpg|/products/12805/gallery-02.jpg","<br>
<br>
<br>
<p>飼育過程中餵食以玉米及黃豆成分為主的穀物性飼料，肉質鮮甜軟嫩，飼養過程中隔絕病媒，讓豬隻生活在乾淨的生長環境，自然不容易生病。<br>
<br>
梅花肉是油脂分布勻稱的部位，因肉質紋路貌似梅花而得名，其產量少是限量熱門商品，適合火鍋、煎烤、炒肉。 
<br><br>
<br>","<span class=""style1"">原料: </span>豬肉<br>
<p><span class=""style1"">食品添加物名稱:</span> 無  <br>
<p><span class=""style1"">內容量:</span> 200公克</p>
<p><span class=""style1"">原產地: </span>台灣</p>
<p><span class=""style1"">保存期間:</span> 6個月</p>

<p><span class=""style1"">保存方法及條件:</span> 
須冷凍於-18℃以下，保存期間係指未開封前在-18℃以下可保存天數，開封後請儘快食用以確保品質。</p>

<p><span class=""style1"">建議解凍方式:</span> 
使用前請將產品放於冰箱冷藏室解凍。</p>

<br><span class=""style1"">注意事項: </span>

避免存放在高溫或日光直射處。","
 宅配、 超商取貨","https://www.organicshops.cc/product.aspx?id=12753","2026-07-10T06:29:12.254Z"
"12747","08334","藻晨雞(雞腿切塊)(6件組)","特惠專區","多件組優惠","商品簡述：
 口感較為紮實，飼養時間長，雞隻發育較好，較一般肉雞更有風味","2334","1398","/products/12804/main.jpg","/products/12804/gallery-01.jpg","<br>
<br>
<br>


</P>
產品介紹：<br>
1. 豐富且專業的飼養經驗：牧場以專業家禽養殖業起家，具30年以上專業養殖技術，從傳統養殖技術到現在輔以科技化資訊養殖。<br>
<br>
2. 飲食：<br>
   (1)飼料添加益生菌及小球藻，幫助雞隻健康。<br>
飼料與專業的合格飼料廠合作，飼料內添加與南台科技大學生物系褚俊傑教授研究的小球藻，用以增強雞隻抵抗力。<br>
   (2)飼料逐批檢驗，包括動物用藥及抗生素檢驗，以確認雞隻食用的安全。<br>
   (3)水源為自來水，自來水需經軟水系統層層過濾後，才可給雞隻飲用。<br>
<br>
3. 智能化自動環控系統：<br>
   (1)禽舍位於雲林鄉間，牧場周圍無工業活動，環境單純。<br>
   (2)六星級禽舍，採用各項高科技設備管理禽舍的軟、硬體環境，並透過各項大數據資料監控雞群的生長狀況。<br>
*噴霧及水濂降溫設備進行自動溫濕度控制。<br>
*自動化給料給水設備，經由大數據了解雞群的飲水量、飼食量，監控雞群的生長狀況。<br>
   (3)定時播放音樂，穩定雞隻情緒。<br>
   (4)雞隻採走地式飼養，提供充足的活動空間。<br>
   (5)在地上鋪稻穀，除可吸收糞便中水氣外，避免場內潮濕，亦可做為雞隻沙浴的替代物，讓雞隻保有天性與維持毛皮清潔。<br>
<br>
4. 專業屠宰：<br>
   (1)熟齡飼養(飼養12週左右)。<br>
   (2)經由專業、合法電宰場屠宰，全程低溫作業並經駐場獸醫師檢驗合格。<br>
   (3)產品採用急速冷凍，保存雞肉最新鮮的狀態。<br>
<br>
5. 產銷履歷：<br>
   (1)從育種－>孵化－>養殖－>屠宰－>包裝－>出貨，專業一條龍作業<br>
   (2)履歷生產從生產、運輸、銷售到消費者手中，皆可追蹤。從產地到餐桌資訊透明看得見。","<p><span class=""style1"">原料: </span>雞肉</p>
<p><span class=""style1"">食品添加物名稱: </span>無</p>
<p><span class=""style1"">內容量:</span> 500g/包</p>
<p><span class=""style1"">原產地: </span>台灣</p>
<p><span class=""style1"">保存期間:</span> 12個月</p>

<p><span class=""style1"">注意事項(含保存條件):</span> <br>
1.須冷凍於-18℃以下，保存期間係指未開封前在-18℃以下可保存天數，開封後請儘快食用以確保品質</p>
2.避免存放在高溫或日光直射處<br>

<p><span class=""style1"">加熱調理條件:</span> 解凍後，適合煮湯、燉煮、炒、炸、蒸等料理方式，完全加熱後即可食用。<br>
加熱調理條件請視實際狀況做調整。<br>



<br><span class=""style1"">過敏原資訊: </span>無</p>","
 宅配、 超商取貨","https://www.organicshops.cc/product.aspx?id=12747","2026-07-10T06:29:17.060Z"
"12748","08335","藻晨雞(去骨雞腿)(6件組)","特惠專區","多件組優惠","商品簡述：
 口感較為紮實，飼養時間長，雞隻發育較好，較一般肉雞更有風味","2514","1506","/products/12803/main.jpg","/products/12803/gallery-01.jpg|/products/12803/gallery-02.jpg","<br>
<br>
<br>


</P>
產品介紹：<br>
1. 豐富且專業的飼養經驗：牧場以專業家禽養殖業起家，具30年以上專業養殖技術，從傳統養殖技術到現在輔以科技化資訊養殖。<br>
<br>
2. 飲食：<br>
   (1)飼料添加益生菌及小球藻，幫助雞隻健康。<br>
飼料與專業的合格飼料廠合作，飼料內添加與南台科技大學生物系褚俊傑教授研究的小球藻，用以增強雞隻抵抗力。<br>
   (2)飼料逐批檢驗，包括動物用藥及抗生素檢驗，以確認雞隻食用的安全。<br>
   (3)水源為自來水，自來水需經軟水系統層層過濾後，才可給雞隻飲用。<br>
<br>
3. 智能化自動環控系統：<br>
   (1)禽舍位於雲林鄉間，牧場周圍無工業活動，環境單純。<br>
   (2)六星級禽舍，採用各項高科技設備管理禽舍的軟、硬體環境，並透過各項大數據資料監控雞群的生長狀況。<br>
*噴霧及水濂降溫設備進行自動溫濕度控制。<br>
*自動化給料給水設備，經由大數據了解雞群的飲水量、飼食量，監控雞群的生長狀況。<br>
   (3)定時播放音樂，穩定雞隻情緒。<br>
   (4)雞隻採走地式飼養，提供充足的活動空間。<br>
   (5)在地上鋪稻穀，除可吸收糞便中水氣外，避免場內潮濕，亦可做為雞隻沙浴的替代物，讓雞隻保有天性與維持毛皮清潔。<br>
<br>
4. 專業屠宰：<br>
   (1)熟齡飼養(飼養12週左右)。<br>
   (2)經由專業、合法電宰場屠宰，全程低溫作業並經駐場獸醫師檢驗合格。<br>
   (3)產品採用急速冷凍，保存雞肉最新鮮的狀態。<br>
<br>
5. 產銷履歷：<br>
   (1)從育種－>孵化－>養殖－>屠宰－>包裝－>出貨，專業一條龍作業<br>
   (2)履歷生產從生產、運輸、銷售到消費者手中，皆可追蹤。從產地到餐桌資訊透明看得見。","<p><span class=""style1"">原料: </span>雞肉</p>
<p><span class=""style1"">食品添加物名稱: </span>無</p>
<p><span class=""style1"">內容量:</span> 350g/包</p>
<p><span class=""style1"">原產地: </span>台灣</p>
<p><span class=""style1"">保存期間:</span> 12個月</p>

<p><span class=""style1"">注意事項(含保存條件):</span> <br>
1.須冷凍於-18℃以下，保存期間係指未開封前在-18℃以下可保存天數，開封後請儘快食用以確保品質</p>
2.避免存放在高溫或日光直射處<br>

<p><span class=""style1"">加熱調理條件:</span> 解凍後，適合煮湯、燉煮、炒、炸、蒸等料理方式，完全加熱後即可食用。<br>
加熱調理條件請視實際狀況做調整。<br>



<br><span class=""style1"">過敏原資訊: </span>無</p>","
 宅配、 超商取貨","https://www.organicshops.cc/product.aspx?id=12748","2026-07-10T06:29:21.054Z"
"12749","08080","金目鱸魚片(6件組)","特惠專區","多件組優惠","商品簡述：
 其肉質鮮美細嫩而富有彈性，口感極佳，煮湯最能顯現出鱸魚的清甜。","1800","864","/products/12802/main.jpg","/products/12802/gallery-01.jpg|/products/12802/gallery-02.jpg","<br>
<br>
<br>
優質金目鱸魚，其肉質鮮美細嫩而富有彈性，口感極佳，因其肉質鮮嫩，煮湯最能顯現出鱸魚的清甜、健康的珍貴食材值得您細細品嚐。產品已切片處理，方便您進行料理。</p>
<br>
抗生素、生長激素、重金屬檢驗合格。<br>
<p><span class=""style1"">調理建議:</span> 香煎、糖醋、清蒸、煮湯。</p>","<span class=""style1"">原料: </span>金目鱸魚</p>
<span class=""style1"">食品添加物名稱:</span>  無 <br>
<p><span class=""style1"">內容量:</span> 250公克/包</p>
<p><span class=""style1"">原產地: </span>台灣</p>
<p><span class=""style1"">保存期間:</span> 12個月</p>

<p><span class=""style1"">保存方法及條件:</span> 
須冷凍於-18℃以下，保存期間係指未開封前在-18℃以下可保存天數，開封後請儘快食用以確保品質。</p>

<p><span class=""style1"">建議解凍方式:</span> 
使用前請將產品放於冰箱冷藏室解凍。

<br><br><span class=""style1"">注意事項: </span>

 避免存放在高溫或日光直射處。<br>
<br><span class=""style1"">過敏原資訊:</span>本產品含魚類","
 宅配、 超商取貨","https://www.organicshops.cc/product.aspx?id=12749","2026-07-10T06:29:25.909Z"
"12752","08331","鹽漬鯖魚片(6件組)","特惠專區","多件組優惠","商品簡述：
 來自挪威的鯖魚，油脂豐富，輕輕一層薄鹽提升魚肉鮮美的風味不死鹹。","1110","666","/products/12801/main.jpg","/products/12801/gallery-01.jpg","<br>
<br>
<br>
鯖魚是市場上CP值很高的食用魚種之一，天氣越冷鯖魚就越肥美，油脂越豐富。統一生機選用來自挪威的鯖魚，因為海域的緯度高、溫度低，鯖魚為了抵禦低溫及激烈的海流，體內蓄積豐厚的脂肪，因此魚肉油脂豐富。其EPA及DHA也較很多魚種高，營養價值高，相當適合全家人食用的魚種，攝取豐富的營養成分。<br>
<br>
鯖魚片採用薄鹽醃漬的方式，口味清淡，保留魚肉甜度，更增添一股淡淡鹹香，肉質軟嫩可口，無論香煎、烤、炸等烹調方式，都一樣美味可口，一餐一片，在家即享受餐館級日式鯖魚定食！


</p>","<p><span class=""style1"">原料:</span> 鯖魚、食鹽</p>
<p><span class=""style1"">食品添加物名稱:</span> 無  <br>
<p><span class=""style1"">規格: </span>160公克/包</p>
<p><span class=""style1"">原產地: </span>台灣</p>
<p><span class=""style1"">保存期限:</span> 12個月</p>
<br><br>

<span class=""style1"">加熱調理條件:</span>解凍後，使用煎或烤方式加熱至熟即可，
加熱調理條件請視實際狀況做調整。<br>
<br>
<p><span class=""style1"">保存方法及條件:</span>須冷凍於-18℃以下，保存期間係指未開封前在-18℃以下可保存天數，開封後請儘快食用以確保品質。<br>
<br><span class=""style1"">過敏原資訊:</span>本產品含魚類。<br>
<br><span class=""style1"">注意事項: </span>
*避免存放在高溫或日光直射處。","
 宅配、 超商取貨","https://www.organicshops.cc/product.aspx?id=12752","2026-07-10T06:29:30.044Z"
"12750","08318","大比目魚(扁鱈)中段(6件組)","特惠專區","多件組優惠","商品簡述：
 1.來自北極海潔淨海域
2.野生非養殖，沒有土味問題
3.色澤雪白，肉質口感滑順細緻，魚油分佈均勻豐富
4.僅有大刺，方便多年齡層食用，料理食用方便
5.料理方式：紅燒、清蒸、乾煎、酥炸都適合","1860","1116","/products/12800/main.jpg","/products/12800/gallery-01.jpg|/products/12800/gallery-02.jpg","<br>
<br>
<br>
來自地球極北端潔淨的海域，海洋的珍饈，有別於內陸飼養的容易帶有土味。<br>
大比目魚帶有豐富的深海魚油，可以補充平常不易攝取的養分，肉質雪白細緻，魚油分佈均勻，僅有大刺，方便各年齡層食用，料理方式多重，紅燒、清蒸、乾煎、酥炸都是很好的選擇。<br>
產品重量為扣除冰塊的淨重。

</p>","<span class=""style1"">原料: </span>大比目魚   <br>
<p><span class=""style1"">食品添加物名稱:</span> 無  <br>

<p><span class=""style1"">內容量:</span> 200公克</p>
<p><span class=""style1"">原產地: </span>格陵蘭</p>
<p><span class=""style1"">保存期間:</span> 12個月</p>


<p><span class=""style1"">過敏原資訊:</span> 本產品含魚類，不適合對其過敏體質者食用。</p>
<br><span class=""style1"">注意事項: </span><br>
1.需冷凍、解凍後須加熱熟煮後食用，非供即食，應充分加熱。<br>
2.有魚骨食用請小心注意。","
 宅配、 超商取貨","https://www.organicshops.cc/product.aspx?id=12750","2026-07-10T06:29:33.710Z"
"12751","08188","台灣鯛魚片(S)(6件組)","特惠專區","多件組優惠","商品簡述：
 鹹水養殖，肉質緊實彈牙鮮美。","1380","828","/products/12799/main.jpg","/products/12799/gallery-01.jpg|/products/12799/gallery-02.jpg|/products/12799/gallery-03.jpg","</P>
</P>
</P>
台灣鯛又稱吳郭魚，其肉質鮮美、細刺少，鹹水養殖，成長緩慢故肉質緊實鮮美。</p>
<br>
抗生素、生長激素、重金屬檢驗合格。<br>
<p><span class=""style1"">調理建議:</span> 香煎、糖醋、清蒸、煮湯。","<span class=""style1"">原料: </span>台灣鯛魚<br>
<p><span class=""style1"">食品添加物名稱:</span> 無  <br>

<p><span class=""style1"">內容量:</span> 225公克</p>
<p><span class=""style1"">原產地: </span>台灣</p>
<p><span class=""style1"">保存期間:</span> 12個月</p>

<p><span class=""style1"">保存方法及條件:</span> 
須冷凍於-18℃以下，保存期間係指未開封前在-18℃以下可保存天數，開封後請儘快食用以確保品質。</p>

<p><span class=""style1"">建議解凍方式:</span> 
使用前請將產品放於冰箱冷藏室解凍。

<br><br><span class=""style1"">注意事項: </span>
 避免存放在高溫或日光直射處。
<br><br><span class=""style1"">過敏原資訊:</span>本產品含魚類","
 宅配、 超商取貨","https://www.organicshops.cc/product.aspx?id=12751","2026-07-10T06:29:37.906Z"
"12488","01256","葡萄乾隨手包(6件組)","特惠專區","多件組優惠","商品簡述：
 便利好朋友、健康隨手有。
整顆日曬，皮薄肉多。","120","90","/products/12488/main.jpg","/products/12488/gallery-01.jpg","<br>
<br>
<br>
選用來自智利Jumbo規格的葡萄乾，連皮整顆日曬，皮薄肉多，可攝取到整顆葡萄的營養素，吃起來甜中帶點酸，口感Q彈，不甜膩，好滿足。<br>

<br>
<iframe width=""560"" height=""315"" src=""https://www.youtube.com/embed/MeNV6o1ne1Y"" frameborder=""0"" allow=""accelerometer; autoplay; encrypted-media; gyroscope; picture-in-picture"" allowfullscreen></iframe>","<p><span class=""style1"">原料：</span>葡萄乾、葵花油。
</p>
<br>
<p><span class=""style1"">食品添加物: </span>無</p>

<br><br>

<p><span class=""style1"">規格: </span>30公克/包</p>
<p><span class=""style1"">原產地: </span>智利</p>
<p><span class=""style1"">保存期間:</span> 12個月(係指未開封狀態且正常條件下之保存</p>
<p><span class=""style1"">保存條件:</span> 請置於陰涼乾燥處避免日照，開封後請儘早食用完畢</p>
<br>
<span class=""style1"">注意事項: </span><br>
1.開封後未食用完需冷藏並儘快食用完畢。<br>
2.表面若有結晶為果實糖分析出，為正常現象。<br>
3.包裝帶正面為葡萄原果示意圖，經乾燥後轉變為紫黑色。

</p>","
 宅配、 超商取貨","https://www.organicshops.cc/product.aspx?id=12488","2026-07-10T06:29:43.573Z"
"12487","01256","葡萄乾隨手包(12件組)","特惠專區","多件組優惠","商品簡述：
 便利好朋友、健康隨手有。
整顆日曬，皮薄肉多。","240","156","/products/12488/main.jpg","/products/12488/gallery-01.jpg","<br>
<br>
<br>
選用來自智利Jumbo規格的葡萄乾，連皮整顆日曬，皮薄肉多，可攝取到整顆葡萄的營養素，吃起來甜中帶點酸，口感Q彈，不甜膩，好滿足。<br>

<br>
<iframe width=""560"" height=""315"" src=""https://www.youtube.com/embed/MeNV6o1ne1Y"" frameborder=""0"" allow=""accelerometer; autoplay; encrypted-media; gyroscope; picture-in-picture"" allowfullscreen></iframe>","<p><span class=""style1"">原料：</span>葡萄乾、葵花油。
</p>
<br>
<p><span class=""style1"">食品添加物: </span>無</p>

<br><br>

<p><span class=""style1"">規格: </span>30公克/包</p>
<p><span class=""style1"">原產地: </span>智利</p>
<p><span class=""style1"">保存期間:</span> 12個月(係指未開封狀態且正常條件下之保存</p>
<p><span class=""style1"">保存條件:</span> 請置於陰涼乾燥處避免日照，開封後請儘早食用完畢</p>
<br>
<span class=""style1"">注意事項: </span><br>
1.開封後未食用完需冷藏並儘快食用完畢。<br>
2.表面若有結晶為果實糖分析出，為正常現象。<br>
3.包裝帶正面為葡萄原果示意圖，經乾燥後轉變為紫黑色。

</p>","
 宅配、 超商取貨","https://www.organicshops.cc/product.aspx?id=12487","2026-07-10T06:29:46.653Z"
"12134","08339","智利鮭魚輪切(L)(300g)(10件組)","特惠專區","多件組優惠","商品簡述：
 鮭魚有油脂、蛋白質及OMEGA-3，被視為優質的蛋白質來源之一。","4800","2159","/products/12134/main.jpg","/products/12808/gallery-01.jpg|/products/12808/gallery-02.jpg","<br>
<br>
<br>
「鮭魚」是國人熟悉且喜愛的食用魚種之一，其魚肉有油脂、蛋白質及OMEGA-3，被視為優質的蛋白質來源之一。料理方式多樣化，中、西式料理皆宜，更是國人冰箱中不可或缺的食材之一。<br>
<br>
統一生機優質鮭魚來自清澈、冰涼的智利海域，因海水溫度低，使鮭魚肉本身油脂豐富，肉質滑嫩鮮美、不乾柴，捕撈後急速冷凍，以保持魚肉的新鮮與美味。<br>
<br>
為了讓您更安心的食用，我們的鮭魚定期安排檢驗，動物用藥、重金屬及抗生素皆檢驗合格，請您與家人一同享用這五星級的美味。<br>
<br>
我們的智利鮭魚輪切厚度約2.5公分，厚度適中，料理方便，口感更佳。","<p><span class=""style1"">原料: </span>鮭魚</p>
<p><span class=""style1"">食品添加物名稱: </span>無</p>
<p><span class=""style1"">內容量:</span> 300公克/包</p>
<p><span class=""style1"">原產地: </span>智利</p>
<p><span class=""style1"">保存期間:</span> 12個月</p>

<p><span class=""style1"">保存方法及條件:</span> 
須冷凍於-18℃以下，保存期間係指未開封前在-18℃以下可保存天數，開封後請儘快食用以確保品質。</p>

<p><span class=""style1"">建議解凍方式:</span> 
使用前請將產品放於冰箱冷藏室解凍。

<br><br><span class=""style1"">加熱調理條件: </span>解凍後，使用煎、烤、蒸方式加熱至熟即可。
加熱調理條件請視實際狀況做調整。<br>

<br><span class=""style1"">過敏原資訊:</span>本產品含魚類。","
 宅配、 超商取貨","https://www.organicshops.cc/product.aspx?id=12134","2026-07-10T06:29:49.754Z"
"11717","08329","智利鮭魚輪切M(250g)(10件組)(商品效期2026/10/01)","特惠專區","多件組優惠","商品簡述：
 鮭魚有油脂、蛋白質及OMEGA-3，被視為優質的蛋白質來源之一。","4250","1500","/products/11717/main.jpg","/products/12808/gallery-01.jpg|/products/12808/gallery-02.jpg","<br>
<br>
<br>
「鮭魚」是國人熟悉且喜愛的食用魚種之一，其魚肉有油脂、蛋白質及OMEGA-3，被視為優質的蛋白質來源之一。料理方式多樣化，中、西式料理皆宜，更是國人冰箱中不可或缺的食材之一。<br>
<br>
統一生機優質鮭魚來自清澈、冰涼的智利海域，因海水溫度低，使鮭魚肉本身油脂豐富，肉質滑嫩鮮美、不乾柴，捕撈後急速冷凍，以保持魚肉的新鮮與美味。
<br>
<br>
為了讓您更安心的食用，我們的鮭魚定期安排檢驗，動物用藥、重金屬及抗生素皆檢驗合格，請您與家人一同享用這五星級的美味。<br>
<br>
我們的智利鮭魚輪切厚度約2.5公分，厚度適中，料理方便，口感更佳。




</p>","<p><span class=""style1"">原料: </span>鮭魚</p>

<p><span class=""style1"">內容量:</span> 250公克/包</p>
<p><span class=""style1"">原產地: </span>智利</p>
<p><span class=""style1"">保存期間:</span> 12個月</p>
<p><span class=""style1"">食品添加物: </span>無<br>
<br>
<span class=""style1"">加熱調理條件:</span><br>
1.解凍後，使用煎、烤、蒸、煮湯方式加熱至熟即可。<br>
2.加熱調理條件請視實際狀況做調整。<br>
<br>
<span class=""style1"">保存方法及條件:</span>須冷凍於-18℃以下，保存期間係指未開封前在-18℃以下可保存天數，開封後請儘快食用以確保品質。<br>
<br>

<span class=""style1"">過敏原資訊:</span>本產品含魚類。<br>

<br><span class=""style1"">注意事項: </span><br>
1.避免存放在高溫或日光直射處<br>
2.有魚刺，請小心食用<br>","
 宅配、 超商取貨","https://www.organicshops.cc/product.aspx?id=11717","2026-07-10T06:29:53.922Z"
"11973","08340","智利鮭魚輪切(S)(200g)(10件組)","特惠專區","多件組優惠","商品簡述：
 鮭魚有油脂、蛋白質及OMEGA-3，被視為優質的蛋白質來源之一。","3600","1350","/products/11973/main.jpg","/products/12808/gallery-01.jpg|/products/12808/gallery-02.jpg","<br>
<br>
<br>
「鮭魚」是國人熟悉且喜愛的食用魚種之一，其魚肉有油脂、蛋白質及OMEGA-3，被視為優質的蛋白質來源之一。料理方式多樣化，中、西式料理皆宜，更是國人冰箱中不可或缺的食材之一。<br>
<br>
統一生機優質鮭魚來自清澈、冰涼的智利海域，因海水溫度低，使鮭魚肉本身油脂豐富，肉質滑嫩鮮美、不乾柴，捕撈後急速冷凍，以保持魚肉的新鮮與美味。
<br>
<br>
為了讓您更安心的食用，我們的鮭魚定期安排檢驗，動物用藥、重金屬及抗生素皆檢驗合格，請您與家人一同享用這五星級的美味。<br>
<br>
我們的智利鮭魚輪切厚度約2.5公分，厚度適中，料理方便，口感更佳。




</p>","<p><span class=""style1"">原料: </span>鮭魚</p>

<p><span class=""style1"">內容量:</span> 200公克/包</p>
<p><span class=""style1"">原產地: </span>智利</p>
<p><span class=""style1"">保存期間:</span> 12個月</p>
<p><span class=""style1"">食品添加物: </span>無<br>
<br>
<span class=""style1"">加熱調理條件:</span><br>
1.解凍後，使用煎、烤、蒸、煮湯方式加熱至熟即可。<br>
2.加熱調理條件請視實際狀況做調整。<br>
<br>
<span class=""style1"">保存方法及條件:</span>須冷凍於-18℃以下，保存期間係指未開封前在-18℃以下可保存天數，開封後請儘快食用以確保品質。<br>
<br>

<span class=""style1"">過敏原資訊:</span>本產品含魚類。<br>

<br><span class=""style1"">注意事項: </span><br>
1.避免存放在高溫或日光直射處<br>
2.有魚刺，請小心食用<br>","
 宅配、 超商取貨","https://www.organicshops.cc/product.aspx?id=11973","2026-07-10T06:29:57.952Z"
"11695","083347","海陸豪華食材組A","特惠專區","多件組優惠","商品簡述：
 藻晨雞(去骨雞腿)、藻晨雞(雞胸)、智利鮭魚輪切(M)、金目鱸魚片、大比目魚(扁鱈)中段、豬梅花火鍋肉片。

(以上各一包)","1852","1204","/products/11695/main.jpg","","藻晨雞(去骨雞腿):<br>
<br>
<br>


<br><br>
=========================================================<br>
<br>
藻晨雞(雞胸):<br>

<br>
<br>



<br><br>
=========================================================<br>
<br>
智利鮭魚輪切(M):<br>
<br>
<br>



<br><br>
=========================================================<br>
<br>
金目鱸魚片:<br>
<br>
<br>


<br><br>
=========================================================<br>
<br>

大比目魚(扁鱈)中段:<br>
<br>
<br>


<br><br>
=========================================================<br>
<br>

豬梅花火鍋肉片:<br>
<br>
<br>
<br>

</P>
藻晨雞(去骨雞腿):<br>
產品介紹：<br>
1. 豐富且專業的飼養經驗：牧場以專業家禽養殖業起家，具30年以上專業養殖技術，從傳統養殖技術到現在輔以科技化資訊養殖。<br>
<br>
2. 飲食：<br>
   (1)飼料添加益生菌及小球藻，幫助雞隻健康。<br>
飼料與專業的合格飼料廠合作，飼料內添加與南台科技大學生物系褚俊傑教授研究的小球藻，用以增強雞隻抵抗力。<br>
   (2)飼料逐批檢驗，包括動物用藥及抗生素檢驗，以確認雞隻食用的安全。<br>
   (3)水源為自來水，自來水需經軟水系統層層過濾後，才可給雞隻飲用。<br>
<br>
3. 智能化自動環控系統：<br>
   (1)禽舍位於雲林鄉間，牧場周圍無工業活動，環境單純。<br>
   (2)六星級禽舍，採用各項高科技設備管理禽舍的軟、硬體環境，並透過各項大數據資料監控雞群的生長狀況。<br>
*噴霧及水濂降溫設備進行自動溫濕度控制。<br>
*自動化給料給水設備，經由大數據了解雞群的飲水量、飼食量，監控雞群的生長狀況。<br>
   (3)定時播放音樂，穩定雞隻情緒。<br>
   (4)雞隻採走地式飼養，提供充足的活動空間。<br>
   (5)在地上鋪稻穀，除可吸收糞便中水氣外，避免場內潮濕，亦可做為雞隻沙浴的替代物，讓雞隻保有天性與維持毛皮清潔。<br>
<br>
4. 專業屠宰：<br>
   (1)熟齡飼養(飼養12週左右)。<br>
   (2)經由專業、合法電宰場屠宰，全程低溫作業並經駐場獸醫師檢驗合格。<br>
   (3)產品採用急速冷凍，保存雞肉最新鮮的狀態。<br>
<br>
5. 產銷履歷：<br>
   (1)從育種－>孵化－>養殖－>屠宰－>包裝－>出貨，專業一條龍作業<br>
   (2)履歷生產從生產、運輸、銷售到消費者手中，皆可追蹤。從產地到餐桌資訊透明看得見。

<br><br>
=========================================================<br>
<br>
藻晨雞(雞胸):<br>
產品介紹：<br>
1. 豐富且專業的飼養經驗：牧場以專業家禽養殖業起家，具30年以上專業養殖技術，從傳統養殖技術到現在輔以科技化資訊養殖。<br>
<br>
2. 飲食：<br>
   (1)飼料添加益生菌及小球藻，幫助雞隻健康。<br>
飼料與專業的合格飼料廠合作，飼料內添加與南台科技大學生物系褚俊傑教授研究的小球藻，用以增強雞隻抵抗力。<br>
   (2)飼料逐批檢驗，包括動物用藥及抗生素檢驗，以確認雞隻食用的安全。<br>
   (3)水源為自來水，自來水需經軟水系統層層過濾後，才可給雞隻飲用。<br>
<br>
3. 智能化自動環控系統：<br>
   (1)禽舍位於雲林鄉間，牧場周圍無工業活動，環境單純。<br>
   (2)六星級禽舍，採用各項高科技設備管理禽舍的軟、硬體環境，並透過各項大數據資料監控雞群的生長狀況。<br>
*噴霧及水濂降溫設備進行自動溫濕度控制。<br>
*自動化給料給水設備，經由大數據了解雞群的飲水量、飼食量，監控雞群的生長狀況。<br>
   (3)定時播放音樂，穩定雞隻情緒。<br>
   (4)雞隻採走地式飼養，提供充足的活動空間。<br>
   (5)在地上鋪稻穀，除可吸收糞便中水氣外，避免場內潮濕，亦可做為雞隻沙浴的替代物，讓雞隻保有天性與維持毛皮清潔。<br>
<br>
4. 專業屠宰：<br>
   (1)熟齡飼養(飼養12週左右)。<br>
   (2)經由專業、合法電宰場屠宰，全程低溫作業並經駐場獸醫師檢驗合格。<br>
   (3)產品採用急速冷凍，保存雞肉最新鮮的狀態。<br>
<br>
5. 產銷履歷：<br>
   (1)從育種－>孵化－>養殖－>屠宰－>包裝－>出貨，專業一條龍作業<br>
   (2)履歷生產從生產、運輸、銷售到消費者手中，皆可追蹤。從產地到餐桌資訊透明看得見。

<br><br>
=========================================================<br>
<br>
智利鮭魚輪切(M):<br>
「鮭魚」是國人熟悉且喜愛的食用魚種之一，其魚肉有油脂、蛋白質及OMEGA-3，被視為優質的蛋白質來源之一。料理方式多樣化，中、西式料理皆宜，更是國人冰箱中不可或缺的食材之一。<br>
<br>
統一生機優質鮭魚來自清澈、冰涼的智利海域，因海水溫度低，使鮭魚肉本身油脂豐富，肉質滑嫩鮮美、不乾柴，捕撈後急速冷凍，以保持魚肉的新鮮與美味。
<br>
<br>
為了讓您更安心的食用，我們的鮭魚定期安排檢驗，動物用藥、重金屬及抗生素皆檢驗合格，請您與家人一同享用這五星級的美味。<br>
<br>
我們的智利鮭魚輪切厚度約2.5公分，厚度適中，料理方便，口感更佳。

<br><br>
=========================================================<br>
<br>
金目鱸魚片:<br>
優質金目鱸魚，其肉質鮮美細嫩而富有彈性，口感極佳，因其肉質鮮嫩，煮湯最能顯現出鱸魚的清甜、健康的珍貴食材值得您細細品嚐。產品已切片處理，方便您進行料理。</p>
<br>
抗生素、生長激素、重金屬檢驗合格。<br>
<p><span class=""style1"">調理建議:</span> 香煎、糖醋、清蒸、煮湯。</p>
<br><br>
=========================================================<br>
<br>

大比目魚(扁鱈)中段:<br>
來自地球極北端潔淨的海域，海洋的珍饈，有別於內陸飼養的容易帶有土味。<br>
大比目魚帶有豐富的深海魚油，可以補充平常不易攝取的養分，肉質雪白細緻，魚油分佈均勻，僅有大刺，方便各年齡層食用，料理方式多重，紅燒、清蒸、乾煎、酥炸都是很好的選擇。<br>
產品重量為扣除冰塊的淨重。

<br><br>
=========================================================<br>
<br>

豬梅花火鍋肉片:<br>
<p>飼育過程中餵食以玉米及黃豆成分為主的穀物性飼料，肉質鮮甜軟嫩，飼養過程中隔絕病媒，讓豬隻生活在乾淨的生長環境，自然不容易生病。<br>
<br>
梅花肉是油脂分布勻稱的部位，因肉質紋路貌似梅花而得名，其產量少是限量熱門商品，適合火鍋、煎烤、炒肉。 
<br><br>
<br>","藻晨雞(去骨雞腿):<br>
<p><span class=""style1"">原料: </span>雞肉</p>
<p><span class=""style1"">食品添加物名稱: </span>無</p>
<p><span class=""style1"">內容量:</span> 350g/包</p>
<p><span class=""style1"">原產地: </span>台灣</p>
<p><span class=""style1"">保存期間:</span> 12個月</p>

<p><span class=""style1"">注意事項(含保存條件):</span> <br>
1.須冷凍於-18℃以下，保存期間係指未開封前在-18℃以下可保存天數，開封後請儘快食用以確保品質</p>
2.避免存放在高溫或日光直射處<br>

<p><span class=""style1"">加熱調理條件:</span> 解凍後，適合煮湯、燉煮、炒、炸、蒸等料理方式，完全加熱後即可食用。<br>
加熱調理條件請視實際狀況做調整。<br>

<br><br>
=========================================================<br>
<br>
藻晨雞(雞胸):<br>
<p><span class=""style1"">原料: </span>雞肉</p>
<p><span class=""style1"">食品添加物名稱: </span>無</p>
<p><span class=""style1"">內容量:</span> 200g/包</p>
<p><span class=""style1"">原產地: </span>台灣</p>
<p><span class=""style1"">保存期間:</span> 12個月</p>

<p><span class=""style1"">注意事項(含保存條件):</span> <br>
1.須冷凍於-18℃以下，保存期間係指未開封前在-18℃以下可保存天數，開封後請儘快食用以確保品質</p>
2.避免存放在高溫或日光直射處<br>

<p><span class=""style1"">加熱調理條件:</span> 解凍後，適合煮湯、燉煮、炒、炸、蒸等料理方式，完全加熱後即可食用。<br>
加熱調理條件請視實際狀況做調整。<br>



<br><span class=""style1"">過敏原資訊: </span>無</p>
<br><br>
=========================================================<br>
<br>
智利鮭魚輪切(M):<br>
<p><span class=""style1"">原料: </span>鮭魚</p>

<p><span class=""style1"">內容量:</span> 250公克/包</p>
<p><span class=""style1"">原產地: </span>智利</p>
<p><span class=""style1"">保存期間:</span> 12個月</p>
<p><span class=""style1"">食品添加物: </span>無<br>
<br>
<span class=""style1"">加熱調理條件:</span><br>
1.解凍後，使用煎、烤、蒸、煮湯方式加熱至熟即可。<br>
2.加熱調理條件請視實際狀況做調整。<br>
<br>
<span class=""style1"">保存方法及條件:</span>須冷凍於-18℃以下，保存期間係指未開封前在-18℃以下可保存天數，開封後請儘快食用以確保品質。<br>
<br>

<span class=""style1"">過敏原資訊:</span>本產品含魚類。<br>

<br><span class=""style1"">注意事項: </span><br>
1.避免存放在高溫或日光直射處<br>
2.有魚刺，請小心食用

<br><br>
=========================================================<br>
<br>
金目鱸魚片:<br>

<span class=""style1"">原料: </span>金目鱸魚</p>
<span class=""style1"">食品添加物名稱:</span>  無 <br>
<p><span class=""style1"">內容量:</span> 250公克/包</p>
<p><span class=""style1"">原產地: </span>台灣</p>
<p><span class=""style1"">保存期間:</span> 12個月</p>

<p><span class=""style1"">保存方法及條件:</span> 
須冷凍於-18℃以下，保存期間係指未開封前在-18℃以下可保存天數，開封後請儘快食用以確保品質。</p>

<p><span class=""style1"">建議解凍方式:</span> 
使用前請將產品放於冰箱冷藏室解凍。

<br><br><span class=""style1"">注意事項: </span>

 避免存放在高溫或日光直射處。<br>
<br><span class=""style1"">過敏原資訊:</span>本產品含魚類

<br><br>
=========================================================<br>
<br>

大比目魚(扁鱈)中段:<br>
<span class=""style1"">原料: </span>大比目魚   <br>
<p><span class=""style1"">食品添加物名稱:</span> 無  <br>

<p><span class=""style1"">內容量:</span> 200公克</p>
<p><span class=""style1"">原產地: </span>格陵蘭</p>
<p><span class=""style1"">保存期間:</span> 12個月</p>


<p><span class=""style1"">過敏原資訊:</span> 本產品含魚類，不適合對其過敏體質者食用。</p>
<br><span class=""style1"">注意事項: </span><br>
1.需冷凍、解凍後須加熱熟煮後食用，非供即食，應充分加熱。<br>
2.有魚骨食用請小心注意。

<br><br>
=========================================================<br>
<br>

豬梅花火鍋肉片:<br>
<span class=""style1"">原料: </span>豬肉<br>
<p><span class=""style1"">食品添加物名稱:</span> 無  <br>
<p><span class=""style1"">內容量:</span> 200公克</p>
<p><span class=""style1"">原產地: </span>台灣</p>
<p><span class=""style1"">保存期間:</span> 6個月</p>

<p><span class=""style1"">保存方法及條件:</span> 
須冷凍於-18℃以下，保存期間係指未開封前在-18℃以下可保存天數，開封後請儘快食用以確保品質。</p>

<p><span class=""style1"">建議解凍方式:</span> 
使用前請將產品放於冰箱冷藏室解凍。</p>

<br><span class=""style1"">注意事項: </span>

避免存放在高溫或日光直射處。","
 宅配、 超商取貨","https://www.organicshops.cc/product.aspx?id=11695","2026-07-10T06:30:02.361Z"
"11696","083357","海陸豪華食材組B","特惠專區","多件組優惠","商品簡述：
 藻晨雞(雞腿切塊)、藻晨雞(雞胸)、白蝦蝦仁(150g)、虱目魚肚、豬梅花火鍋肉片、豬後腿絞肉。

(以上各一包)","1456","960","/products/11696/main.jpg","","藻晨雞(雞腿切塊):<br>
<br>
<br>



<br><br>
==============================================<br>
<br>
藻晨雞(雞胸):<br>
<br>
<br>


<br><br>
====================================================<br>
<br>
白蝦蝦仁(150g):<br>
<br>
<br>


<br><br>
====================================================<br>
<br>
虱目魚肚:<br>
<br>
<br>


<br><br>
====================================================<br>
<br>
豬梅花火鍋肉片:<br>
<br>
<br>



<br><br>
====================================================<br>
<br>



豬後腿絞肉:<br>
<br>
<br>
<br>
藻晨雞(雞腿切塊):<br>
產品介紹：<br>
1. 豐富且專業的飼養經驗：牧場以專業家禽養殖業起家，具30年以上專業養殖技術，從傳統養殖技術到現在輔以科技化資訊養殖。<br>
<br>
2. 飲食：<br>
   (1)飼料添加益生菌及小球藻，幫助雞隻健康。<br>
飼料與專業的合格飼料廠合作，飼料內添加與南台科技大學生物系褚俊傑教授研究的小球藻，用以增強雞隻抵抗力。<br>
   (2)飼料逐批檢驗，包括動物用藥及抗生素檢驗，以確認雞隻食用的安全。<br>
   (3)水源為自來水，自來水需經軟水系統層層過濾後，才可給雞隻飲用。<br>
<br>
3. 智能化自動環控系統：<br>
   (1)禽舍位於雲林鄉間，牧場周圍無工業活動，環境單純。<br>
   (2)六星級禽舍，採用各項高科技設備管理禽舍的軟、硬體環境，並透過各項大數據資料監控雞群的生長狀況。<br>
*噴霧及水濂降溫設備進行自動溫濕度控制。<br>
*自動化給料給水設備，經由大數據了解雞群的飲水量、飼食量，監控雞群的生長狀況。<br>
   (3)定時播放音樂，穩定雞隻情緒。<br>
   (4)雞隻採走地式飼養，提供充足的活動空間。<br>
   (5)在地上鋪稻穀，除可吸收糞便中水氣外，避免場內潮濕，亦可做為雞隻沙浴的替代物，讓雞隻保有天性與維持毛皮清潔。<br>
<br>
4. 專業屠宰：<br>
   (1)熟齡飼養(飼養12週左右)。<br>
   (2)經由專業、合法電宰場屠宰，全程低溫作業並經駐場獸醫師檢驗合格。<br>
   (3)產品採用急速冷凍，保存雞肉最新鮮的狀態。<br>
<br>
5. 產銷履歷：<br>
   (1)從育種－>孵化－>養殖－>屠宰－>包裝－>出貨，專業一條龍作業<br>
   (2)履歷生產從生產、運輸、銷售到消費者手中，皆可追蹤。從產地到餐桌資訊透明看得見。

<br><br>
==============================================<br>
<br>
藻晨雞(雞胸):<br>
產品介紹：<br>
1. 豐富且專業的飼養經驗：牧場以專業家禽養殖業起家，具30年以上專業養殖技術，從傳統養殖技術到現在輔以科技化資訊養殖。<br>
<br>
2. 飲食：<br>
   (1)飼料添加益生菌及小球藻，幫助雞隻健康。<br>
飼料與專業的合格飼料廠合作，飼料內添加與南台科技大學生物系褚俊傑教授研究的小球藻，用以增強雞隻抵抗力。<br>
   (2)飼料逐批檢驗，包括動物用藥及抗生素檢驗，以確認雞隻食用的安全。<br>
   (3)水源為自來水，自來水需經軟水系統層層過濾後，才可給雞隻飲用。<br>
<br>
3. 智能化自動環控系統：<br>
   (1)禽舍位於雲林鄉間，牧場周圍無工業活動，環境單純。<br>
   (2)六星級禽舍，採用各項高科技設備管理禽舍的軟、硬體環境，並透過各項大數據資料監控雞群的生長狀況。<br>
*噴霧及水濂降溫設備進行自動溫濕度控制。<br>
*自動化給料給水設備，經由大數據了解雞群的飲水量、飼食量，監控雞群的生長狀況。<br>
   (3)定時播放音樂，穩定雞隻情緒。<br>
   (4)雞隻採走地式飼養，提供充足的活動空間。<br>
   (5)在地上鋪稻穀，除可吸收糞便中水氣外，避免場內潮濕，亦可做為雞隻沙浴的替代物，讓雞隻保有天性與維持毛皮清潔。<br>
<br>
4. 專業屠宰：<br>
   (1)熟齡飼養(飼養12週左右)。<br>
   (2)經由專業、合法電宰場屠宰，全程低溫作業並經駐場獸醫師檢驗合格。<br>
   (3)產品採用急速冷凍，保存雞肉最新鮮的狀態。<br>
<br>
5. 產銷履歷：<br>
   (1)從育種－>孵化－>養殖－>屠宰－>包裝－>出貨，專業一條龍作業<br>
   (2)履歷生產從生產、運輸、銷售到消費者手中，皆可追蹤。從產地到餐桌資訊透明看得見。

<br><br>
====================================================<br>
<br>
白蝦蝦仁(150g):<br>
篩選無病原種蝦，以室內集約室養殖，讓白蝦在無污染環境中成長，其抗生素檢驗合格，且肉質Q，甜度高。  <br>
  <br>
抗生素檢驗合格  <br>
<p><span class=""style1"">調理建議:</span>
炒、煮湯。</p>

<br><br>
====================================================<br>
<br>
虱目魚肚:<br>
<p>虱目魚又稱國姓魚，魚肚含著豐富的魚油，幾乎是整條虱目魚的精華所在，鹹水養殖虱目魚其肉質鮮甜，最適合乾煎或煮魚湯，不需過多調味，即可享受簡單的美味。</p>
<br>
抗生素、生長激素、重金屬檢驗合格。<br>
<p><span class=""style1"">調理建議:</span> 香煎、煮湯</p>
<br><br>
====================================================<br>
<br>
豬梅花火鍋肉片:<br>
<p>飼育過程中餵食以玉米及黃豆成分為主的穀物性飼料，肉質鮮甜軟嫩，飼養過程中隔絕病媒，讓豬隻生活在乾淨的生長環境，自然不容易生病。<br>
<br>
梅花肉是油脂分布勻稱的部位，因肉質紋路貌似梅花而得名，其產量少是限量熱門商品，適合火鍋、煎烤、炒肉。 
<br><br>

<br><br>
====================================================<br>
<br>



豬後腿絞肉:<br>
<p>飼育過程中餵食以玉米及黃豆成分為主的穀物性飼料，肉質鮮甜軟嫩，飼養過程中隔絕病媒，讓豬隻生活在乾淨的生長環境，自然不容易生病。<br>
取自豬隻後腿部份，脂肪含量少，肉質鮮嫩，適合煮粥、包水餃或是滷肉燥。 <br><br>
<br>","藻晨雞(雞腿切塊):<br>
<p><span class=""style1"">原料: </span>雞肉</p>
<p><span class=""style1"">食品添加物名稱: </span>無</p>
<p><span class=""style1"">內容量:</span> 500g/包</p>
<p><span class=""style1"">原產地: </span>台灣</p>
<p><span class=""style1"">保存期間:</span> 12個月</p>

<p><span class=""style1"">注意事項(含保存條件):</span> <br>
1.須冷凍於-18℃以下，保存期間係指未開封前在-18℃以下可保存天數，開封後請儘快食用以確保品質</p>
2.避免存放在高溫或日光直射處<br>

<p><span class=""style1"">加熱調理條件:</span> 解凍後，適合煮湯、燉煮、炒、炸、蒸等料理方式，完全加熱後即可食用。<br>
加熱調理條件請視實際狀況做調整。<br>



<br><span class=""style1"">過敏原資訊: </span>無</p>
<br><br>
==============================================<br>
<br>
藻晨雞(雞胸):<br>
<p><span class=""style1"">原料: </span>雞肉</p>
<p><span class=""style1"">食品添加物名稱: </span>無</p>
<p><span class=""style1"">內容量:</span> 200g/包</p>
<p><span class=""style1"">原產地: </span>台灣</p>
<p><span class=""style1"">保存期間:</span> 12個月</p>

<p><span class=""style1"">注意事項(含保存條件):</span> <br>
1.須冷凍於-18℃以下，保存期間係指未開封前在-18℃以下可保存天數，開封後請儘快食用以確保品質</p>
2.避免存放在高溫或日光直射處<br>

<p><span class=""style1"">加熱調理條件:</span> 解凍後，適合煮湯、燉煮、炒、炸、蒸等料理方式，完全加熱後即可食用。<br>
加熱調理條件請視實際狀況做調整。<br>



<br><span class=""style1"">過敏原資訊: </span>無</p>

<br><br>
====================================================<br>
<br>
白蝦蝦仁(150g):<br>
<span class=""style1"">原料: </span>白蝦(去殼)   <br>
<p><span class=""style1"">食品添加物名稱:</span> 無  <br>

<p><span class=""style1"">內容量:</span> 150g/包</p>
<p><span class=""style1"">原產地: </span>台灣</p>
<p><span class=""style1"">營養標示:</span> 無  <br>
<p><span class=""style1"">保存期間:</span> 12個月</p>

<p><span class=""style1"">保存方法及條件:</span> 
須冷凍於-18℃以下，保存期間係指未開封前在-18℃以下可保存天數，開封後請儘快食用以確保品質。</p>
<p><span class=""style1"">加熱調理條件:</span> 
建議以拌炒、水煮或是乾煎，解凍加熱熟煮後食用。



<p><span class=""style1"">過敏原資訊:</span> 本產品含蝦。</p>
<br><br>
====================================================<br>
<br>
虱目魚肚:<br>

<span class=""style1"">原料: </span> 虱目魚  <br>
<p><span class=""style1"">食品添加物名稱:</span> 無  <br>

<p><span class=""style1"">內容量:</span> 140公克</p>
<p><span class=""style1"">原產地: </span>台灣</p>
<p><span class=""style1"">保存期間:</span> 12個月</p>

<p><span class=""style1"">保存方法及條件:</span> 
須冷凍於-18℃以下，保存期間係指未開封前在-18℃以下可保存天數，開封後請儘快食用以確保品質</p>

<p><span class=""style1"">建議解凍方式:</span> 
使用前請將產品放於冰箱冷藏室解凍

<br><br><span class=""style1"">注意事項: </span>

避免存放在高溫或日光直射處。<br>
<br><span class=""style1"">過敏原資訊:</span>本產品含魚類
<br><br>
====================================================<br>
<br>
豬梅花火鍋肉片:<br>
<span class=""style1"">原料: </span>豬肉<br>
<p><span class=""style1"">食品添加物名稱:</span> 無  <br>
<p><span class=""style1"">內容量:</span> 200公克</p>
<p><span class=""style1"">原產地: </span>台灣</p>
<p><span class=""style1"">保存期間:</span> 6個月</p>

<p><span class=""style1"">保存方法及條件:</span> 
須冷凍於-18℃以下，保存期間係指未開封前在-18℃以下可保存天數，開封後請儘快食用以確保品質。</p>

<p><span class=""style1"">建議解凍方式:</span> 
使用前請將產品放於冰箱冷藏室解凍。</p>

<br><span class=""style1"">注意事項: </span>

避免存放在高溫或日光直射處。
<br><br>
====================================================<br>
<br>



豬後腿絞肉:<br>

<span class=""style1"">原料: </span>豬肉<br>
<p><span class=""style1"">食品添加物名稱:</span> 無  <br>
<p><span class=""style1"">內容量:</span> 200公克</p>
<p><span class=""style1"">原產地: </span>台灣</p>
<p><span class=""style1"">保存期間:</span> 6個月</p>

<p><span class=""style1"">保存方法及條件:</span> 
須冷凍於-18℃以下，保存期間係指未開封前在-18℃以下可保存天數，開封後請儘快食用以確保品質。</p>

<p><span class=""style1"">建議解凍方式:</span> 
使用前請將產品放於冰箱冷藏室解凍。</p>

<br><span class=""style1"">注意事項: </span>

避免存放在高溫或日光直射處。","
 宅配、 超商取貨","https://www.organicshops.cc/product.aspx?id=11696","2026-07-10T06:30:05.595Z"
"12137","083359","藻晨雞全雞組合","特惠專區","多件組優惠","商品簡述：
 內容物：
08333藻晨雞(半雞切塊)、08334藻晨雞(雞腿切塊)、08335藻晨雞(去骨雞腿)、08336藻晨雞(雞胸)、08337藻晨雞(三節翅)

以上商品各1包 共五件組","1605","999","/products/12137/main.jpg","","08333藻晨雞(半雞切塊):<br>
<br>
<br>

<br>
<br>
=======================================================<br>
<br>
08334藻晨雞(雞腿切塊):<br>
<br>
<br>
<br>

<br>
=======================================================<br>
<br>
08335藻晨雞(去骨雞腿):<br>
<br>
<br>


<br><br>
=======================================================<br>
<br>
08336藻晨雞(雞胸):<br>
<br>
<br>


<br><br>
=======================================================<br>
<br>


08337藻晨雞(三節翅):<br>
<br><br>
1.	雞種：黑羽土雞(口感較紮實)。<br>
2.	雞隻走地式飼養，充足活動空間。<br>
3.	熟齡飼養，不使用生長激素。<br>
4.	飼料添加小球藻及益生菌，幫助雞隻健康。<br>
5.	產銷履歷，資訊透明看得見。
</P>
產品介紹：<br>
1. 豐富且專業的飼養經驗：牧場以專業家禽養殖業起家，具30年以上專業養殖技術，從傳統養殖技術到現在輔以科技化資訊養殖。<br>
<br>
2. 飲食：<br>
   (1)飼料添加益生菌及小球藻，幫助雞隻健康。<br>
飼料與專業的合格飼料廠合作，飼料內添加與南台科技大學生物系褚俊傑教授研究的小球藻，用以增強雞隻抵抗力。<br>
   (2)飼料逐批檢驗，包括動物用藥及抗生素檢驗，以確認雞隻食用的安全。<br>
   (3)水源為自來水，自來水需經軟水系統層層過濾後，才可給雞隻飲用。<br>
<br>
3. 智能化自動環控系統：<br>
   (1)禽舍位於雲林鄉間，牧場周圍無工業活動，環境單純。<br>
   (2)六星級禽舍，採用各項高科技設備管理禽舍的軟、硬體環境，並透過各項大數據資料監控雞群的生長狀況。<br>
*噴霧及水濂降溫設備進行自動溫濕度控制。<br>
*自動化給料給水設備，經由大數據了解雞群的飲水量、飼食量，監控雞群的生長狀況。<br>
   (3)定時播放音樂，穩定雞隻情緒。<br>
   (4)雞隻採走地式飼養，提供充足的活動空間。<br>
   (5)在地上鋪稻穀，除可吸收糞便中水氣外，避免場內潮濕，亦可做為雞隻沙浴的替代物，讓雞隻保有天性與維持毛皮清潔。<br>
<br>
4. 專業屠宰：<br>
   (1)熟齡飼養(飼養12週左右)。<br>
   (2)經由專業、合法電宰場屠宰，全程低溫作業並經駐場獸醫師檢驗合格。<br>
   (3)產品採用急速冷凍，保存雞肉最新鮮的狀態。<br>
<br>
5. 產銷履歷：<br>
   (1)從育種－>孵化－>養殖－>屠宰－>包裝－>出貨，專業一條龍作業<br>
   (2)履歷生產從生產、運輸、銷售到消費者手中，皆可追蹤。從產地到餐桌資訊透明看得見。","08333藻晨雞(半雞切塊):<br>

<p><span class=""style1"">原料: </span>雞肉</p>
<p><span class=""style1"">食品添加物名稱: </span>無</p>
<p><span class=""style1"">內容量:</span> 750公克/包</p>
<p><span class=""style1"">原產地: </span>台灣</p>
<p><span class=""style1"">保存期間:</span> 12個月</p>

<p><span class=""style1"">注意事項(含保存條件):</span> <br>
1.須冷凍於-18℃以下，保存期間係指未開封前在-18℃以下可保存天數，開封後請儘快食用以確保品質</p>
2.避免存放在高溫或日光直射處<br>

<p><span class=""style1"">加熱調理條件:</span> 解凍後，適合煮湯、燉煮、炒、炸、蒸等料理方式，完全加熱後即可食用。<br>
加熱調理條件請視實際狀況做調整。<br>



<br><span class=""style1"">過敏原資訊: </span>無</p>







<br>
=========================================================<br>
<br>

08334藻晨雞(雞腿切塊):<br>
<p><span class=""style1"">原料: </span>雞肉</p>
<p><span class=""style1"">食品添加物名稱: </span>無</p>
<p><span class=""style1"">內容量:</span> 500g/包</p>
<p><span class=""style1"">原產地: </span>台灣</p>
<p><span class=""style1"">保存期間:</span> 12個月</p>

<p><span class=""style1"">注意事項(含保存條件):</span> <br>
1.須冷凍於-18℃以下，保存期間係指未開封前在-18℃以下可保存天數，開封後請儘快食用以確保品質</p>
2.避免存放在高溫或日光直射處<br>

<p><span class=""style1"">加熱調理條件:</span> 解凍後，適合煮湯、燉煮、炒、炸、蒸等料理方式，完全加熱後即可食用。<br>
加熱調理條件請視實際狀況做調整。<br>



<br><span class=""style1"">過敏原資訊: </span>無</p>







<br>
=========================================================<br>
<br>






08335藻晨雞(去骨雞腿):<br>
<p><span class=""style1"">原料: </span>雞肉</p>
<p><span class=""style1"">食品添加物名稱: </span>無</p>
<p><span class=""style1"">內容量:</span> 350g/包</p>
<p><span class=""style1"">原產地: </span>台灣</p>
<p><span class=""style1"">保存期間:</span> 12個月</p>

<p><span class=""style1"">注意事項(含保存條件):</span> <br>
1.須冷凍於-18℃以下，保存期間係指未開封前在-18℃以下可保存天數，開封後請儘快食用以確保品質</p>
2.避免存放在高溫或日光直射處<br>

<p><span class=""style1"">加熱調理條件:</span> 解凍後，適合煮湯、燉煮、炒、炸、蒸等料理方式，完全加熱後即可食用。<br>
加熱調理條件請視實際狀況做調整。<br>



<br><span class=""style1"">過敏原資訊: </span>無</p>
<br>
=========================================================<br>
<br>
08336藻晨雞(雞胸):<br>
<p><span class=""style1"">原料: </span>雞肉</p>
<p><span class=""style1"">食品添加物名稱: </span>無</p>
<p><span class=""style1"">內容量:</span> 200g/包</p>
<p><span class=""style1"">原產地: </span>台灣</p>
<p><span class=""style1"">保存期間:</span> 12個月</p>

<p><span class=""style1"">注意事項(含保存條件):</span> <br>
1.須冷凍於-18℃以下，保存期間係指未開封前在-18℃以下可保存天數，開封後請儘快食用以確保品質</p>
2.避免存放在高溫或日光直射處<br>

<p><span class=""style1"">加熱調理條件:</span> 解凍後，適合煮湯、燉煮、炒、炸、蒸等料理方式，完全加熱後即可食用。<br>
加熱調理條件請視實際狀況做調整。<br>



<br><span class=""style1"">過敏原資訊: </span>無</p>
<br>
=========================================================<br>
<br>

08337藻晨雞(三節翅):<br>
<p><span class=""style1"">原料: </span>雞肉</p>
<p><span class=""style1"">食品添加物名稱: </span>無</p>
<p><span class=""style1"">內容量:</span> 300g/包(2隻)</p>
<p><span class=""style1"">原產地: </span>台灣</p>
<p><span class=""style1"">保存期間:</span> 12個月</p>

<p><span class=""style1"">注意事項(含保存條件):</span> <br>
1.須冷凍於-18℃以下，保存期間係指未開封前在-18℃以下可保存天數，開封後請儘快食用以確保品質</p>
2.避免存放在高溫或日光直射處<br>

<p><span class=""style1"">加熱調理條件:</span> 解凍後，適合煮湯、燉煮、炒、炸、蒸等料理方式，完全加熱後即可食用。<br>
加熱調理條件請視實際狀況做調整。<br>



<br><span class=""style1"">過敏原資訊: </span>無</p>","
 宅配、 超商取貨","https://www.organicshops.cc/product.aspx?id=12137","2026-07-10T06:30:08.559Z"
"9550","01151","果然優綜合堅果(6件組)","特惠專區","多件組優惠","商品簡述：
 低溫輕烘焙，原味不添加
堅果可滋補強身、增強體力","2400","1800","/products/12082/main.jpg","/products/12082/gallery-01.jpg","</P>
</P>
</P>
</P>
<p>
「核桃、杏仁、腰果、南瓜子」加「葡萄乾、蔓越莓乾」，口感更豐富、營養更全面。<br>
■精選各主要產地原料，穩定進櫃、倉內溫控保鮮<br>
■堅持「低溫輕烘焙、原味不添加」，保留食材營養價值，吃出食物自然、健康的原始香甜滋味。<br>
採用環保鐵罐，完整密封鎖住食材原有風味，並充填氮氣，開封即可感受鮮度，提供更優良的賞味品質與營養保存，吃健康護地球！<br>
<br>
*低溫輕烘焙，原味，營養價值保留。<br>
*不添加防腐劑、甜味劑、漂白劑。<br>
<br>
核桃：高比例完整顆粒，非一般碎核桃，口感視覺都滿分。<br>
杏仁：USDA Extra NO.1等級大顆粒杏仁，精選品種，具獨特香氣與風味。<br>
腰果：果仁完整飽滿、色澤潤白，風味清香甘甜。<br>
南瓜子：飽滿翠綠完整大顆粒南瓜子，風味獨特。<br>
葡萄乾：大顆粒皮薄飽滿果肉，口感Q彈有嚼勁。<br>
蔓越莓乾：保留原汁，酸中帶甜好滋味。<br>
<br>

<strong>「果然優綜合堅果」</strong>採用源自產地的核桃、杏仁、腰果、南瓜子、葡萄乾、蔓越莓乾，穩定頻繁的原料進櫃、倉內溫控保鮮、嚴謹的生產流程、致力強化品質，充份保留營養價值，讓您吃出食物自然、健康的原始香甜滋味，帶給您安全無虞的「<strong>樂活果實。</strong>」</p><br>

<iframe width=""560"" height=""315"" src=""https://www.youtube.com/embed/HlDphRig0yY"" frameborder=""0"" allow=""accelerometer; autoplay; encrypted-media; gyroscope; picture-in-picture"" allowfullscreen></iframe>
<br>

<iframe width=""560"" height=""315"" src=""https://www.youtube.com/embed/cninh-Nl7vo?rel=0"" frameborder=""0"" allowfullscreen></iframe>
<br>


<iframe width=""560"" height=""315"" src=""https://www.youtube.com/embed/7i4haFvDtdw"" frameborder=""0"" allow=""accelerometer; autoplay; encrypted-media; gyroscope; picture-in-picture"" allowfullscreen></iframe>","<p><span class=""style1"">原料:</span> 葡萄乾(葡萄乾、葵花油)、核桃、杏仁、腰果、南瓜子、蔓越莓乾(蔓越莓、蔗糖、葵花油)。<br>
<br>


<br>
<span class=""style1"">箱裝:</span> 依實際標示所示</p>



<p><span class=""style1"">食品添加物:</span> 無</p>
<p><span class=""style1"">內容量:</span> 360公克/罐</p>
<p><span class=""style1"">產地:</span> 台灣</p>
<p><span class=""style1"">保存期限:</span> 12個月(係指未開封狀態且正常條件下之保存)</p><br>

<p><span class=""style1"">保存條件:</span> </p>
1. 請置於陰涼乾燥處避免日照，冷藏保存尤佳。<br>
2. 開封後未食用完需冷藏，並儘快食用完畢。<br>
<br>

<p><span class=""style1"">注意事項:</span> </p>
1. 內有脫氧劑、乾燥劑，請勿食用。<br>
2. 開罐及取用時請留意拉環與開口邊緣。<br>
<br>

<p><span class=""style1"">過敏原資訊:</span> </p>
本產品含堅果及種子類。本生產線亦生產含牛奶製品、芝麻、含麩質之穀類及大豆的產品。
 <br>","
 宅配、 超商取貨","https://www.organicshops.cc/product.aspx?id=9550","2026-07-10T06:30:11.129Z"
"9549","01161","果然優全堅果(6件組)","特惠專區","多件組優惠","商品簡述：
 高價值堅果組合，低溫輕烘焙，原味不添加。","2940","2208","/products/11866/main.jpg","/products/11866/gallery-01.jpg","</P>
</P>
</P>
</P>
每日飲食指南建議需攝取堅果種子類一份，您吃了嗎？ <br>
 <br>
選用源自各主要產地的堅果界四大天王：「杏仁、腰果、核桃、榛果」，再搭配上超人氣的「夏威夷果」，五款高價值堅果原料，極品饗宴，輕鬆滿足每日需求。 <br>
*精選各主要產地原料，穩定進櫃、倉內溫控保鮮 <br>
*堅持「低溫輕烘焙、原味不添加」，保留食材營養價值，吃出食物自然、健康的原始香甜滋味。 <br>
採用環保鐵罐，完整密封鎖住食材原有風味，並充填氮氣，開封即可感受鮮度，提供更優良的賞味品質與營養保存，吃健康護地球！ <br>
 <br>
*低溫輕烘焙，原味，營養價值保留。 <br>
*不添加防腐劑、甜味劑、漂白劑。 <br>
 <br>
核桃：高比例完整顆粒，非一般碎核桃，口感視覺都滿分。 <br>
杏仁：USDA Extra NO.1等級大顆粒杏仁，精選品種，具獨特香氣與風味。 <br>
腰果：果仁完整飽滿、色澤潤白，風味清香甘甜。 <br>
榛果：保留具有營養價值的外皮更難得，香氣十足。 <br>
夏威夷果：整顆入口散發淡淡奶香，一吃就愛上。<br>
<br>

低溫輕烘焙 原味不添加 <br>
使用環保鐵罐 完整密封 充氮保鮮 提供優良賞味品質與營養保留更完整。<br>

<br>

<iframe width=""560"" height=""315"" src=""https://www.youtube.com/embed/HlDphRig0yY"" frameborder=""0"" allow=""accelerometer; autoplay; encrypted-media; gyroscope; picture-in-picture"" allowfullscreen></iframe>","<p><span class=""style1"">原料</span>：杏仁、腰果、核桃、榛果、夏威夷果</p>
<p><span class=""style1"">食品添加物名稱</span>：無</p>

<BR><br>
<span class=""style1"">箱裝</span>：依實際標示所示<br>

<br>
<span class=""style1"">規格</span>：300公克/罐</p>

<p><span class=""style1"">產地</span>：台灣</p>

<p><span class=""style1"">保存期限</span>：12個月(係指未開封狀態且正常條件下之保存)</p>
<br>
<span class=""style1"">保存條件:</span><br>
1. 請置於陰涼乾燥處避免日照，冷藏保存尤佳。<br>
2. 開封後未食用完需冷藏，並儘快食用完畢。<br>
<br>

<p><span class=""style1"">注意事項</span>：<br>

1. 內有脫氧劑，請勿食用。<br>
             2. 開罐及取用時請留意拉環與開口邊緣。<br>
<br>
<p><span class=""style1"">過敏原資訊</span>：本產品含堅果。本生產線亦生產含牛奶製品、芝麻、含麩質之穀類、大豆及種子類的
             產品。","
 宅配、 超商取貨","https://www.organicshops.cc/product.aspx?id=9549","2026-07-10T06:30:14.464Z"
"12641","18012","有機甘栗(6件組)","特惠專區","多件組優惠","商品簡述：
 鬆軟綿密、開袋即食
粒粒香甜、口口滿足","534","396","/products/12641/main.jpg","/products/12641/gallery-01.jpg|/products/12641/gallery-02.jpg","<br>
<iframe width=""658"" height=""370"" src=""https://www.youtube.com/embed/hOf0gKVRA2o"" frameborder=""0"" allow=""accelerometer; autoplay; encrypted-media; gyroscope; picture-in-picture"" allowfullscreen></iframe>
<br>

* 選用河北燕山山脈的有機板栗，清淨水源加上獨特的土壤和氣候生態，栗栗金黃飽滿。<BR>
* 獨特蒸煮工法，口感鬆軟綿密、風味香甜濃郁，免剝殼，老少咸宜。<BR>
* 采園生態有機驗證，氮氣充填保鮮，不添加防腐劑、人工色素、甜味劑。 <br>
<br>
驗證單位：采園生態驗證有限公司<br>
證書字號：1-008-201205<br>
<br>






<br>","<FONT SIZE=3 COLOR=red><B>原料:</B></FONT>
有機栗子<BR>
<FONT SIZE=3 COLOR=red><B>食品添加物:</B></FONT> 無<BR>
<FONT SIZE=3 COLOR=red><B>產地:</B></FONT>
中國大陸<BR><BR>

<br>


<BR>
<FONT SIZE=3 COLOR=red><B>產品規格:</B></FONT>
150公克/袋<BR>

<FONT SIZE=3 COLOR=red><B>保存期限:</B></FONT>
18個月(係指未開封狀態且正常條件下之保存)<br>

<br>
<span class=""style1"">注意事項(含保存條件): </span><br>

1. 請置於陰涼乾燥處避免日照，開封後請一次食用完畢，如未食用完畢請務必密封並置於冰箱保存。因本產品不添加防腐劑，常溫存放將導致產品變質。<br>
2. 內袋產生水分為殺菌溫差造成之水分凝結。<br>
3. 顏色深淺不一屬農產品生長之差異。<br>
4. 本產品包裝袋不可直接微波加熱。<br>
5. 兒童及老人請特別小心食用，切勿強力整粒吞食。<br>
6. 如有包裝袋異常膨包、破損，請勿食用。<br>
<br>
<FONT SIZE=3 COLOR=red><B>過敏原資訊：</B></FONT>
本產品含堅果


<BR>","
 宅配、 超商取貨","https://www.organicshops.cc/product.aspx?id=12641","2026-07-10T06:30:17.881Z"
"8380","18051","甘栗(6件組)","特惠專區","多件組優惠","商品簡述：
 新鮮直送 傳遞幸福甜蜜的好味道
免剝殼、開袋即食
不添加最對味
蒸煮熟化，冰過更Q甜
●開封後需冷藏，並請儘快食用完畢！","534","396","/products/8380/main.jpg","/products/8380/gallery-01.jpg|/products/8380/gallery-02.jpg","<br>
<br>
*嚴選河北板栗，清淨水源加上優渥的土壤和氣候生態，粒粒金黃飽滿。<br>
*生產製程全程電子監控，採用氮氣充填保鮮與殺菌處理，保有甘栗的色、香、味，兼具營養與美味。<br>
*獨特蒸煮工法，風味香甜濃郁、口感鬆軟綿密，免剝殼、開袋即食，老少咸宜。<br>
*不添加防腐劑、人工色素、甜味劑，單吃入菜皆美味，傳遞幸福甜蜜的好味道。","<span class=""style1"">原料: </span>栗子<br>
<span class=""style1"">食品添加物名稱: </span>無<br>
<span class=""style1"">規格: </span>150公克/袋<br>

<span class=""style1"">產地: </span>中國大陸<br>


<br>

<br>
<span class=""style1"">保存期限: </span>18個月(係指未開封狀態且正常條件下之保存)<br>
<br>


<p><span class=""style1"">注意事項(保存條件): </span><br>

1. 請置於陰涼乾燥處避免日照，開封後請儘快食用完畢，如未食用完畢請務必密封並置於冰箱保存。因本產品不添加防腐劑，常溫存放將導致產品變質。<br>
2. 內袋產生水分為殺菌溫差造成之水分凝結。<br>
3. 顏色深淺不一屬農產品生長之差異。<br>
4. 本產品包裝袋不可直接微波加熱。<br>
5. 兒童及老人請特別小心食用，切勿強力整粒吞食。<br>
6. 如有包裝袋異常膨包、破損，請勿食用。<br>

<br>
<span class=""style1"">過敏原資訊:</span>本產品含堅果","
 宅配、 超商取貨","https://www.organicshops.cc/product.aspx?id=8380","2026-07-10T06:30:22.210Z"
"9051","17020","有機大紅棗(3件組)(超取免運)","特惠專區","多件組優惠","商品簡述：
 *全程不使用農藥與化學肥料
*取得慈心有機驗證。慈心有機驗證股份有限公司 第1-009-210007號
*不使用二氧化硫薰蒸
*不添加人工色素、香料及防腐劑","780","558","/products/12472/main.jpg","/products/12472/gallery-01.jpg","<br>

<br>

<br>

<br>
&nbsp;&nbsp;&nbsp;&nbsp;紅棗自古以來被譽為百果之王，在料理、甜品、中藥藥材上皆可用到，是社會大眾常用的營養滋補品。但您知道嗎？市面上的紅棗來源分歧，品質參差不齊，消費者難以辨識當中的詭妙之處，如挑選到品質不佳的補品。不僅荷包受傷，恐怕體內也累積過多的有害物質，補身不成，反而傷身。<br>
<br>
&nbsp;&nbsp;&nbsp;&nbsp;統一生機 - 有機大紅棗從農場、包裝、運送、入庫，層層把關，經SGS檢驗無農藥檢出，食用安心有保障，用心為您的健康把關，讓您安心享用。<br>
<br>
驗證機構：慈心有機驗證股份有限公司<br>
驗證證書字號：第1-009-210007號<br>
<br>
*紅棗、枸杞選級小撇步<br>

<br>
<br>

*健康新食譜 – 養氣棗杞茶：<br>
*材料：20g有機枸杞、20g有機紅棗、300ml熱水<br>
*做法：<br>
1. 取出枸杞、紅棗進行清洗<br>
2. 將紅棗適當輕劃幾刀，釋放其營養及甜味<br>
3. 加入熱水烹煮或沖泡15~20分鐘<br>
Ps. 視個人喜好，可再加入適量冰糖調味<br>","<p><span class=""style1"">原料</span>：有機紅棗<br />
<br>

<br>
<br>

<p><span class=""style1"">規格</span>：300g/包</p>

<p><span class=""style1"">產地</span>：中國大陸</p>

<p><span class=""style1"">保存期限</span>：12個月 </p>
<p><span class=""style1"">注意事項</span>：室溫保存，避免置於潮濕、高溫、日曬場所。開封後請冷藏，並儘早食用。</p>","
 宅配、 超商取貨","https://www.organicshops.cc/product.aspx?id=9051","2026-07-10T06:30:26.484Z"
"9054","17002","有機枸杞(3件組)(超取免運)","特惠專區","多件組優惠","商品簡述：
 來自青海的有機枸杞，採有機農法栽種，德國Kiwa BCS有機驗證。
枸杞糖份高，且顆粒大、果肉飽滿厚實。","840","597","/products/12506/main.jpg","/products/12506/gallery-01.jpg|/products/12506/gallery-02.jpg|/products/12506/gallery-03.jpg|/products/12506/gallery-04.jpg","</P>
</P>
</P>
</P>
位於高海拔地區，遠離塵囂，當地氣候為日照長、溫差大、雲量少，輔以山脈融雪灌溉，孕育出的有機枸杞糖份高，且顆粒大、果肉飽滿厚實。<br>
採摘枸杞後，經過清洗、日曬、鼓風機去除雜質、過篩分級、選色、烘乾、人工挑選、包裝，運送，層層把關；由於枸杞甜度高，易受蟲害，一般枸杞栽種過程中為了要讓枸杞生長得漂亮，會大量施用農藥化肥，食用這類枸杞可能會有農殘疑慮。<br>
因此統一生機的有機枸杞，堅持不使用農藥、不用二氧化硫薰蒸，不添加防腐劑、不添加人工色素。歷經多次檢驗合格，確保品質，安全有保障，更是彌足珍貴。<br>

驗證機構：慈心有機驗證股份有限公司<br>
驗證證書字號：第1-009-210007號<br>","<p><span class=""style1"">原料</span>：有機枸杞</p>
<p><span class=""style1"">規格</span>：150g/包</p>
<p><span class=""style1"">產地</span>：中國大陸</p>
<p><span class=""style1"">保存期限</span>：12個月</p>

<BR>

<p><span class=""style1"">注意事項</span>：<br>
1.	內附脫氧劑及乾燥劑，請勿食用。<br>
2.	請於清洗後烹調食用：因有機枸杞採收後為自然曝曬風乾，偶有夾雜沙塵碎葉，品質無虞，使用前經清洗即可。<br>
3.	產品表面若有些許白色粉末為清洗有機枸杞果蠟的食品級小蘇打粉，請於清洗後烹調，請安心食用。","
 宅配、 超商取貨","https://www.organicshops.cc/product.aspx?id=9054","2026-07-10T06:30:29.933Z"
"8768","1700212","有機枸杞(2件)+有機大紅棗(2件)","特惠專區","多件組優惠","商品簡述：
 17002有機枸杞x2包+17020有機大紅棗x2包","1080","749","/products/12672/main.jpg","/products/12672/gallery-01.jpg","17002有機枸杞:<br>
</P>
</P>
</P>
</P>
<br><br>
===============================================<br>
<br>
17020有機大紅棗:<br>
<br>

<br>

<br>

<br>
17002有機枸杞:<br>
位於高海拔地區，遠離塵囂，當地氣候為日照長、溫差大、雲量少，輔以山脈融雪灌溉，孕育出的有機枸杞糖份高，且顆粒大、果肉飽滿厚實。<br>
採摘枸杞後，經過清洗、日曬、鼓風機去除雜質、過篩分級、選色、烘乾、人工挑選
、包裝，運送，層層把關；由於枸杞甜度高，易受蟲害，一般枸杞栽種過程中為了要
讓枸杞生長得漂亮，會大量施用農藥化肥，食用這類枸杞可能會有農殘疑慮。<br>
因此統一生機的有機枸杞，堅持不使用農藥、不用二氧化硫薰蒸，不添加防腐劑、不
添加人工色素。歷經多次檢驗合格，確保品質，安全有保障，更是彌足珍貴。<br>

驗證機構：慈心有機驗證股份有限公司<br>
驗證證書字號：第1-009-210007號<br>
<br>
===============================================<br>
<br>
17020有機大紅棗:<br>

&nbsp;&nbsp;&nbsp;&nbsp;紅棗自古以來被譽為百果之王，在料理、甜品、中藥藥材上皆可用到，是社會大眾常用的營養滋補品。但您知道嗎？市面上的紅棗來源分歧，品質參差不齊，消費者難以辨識當中的詭妙之處，如挑選到品質不佳的補品。不僅荷包受傷，恐怕體內也累積過多的有害物質，補身不成，反而傷身。<br>
<br>
&nbsp;&nbsp;&nbsp;&nbsp;統一生機 - 有機大紅棗從農場、包裝、運送、入庫，層層把關，經SGS檢驗無農藥檢出，食用安心有保障，用心為您的健康把關，讓您安心享用。<br>
<br>
驗證機構：慈心有機驗證股份有限公司<br>
驗證證書字號：第1-009-210007號<br>
<br>
*紅棗、枸杞選級小撇步<br>

<br>
<br>

*健康新食譜 – 養氣棗杞茶：<br>
*材料：20g有機枸杞、20g有機紅棗、300ml熱水<br>
*做法：<br>
1. 取出枸杞、紅棗進行清洗<br>
2. 將紅棗適當輕劃幾刀，釋放其營養及甜味<br>
3. 加入熱水烹煮或沖泡15~20分鐘<br>
Ps. 視個人喜好，可再加入適量冰糖調味<br>","17002有機枸杞:<br>
<p><span class=""style1"">原料</span>：有機枸杞</p>
<p><span class=""style1"">規格</span>：150g/包</p>
<p><span class=""style1"">產地</span>：中國大陸</p>
<p><span class=""style1"">保存期限</span>：12個月</p>

<BR>

<p><span class=""style1"">注意事項</span>：<br>
1.	內附脫氧劑及乾燥劑，請勿食用。<br>
2.	請於清洗後烹調食用：因有機枸杞採收後為自然曝曬風乾，偶有夾雜沙塵碎葉，品質無虞，使用前經清洗即可。<br>
3.	產品表面若有些許白色粉末為清洗有機枸杞果蠟的食品級小蘇打粉，請於清洗後烹調，請安心食用。<br>
<br>
===============================================<br>
<br>
17020有機大紅棗:<br>
<p><span class=""style1"">原料</span>：有機紅棗<br />
<br>

<br>
<br>

<p><span class=""style1"">規格</span>：300g/包</p>

<p><span class=""style1"">產地</span>：中國大陸</p>

<p><span class=""style1"">保存期限</span>：12個月 </p>
<p><span class=""style1"">注意事項</span>：室溫保存，避免置於潮濕、高溫、日曬場所。開封後請冷藏，並儘早食用。</p>","
 宅配、 超商取貨","https://www.organicshops.cc/product.aspx?id=8768","2026-07-10T06:30:35.993Z"
"12644","17053","有機枸杞原汁350ml(瓶)(6件組)","特惠專區","多件組優惠","商品簡述：
 *特選珍貴有機枸杞鮮果榨汁，每批檢驗合格。
*一天一杯30ml(內附量杯)，晶亮舒適。","2994","2034","/products/12644/main.jpg","/products/12644/gallery-01.jpg|/products/12644/gallery-02.jpg","<br>
<br>
<br>
<br>
大瓶裝上市！有機枸杞原汁<br>
鎖住鮮果的豐富營養，讓您隨時補充枸杞精華！晶采明亮！<br>
大瓶裝的「有機枸杞原汁」上市囉！如果您已經養成每日飲用有機枸杞原汁的習慣，可以考慮在家裡備有一瓶350ml大瓶裝，經濟又實惠！特別推薦給長期使用者、家庭用戶。<br>
內附30ml量杯，每日一小杯30ml補充枸杞鮮果所含的營養素。<br>
<br>
統一生機特選不使用農藥和化學肥料栽種之有機枸杞鮮果，來自地廣人稀的枸杞之鄉-青海，枸杞鮮果皮薄易破，全程手工採摘，經物理式兩道研磨，口感細緻滑順。不添加防腐劑，不添加水、非濃縮還原，保留枸杞原汁營養。<br>
<br>
<br>
<br>
*每批農藥殘留檢驗合格，安心飲用。
<br>
<br>
有機驗證機構名稱：采園生態驗證有限公司<br>
驗證證書字號：1-008-202001<br>","<strong class=""style1"">原料：</strong>有機枸杞(中國)、維生素C(抗氧化劑)<br />

 <strong class=""style1"">食品添加物：</strong>維生素C(抗氧化劑) <br />
  <strong class=""style1"">規格（內容量）：</strong>350毫升/瓶 <br />
  <strong class=""style1"">產地：</strong>中國大陸<strong> </strong><br />
  <span class=""style1""><strong>保存期間：</strong></span><strong>18個月</strong> 
<br>
<br>
<br>
<br><span class=""style1"">注意事項: </span><br>
*請置於乾燥陰涼處、避免陽光直射。<br>
*開封後請冷藏，並於十天內飲用完畢，冷藏後風味更佳。<br>
*本產品為枸杞鮮果壓榨而成，如有果肉沉澱屬自然現象。<br>
<br>
  <strong class=""style1"">過敏原資訊：</strong>無 <br />","
 宅配","https://www.organicshops.cc/product.aspx?id=12644","2026-07-10T06:30:39.161Z"
"12642","02060","有機白米(6件組)","特惠專區","多件組優惠","商品簡述：
 台東淨土好米,神農耕作專賣,有機責任保證","2100","1578","/products/12642/main.jpg","/products/12642/gallery-01.jpg|/products/12642/gallery-02.jpg","<br>
<br>
<br>
<p><span class=""style1"">驗證機構：</span>國立中興大學<br>
<p><span class=""style1"">證書字號：</span>1-006-100681","<p><span class=""style1"">原料:</span>有機稻穀(台灣) <br>

<br><br>
<p><span class=""style1"">規格:</span> 2公斤/包</p>
<p><span class=""style1"">產地:</span> 台灣(台東鹿野)</p>


<p><span class=""style1"">保存期限:</span> 6個月<br>
<br>

<span class=""style1"">注意事項: </span><br>

包裝上生產者的大頭照，依實際生產者而有所不同，代表每位生產者對消費大眾直接的責任保證。
<br>","
 宅配、 超商取貨","https://www.organicshops.cc/product.aspx?id=12642","2026-07-10T06:30:43.225Z"
"12643","02058","有機糙米(6件組)","特惠專區","多件組優惠","商品簡述：
 台東淨土好米,神農耕作專賣,有機責任保證","2100","1578","/products/12083/main.jpg","/products/12083/gallery-01.jpg|/products/12083/gallery-02.jpg","<br>

<br>
<br>
<p><span class=""style1"">驗證機構：</span>國立中興大學<br>
<p><span class=""style1"">證書字號：</span>1-006-100681","<p><span class=""style1"">原料:</span>有機稻穀(台灣)<br>

<br><br>
<p><span class=""style1"">規格:</span> 2公斤/包</p>
<p><span class=""style1"">產地:</span> 台灣(台東鹿野)</p>
<p><span class=""style1"">保存期限:</span> 6個月<br>
<br>
<span class=""style1"">注意事項: </span><br>
 包裝上生產者的大頭照，依實際生產者而有所不同，代表每位生產者對消費大眾直接的責任保證。","
 宅配、 超商取貨","https://www.organicshops.cc/product.aspx?id=12643","2026-07-10T06:30:47.251Z"
"12651","25398","醇厚黑芝麻餅MINI(30公克*8包/盒)(6件組)","特惠專區","多件組優惠","商品簡述：
 全新規格 Mini 隨手包
✔濃郁黑芝麻x含量15%
✔添加海藻鈣 x 美味更營養
✔使用喜馬拉雅山玫瑰鹽","1200","900","/products/12651/main.jpg","","<br>
<br>
醇厚黑芝麻X 海藻鈣Plus! <br>
高達15%濃郁黑芝麻與發酵麵糰融合，餅體撒上飽滿黑白芝麻顆粒，特製成一口酥脆的小圓餅，精心添加喜馬拉雅山脈玫瑰鹽，鹹甜不膩，不添加味精、防腐劑、人工香料，輕巧隨手包設計，讓您隨時隨地輕鬆享受醇厚香氣!<br><br>

✔濃郁黑芝麻x含量15%<br>
✔添加海藻鈣 x 美味更營養<br>
✔使用喜馬拉雅山玫瑰鹽<br><br>

✔小包即開即食<br>
✔健康美味，輕巧少負擔<br>
✔陪您隨時補充好能量","<strong class=""style1"">原料：</strong>麵粉、蔗糖、黑芝麻、黑芝麻醬、棕櫚油、玫瑰鹽、葡萄糖、白芝麻、海藻鈣(紅藻)、碳酸氫銨、小蘇打、大豆卵磷脂、植物碳黑色素、偏亞硫酸氫鈉。

<br>





<br>
  <strong class=""style1"">內容量：</strong>30公克*8包/盒<br>

  <span class=""style1""><strong>產地：</strong></span><strong>台灣 </strong><br>
<strong class=""style1"">保存期間：</strong>12個月(係指未開封狀態且正常條件下之保存)

<br>
<span class=""style1"">注意事項: </span>請置於乾燥陰涼處，避免日曬；開封後請儘早食用完畢<br>





<span class=""style1"">過敏原資訊:</span>本產品含芝麻、大豆及含麩質之穀物的製品","
 宅配、 超商取貨","https://www.organicshops.cc/product.aspx?id=12651","2026-07-10T06:30:51.533Z"
"12649","25385","醇厚黑芝麻餅(6件組)","特惠專區","多件組優惠","商品簡述：
 高達15%濃郁芝麻醬與發酵麵糰融合，餅體撒上飽滿黑芝麻顆粒，散發出醇厚的芝麻香氣，完美呈現色、香、味俱全的黑芝麻餅；精心添加喜馬拉雅山脈玫瑰鹽，鹹甜不膩，不添加味精、防腐劑、人工香料，給您營養的美味!","474","354","/products/12649/main.jpg","/products/12649/gallery-01.jpg","<br>

高達15%濃郁芝麻醬與發酵麵糰融合，餅體撒上飽滿黑芝麻顆粒，散發出醇厚的芝麻香氣，完美呈現色、香、味俱全的黑芝麻餅； 精心添加喜馬拉雅山脈玫瑰鹽，鹹甜不膩，不添加味精、防腐劑、人工香料，給您營養的美味!<br><br>

✔濃郁黑芝麻x黑芝麻含量15%<br>
✔添加海藻鈣 x 美味更營養<br>
✔使用喜馬拉雅山玫瑰鹽<br><br>

黑芝麻小百科：<br>
芝麻是胡麻科植物胡麻的種籽，呈圓形或橢圓形，芝麻可生吃，也可熟吃，經適當烘焙後，營養釋出更多；可以製點心或菜餚烹調，芝麻小小一顆卻有著超級豐富的營養，具有獨特芳香味和高營養價值","<strong class=""style1"">原料：</strong>麵粉、蔗糖、黑芝麻、黑芝麻醬、棕櫚油、玫瑰鹽、葡萄糖、白芝麻、海藻鈣(紅藻)、碳酸氫銨、小蘇打、大豆卵磷脂、植物碳黑色素、偏亞硫酸氫鈉。<br>


 <strong class=""style1"">食品添加物：</strong>碳酸氫銨、小蘇打、偏亞硫酸氫鈉<br>


<br>
  <strong class=""style1"">內容量：</strong>124G/袋(8入) <br>

  <span class=""style1""><strong>產地：</strong></span><strong>台灣 </strong><br>
<strong class=""style1"">保存期間：</strong>12個月(係指未開封狀態且正常條件下之保存)

<br>
<span class=""style1"">注意事項: </span>請置於乾燥陰涼處，避免日曬；開封後請儘早食用完畢<br>





<span class=""style1"">過敏原資訊:</span>本產品含芝麻、大豆及含麩質之穀物的製品","
 宅配、 超商取貨","https://www.organicshops.cc/product.aspx?id=12649","2026-07-10T06:30:53.684Z"
"12647","25372","燕麥起司蘇打餅(6件組)","特惠專區","多件組優惠","商品簡述：
 嚴選來自歐洲起司之王~帕瑪森起司，以酵母發酵，酥脆的餅體，結合濃厚的起司味，添加燕麥粉的穀物香氣，選用來自喜馬拉雅山脈的玫瑰鹽，不添加味精、防腐劑、人工香料、人工色素，給您原味酥脆的美味。","474","354","/products/12647/main.jpg","/products/12647/gallery-01.jpg|/products/12647/gallery-02.jpg","<br>
<br>
嚴選來自歐洲起司之王~帕瑪森起司，以酵母發酵，酥脆的餅體，結合濃厚的起司味，添加燕麥粉的穀物香氣，選用來自喜馬拉雅山脈的玫瑰鹽，不添加味精、防腐劑、人工香料、人工色素，給您原味酥脆的美味 <br>
 <br>
✔帕瑪森起司  <br>
✔優質燕麥粉 <br>
✔使用玫瑰鹽 <br>
 <br>
起司之王-帕瑪森起司 <br>
訴有起司界之王的帕瑪森起司，為優質的乳製品，具有豐富的起司風味，經常廣泛被使用在各式料理中，提昇食物的美味層次，增添濃郁香氣，給您味蕾上最極致的享受！ <br>
 <br>
優質燕麥粉 <br>
嚴選優質燕麥粉，成分自然簡單，保留原始的穀物香氣，燕麥的營養成分豐富，為補充能量的優質來源。<br>","<span class=""style1"">原料:</span>麵粉、棕櫚油、起司粉(牛乳、食鹽、植物性凝乳酵素)、燕麥粉、酵母(酵母、水、大豆卵磷脂)、蔗糖、玫瑰鹽、小蘇打。<BR><BR><FONT color=red 
size=2><B>產地:</B></FONT>台灣<BR><BR>

<span class=""style1"">食品添加物:</span>小蘇打<BR><BR>
<br><br>

<span class=""style1"">產品規格:</span>
108公克/袋(7入)<BR><BR>

<span class=""style1"">保存期限:</span>
12個月(係指未開封狀態且正常條件下之保存)<br>


<br><span class=""style1"">注意事項: </span>請置於乾燥陰涼處，避免日曬；開封後請儘早食用完畢。<br>
<br><span class=""style1"">過敏原資訊:</span><br>
本產品含牛奶、大豆及含麩質之穀物製品。<br>
            本生產線亦生產含芝麻的產品。<br>","
 宅配、 超商取貨","https://www.organicshops.cc/product.aspx?id=12647","2026-07-10T06:30:56.839Z"
"12646","25370","紅藜紫菜蘇打餅(6件組)","特惠專區","多件組優惠","商品簡述：
 嚴選國民養生聖品的超級食物『紅藜麥』，以酵母發酵，酥脆的餅體，搭配清脆爽口的紫菜，選用來自喜馬拉雅山脈的玫瑰鹽，不添加味精、防腐劑、人工香料、人工色素，給您原味酥脆的美味。","474","354","/products/12646/main.jpg","/products/12646/gallery-01.jpg|/products/12647/gallery-02.jpg","<br>
<br>
嚴選國民養生聖品的超級食物『紅藜麥』，以酵母發酵，酥脆的餅體，搭配清脆爽口的紫菜，選用來自喜馬拉雅山脈的玫瑰鹽，不添加味精、防腐劑、人工香料、人工色素，給您原味酥脆的美味。<br>
<br>
✔台灣紅藜麥 <br>
✔清脆紫菜酥<br>
✔使用玫瑰鹽<br>
<br>
穀物之后─台灣紅藜<br>
台灣紅藜營養豐富，有「超級食物」及「穀物之后」的美稱，營養價值比精緻穀類高，<br>
保留了食物中的完整營養，適合全家大小一起食用的優質穀物！<br>
<br>
海洋珍寶-香酥脆紫菜<br>
高營養價值的海洋岩礁珍寶，味道鮮美，堪稱『海洋中的蔬菜』新鮮乾燥，
口感酥脆，自然美味!<br>
<br>","<span class=""style1"">原料:</span>麵粉、棕櫚油、紅藜麥、紫菜、酵母(酵母、水、大豆卵磷脂)、蔗糖、玫瑰鹽、小蘇打。<BR><BR><FONT color=red 
size=2><B>產地:</B></FONT>台灣<BR><BR>

<span class=""style1"">食品添加物:</span>小蘇打<BR><BR>
<br><br>

<span class=""style1"">產品規格:</span>
108公克/袋(7入)<BR><BR>

<span class=""style1"">保存期限:</span>
12個月(係指未開封狀態且正常條件下之保存)<br>


<br><span class=""style1"">注意事項: </span>請置於乾燥陰涼處，避免日曬；開封後請儘早食用完畢。<br>
<br><span class=""style1"">過敏原資訊:</span><br>
本產品含大豆及含麩質之穀物製品。<br>
            本生產線亦生產含牛奶及芝麻的產品。<br>","
 宅配、 超商取貨","https://www.organicshops.cc/product.aspx?id=12646","2026-07-10T06:31:01.257Z"
"12648","25382","義式椒鹽蘇打餅(6件組)","特惠專區","多件組優惠","商品簡述：
 融合多種義式香辛料粉與黑、白胡椒，黃金比例配方，風味獨特，香氣十足，佐以喜馬拉雅山脈的玫瑰鹽，增添風味層次；採用酵母發酵烘烤技術，創造酥脆的口感，不添加味精、防腐劑、人工香料、人工色素，給您濃厚義式香草的美味。","474","354","/products/12648/main.jpg","/products/12648/gallery-01.jpg","<br>

融合多種義式香辛料粉與黑、白胡椒，黃金比例配方，風味獨特，香氣十足，佐以喜馬拉雅山脈的玫瑰鹽，增添風味層次；採用酵母發酵烘烤技術，創造酥脆的口感，不添加味精、防腐劑、人工香料、人工色素，給您濃厚義式香草的美味。<BR><BR>

✔濃厚義式香草風味<BR>
✔黑白胡椒黃金比例  <BR>
✔使用玫瑰鹽<BR><BR>


義式香草小百科：羅勒、百里香、迷迭香、丁香、奧勒岡葉等香草，為傳統義大利料理中不可或缺的重要配角，義大利是隨處可見香草的國度，香草與辛香料被廣泛應用在所有料理中，精選多種香辛料，以黃金比例調配，濃郁芳香。","<span class=""style1"">原料:</span>麵粉、棕櫚油、義式香辛料粉(白胡椒、辣椒、紅椒、迷迭香、甘草粉、百里香、肉桂、羅勒、丁香、奧勒岡葉、花椒、小茴香、八角)、黑胡椒、玫瑰鹽、白胡椒、蔗糖、酵母(酵母、水、大豆卵磷脂)、迷迭香、小蘇打。<BR>
<BR>
<span class=""style1"">產地:</span>
台灣<BR>




<br><br>

<span class=""style1"">產品規格:</span>
108公克/袋(7入)<BR>

<span class=""style1"">保存期限:</span>
12個月(係指未開封狀態且正常條件下之保存)<br>

<span class=""style1"">注意事項: </span>請置於乾燥陰涼處，避免日曬；開封後請儘早食用完畢。<br>
<span class=""style1"">過敏原資訊:</span>
本產品含大豆及含麩質之穀物的產品<br>","
 宅配、 超商取貨","https://www.organicshops.cc/product.aspx?id=12648","2026-07-10T06:31:05.322Z"
"12650","25395","醇厚鮮乳薄餅(6件組)","特惠專區","多件組優惠","商品簡述：
 醇厚鮮乳薄餅 Milk Crackers
使用統一瑞穗鮮乳
不添加防腐劑、人工香料","474","354","/products/12650/main.jpg","/products/12650/gallery-01.jpg","<br>
<br>
真材實料! 濃濃奶香~爽口薄脆<br>
經典熟悉美味『鮮乳薄餅』使用統一瑞穗鮮乳為基底，原始簡單，美味不減，<br>
醇厚奶香味緩緩在口中釋放，不添加防腐劑、人工香料、人工色素，香醇濃郁~休閒點心的好選擇。","<strong class=""style1"">原料：</strong>麵粉、糖粉(蔗糖、玉米澱粉)、烤酥油【棕櫚油、棕櫚仁油、大豆油、抗氧化劑(混合濃縮生育醇、芥花油)】、鮮奶、軟棕油、奶粉、蔗糖、雞蛋、碳酸氫銨製劑(碳酸氫銨、碳酸鎂)、小蘇打、日曬海鹽、大豆卵磷脂、偏亞硫酸氫鈉。

<br>





<br>
  <strong class=""style1"">內容量：</strong>100公克<br>

  <span class=""style1""><strong>產地：</strong></span><strong>台灣 </strong><br>
<strong class=""style1"">保存期間：</strong>12個月(係指未開封狀態且正常條件下之保存)

<br>
<strong class=""style1""> 有效日期：</strong>如包裝標示(西元年/月/日)
<br>
<span class=""style1"">注意事項: </span>請置於乾燥陰涼處，避免日曬；開封後請儘早食用完畢。<br>

<span class=""style1"">負責廠商: </span>統一生機開發(股)公司<br>


<br>
<span class=""style1"">過敏原資訊:</span>
<br>本產品含牛奶、蛋、大豆及含麩質之穀物製品。<br>
               本生產線亦生產含堅果及芝麻的產品。","
 宅配、 超商取貨","https://www.organicshops.cc/product.aspx?id=12650","2026-07-10T06:31:08.502Z"
"7853","2549710","亞麻仁海鹽蘇打餅-蕎麥原味(6件組)","特惠專區","多件組優惠","商品簡述：
 簡單烘烤 散發亞麻仁籽淡淡香脆
精心調製添加小麥胚芽、大豆卵磷脂、啤酒酵母，為重視養生、生機飲食族群重要的營養補充來源，真材實料的滿足感，簡單烘烤、口感紮實，統一生機堅持給您最優質的自然風味。","594","444","/products/7853/main.jpg","/products/7853/gallery-01.jpg","<br>
<br>
<br>
<br>


<br>
<iframe width=""658"" height=""370"" src=""https://www.youtube.com/embed/ihIXeaQ1jBU"" frameborder=""0"" allow=""accelerometer; autoplay; encrypted-media; gyroscope; picture-in-picture"" allowfullscreen></iframe>
<!--[if gte mso 9]><xml> <o:OfficeDocumentSettings>  <o:PixelsPerInch>96</o:PixelsPerInch>  <o:TargetScreenSize>800x600</o:TargetScreenSize> </o:OfficeDocumentSettings></xml><![endif]--><!--[if gte mso 9]><xml> <w:WordDocument>  <w:View>Normal</w:View>  <w:Zoom>0</w:Zoom>  <w:TrackMoves/>  <w:TrackFormatting/>  <w:PunctuationKerning/>    <w:LsdException Locked=""false"" SemiHidden=""true"" UnhideWhenUsed=""true""   Name=""Mention""/>  <w:LsdException Locked=""false"" SemiHidden=""true"" UnhideWhenUsed=""true""   Name=""Smart Hyperlink""/> </w:LatentStyles></xml><![endif]--><!--[if gte mso 10]><style> /* Style Definitions */table.MsoNormalTable	{mso-style-name:表格內文;	mso-tstyle-rowband-size:0;	mso-tstyle-colband-size:0;	mso-style-noshow:yes;	mso-style-priority:99;	mso-style-parent:"""";	mso-padding-alt:0cm 5.4pt 0cm 5.4pt;	mso-para-margin:0cm;	mso-para-margin-bottom:.0001pt;	mso-pagination:widow-orphan;	font-size:10.0pt;	font-family:""Times New Roman"",serif;}</style><![endif]--><!--StartFragment--><p class=""MsoNormal"" id=""yui_3_12_0_2_1505778504403_116""><b id=""yui_3_12_0_2_1505778504403_105""><span style=""font-size:14.0pt;font-family:&quot;新細明體&quot;,serif;color:blue"" id=""yui_3_12_0_2_1505778504403_54""><span id=""yui_3_12_0_2_1505778504403_119"" style=""background-color: rgb(191, 255, 255);"">使用進口無水奶油</span><span lang=""EN-US"" id=""yui_3_12_0_2_1505778504403_107""><o:p id=""yui_3_12_0_2_1505778504403_108""></o:p></span></span></b></p><p class=""MsoNormal"" id=""yui_3_12_0_2_1505778504403_58""><b><span lang=""EN-US"" style=""font-size:5.0pt;font-family:&quot;新細明體&quot;,serif;color:blue"" id=""yui_3_12_0_2_1505778504403_49"">&nbsp;</span></b><span style=""font-family: 新細明體, serif;"" id=""yui_3_12_0_2_1505778504403_91"">以生乳提煉取得，乳脂含量高達</span><span lang=""EN-US"" style=""font-family: 新細明體, serif;"">99.8%</span><span style=""font-family: 新細明體, serif;"" id=""yui_3_12_0_2_1505778504403_86"">，無人工反式脂肪，是點心烘焙的好選擇。</span></p><p class=""MsoNormal"" id=""yui_3_12_0_2_1505778504403_58""><span style=""font-family: 新細明體, serif;"" id=""yui_3_12_0_2_1505778504403_88""><br></span></p><p class=""MsoNormal"" id=""yui_3_12_0_2_1505778504403_75""><b><span style=""font-size: 14pt; font-family: 新細明體, serif; color: blue; background-color: rgb(191, 255, 255);"" id=""yui_3_12_0_2_1505778504403_81"">使用澳洲南極海日曬海鹽</span></b></p><p class=""MsoNormal"" id=""yui_3_12_0_2_1505778504403_102""><b><span style=""font-family: 新細明體, serif; color: rgb(255, 127, 0);"" id=""yui_3_12_0_2_1505778504403_61"">自然日曬，美味加分</span></b></p><p class=""MsoNormal""><span style=""mso-bidi-font-size:12.0pt;font-family:&quot;新細明體&quot;,serif"" id=""yui_3_12_0_2_1505778504403_72"">選自澳洲南端無污染的南極環流海域海水，僅經陽光日曬、風乾結晶而成，保留海水中微量元素。<span lang=""EN-US""><o:p></o:p></span></span></p><p class=""MsoNormal"" id=""yui_3_12_0_2_1505778504403_103""><span style=""color: rgb(255, 127, 0);""><b><span style=""font-family: 新細明體, serif;"" id=""yui_3_12_0_2_1505778504403_113"">不添加抗</span></b><b><span style=""font-family: 新細明體, serif;"">凝結劑，健康加分 </span></b></span><b><span lang=""EN-US"" style=""mso-bidi-font-size:12.0pt;font-family:&quot;新細明體&quot;,serif""><br></span></b><span style=""mso-bidi-font-size:12.0pt;font-family:&quot;新細明體&quot;,serif"" id=""yui_3_12_0_2_1505778504403_41"">製鹽過程中不添加任何人工輔助劑提高海鹽產量，完全憑藉自然生態系統取得，沒有重金屬汙染，不添加抗凝結劑及人工添加物。<span lang=""EN-US""><o:p></o:p></span></span></p><!--EndFragment-->
<br><br>
<iframe width=""560"" height=""315"" src=""https://www.youtube.com/embed/bmWyfs5Ol0w"" frameborder=""0"" allow=""accelerometer; autoplay; encrypted-media; gyroscope; picture-in-picture"" allowfullscreen></iframe>","<span class=""style1"">原料: </span>麵粉、無水奶油、椰子油、蕎麥粉、亞麻仁籽、葡萄糖、水、乾酵母粉、小麥胚芽、麥纖麩皮、日曬海鹽、麥芽抽出物、啤酒酵母、新鮮酵母(酵母、水、大豆卵磷脂)、乾酪粉【乾酪(牛乳、培養菌種、氯化鈣、食鹽、凝乳酵素)、馬鈴薯澱粉】、蔗糖、綠藻粉、大豆卵磷脂、小蘇打、蛋白分解酵素(小麥粉、蛋白分解酵素)。

</p>
<br>
<p><span class=""style1"">食品添加物: </span>氯化鈣、凝乳酵素、小蘇打、蛋白分解酵素</p>

<br><br>

<p><span class=""style1"">規格: </span>168g/袋</p>
<p><span class=""style1"">產地: </span>台灣</p>
<p><span class=""style1"">保存期間:</span> 12個月(係指未開封狀態且正常條件下之保存</p>


<br><span class=""style1"">注意事項: </span>
請置於乾燥陰涼處，避免日曬；開封後請儘早食用完畢。<br>
<br><span class=""style1"">過敏原資訊:</span>本產品含麩質穀類、牛奶製品及大豆製品，不適合其過敏體質者食用，該生產線亦生產含蛋的產品。

</p>","
 宅配、 超商取貨","https://www.organicshops.cc/product.aspx?id=7853","2026-07-10T06:31:11.865Z"
"7854","2549810","亞麻仁海鹽蘇打餅-蕎麥青蔥(6件組)","特惠專區","多件組優惠","商品簡述：
 選用新鮮台灣青蔥‧道地好味道
使用台灣在地新鮮青蔥，整株洗淨切片後加入麵糰，青蔥的原汁原味全都在裏頭；融合蕎麥香氣及亞麻仁籽的顆粒口感，豐富的營養元素加上青蔥，是您不容錯過的好味道。","594","444","/products/7854/main.jpg","/products/7854/gallery-01.jpg","<br>
<br>
<br>
<br>

<br>
<iframe width=""658"" height=""370"" src=""https://www.youtube.com/embed/ihIXeaQ1jBU"" frameborder=""0"" allow=""accelerometer; autoplay; encrypted-media; gyroscope; picture-in-picture"" allowfullscreen></iframe>
使用進口無水奶油<br>
以生乳提煉取得，乳脂含量高達99.8%，無人工反式脂肪，是點心烘焙的好選擇。<br>
<br>
使用澳洲南極海日曬海鹽<br>
<br>
自然日曬，美味加分 <br>
選自澳洲南端無污染的南極環流海域海水，僅經陽光日曬、風乾結晶而成，保留海水中微量元素。<br>
<br>
不添加抗凝結劑，健康加分 <br>
製鹽過程中不添加任何人工輔助劑提高海鹽產量，完全憑藉自然生態系統取得，沒有重金屬汙染，不添加抗凝結劑及人工添加物。
<br><br>
<iframe width=""560"" height=""315"" src=""https://www.youtube.com/embed/bmWyfs5Ol0w"" frameborder=""0"" allow=""accelerometer; autoplay; encrypted-media; gyroscope; picture-in-picture"" allowfullscreen></iframe>","<p><span class=""style1"">原料: </span>麵粉、無水奶油、椰子油、蕎麥粉、水、亞麻仁籽、乾酵母粉、青蔥、小麥胚芽、麥纖麩皮、日曬海鹽、麥芽抽出物、啤酒酵母、新鮮酵母(酵母、水、大豆卵磷脂)、蔗糖、葡萄糖、乾酪粉【乾酪(牛乳、培養菌種、氯化鈣、食鹽、凝乳酵素)、馬鈴薯澱粉】、綠藻粉、大豆卵磷脂、小蘇打、蛋白分解酵素(小麥粉、蛋白分解酵素)<br>
<br>
<p><span class=""style1"">食品添加物: </span>氯化鈣、凝乳酵素、小蘇打、蛋白分解酵素</p>
<br>
<br><br>

<p><span class=""style1"">內容量: </span> 168g/袋</p>
<p><span class=""style1"">產地: </span> 台灣</p>
<p><span class=""style1"">保存期限: </span> 12個月(係指未開封狀態且正常條件下之保存)<br>


<br>
<span class=""style1"">注意事項：</span> 請置於乾燥陰涼處，避免日曬；開封後請儘早食用完畢。<br>
<p><span class=""style1"">過敏原資訊：</span> 本產品含麩質穀類、牛奶製品及大豆製品，不適合其過敏體質者食用，該生產線亦生產含蛋的產品。","
 宅配、 超商取貨","https://www.organicshops.cc/product.aspx?id=7854","2026-07-10T06:31:14.956Z"
"7855","25499","亞麻仁海鹽蘇打餅-蕎麥椒鹽(6件組)","特惠專區","多件組優惠","商品簡述：
 添加黑胡椒、白胡椒及花椒 麻辣帶勁
使用健康的養生三寶(小麥胚芽、大豆卵磷脂、啤酒酵母)，低溫發酵，多重延壓，以爐火烘焙創造出多層酥脆口感，並融合蕎麥香氣及亞麻仁籽的顆粒口感，最後加入特選黑、白胡椒與花椒，麻辣帶勁的滋味，絕對讓您想一嚐再嚐!","594","444","/products/7855/main.jpg","/products/7855/gallery-01.jpg","<br>
<br>
<br>
<br>
<br>
<iframe width=""658"" height=""370"" src=""https://www.youtube.com/embed/ihIXeaQ1jBU"" frameborder=""0"" allow=""accelerometer; autoplay; encrypted-media; gyroscope; picture-in-picture"" allowfullscreen></iframe>
使用進口無水奶油<br>
以生乳提煉取得，乳脂含量高達99.8%，無人工反式脂肪，是點心烘焙的好選擇。<br>
<br>
使用澳洲南極海日曬海鹽<br>
<br>
自然日曬，美味加分 <br>
選自澳洲南端無污染的南極環流海域海水，僅經陽光日曬、風乾結晶而成，保留海水中微量元素。<br>
<br>
不添加抗凝結劑，健康加分 <br>
製鹽過程中不添加任何人工輔助劑提高海鹽產量，完全憑藉自然生態系統取得，沒有重金屬汙染，不添加抗凝結劑及人工添加物。
<br><br>
<iframe width=""560"" height=""315"" src=""https://www.youtube.com/embed/bmWyfs5Ol0w"" frameborder=""0"" allow=""accelerometer; autoplay; encrypted-media; gyroscope; picture-in-picture"" allowfullscreen></iframe>","<p><span class=""style1"">原料: </span>麵粉、椰子油、無水奶油、蔗糖、蕎麥粉、水、亞麻仁籽、大豆卵磷脂、日曬海鹽、啤酒酵母、新鮮酵母(酵母、水、大豆卵磷脂)、俄力岡葉、小麥胚芽、紅辣椒、迷迭香、小蘇打、羅勒、白胡椒粉、黑胡椒粉、洋香菜葉、花椒粉、蛋白分解酵素(小麥粉、蛋白分解酵素)  <br>
<br>
<p><span class=""style1"">食品添加物: </span>蛋白分解酵素、小蘇打</p>
<br>
<br><br>

<p><span class=""style1"">內容量: </span> 168g/袋</p>
<p><span class=""style1"">產地: </span> 台灣</p>
<p><span class=""style1"">保存期限: </span> 12個月(係指未開封狀態且正常條件下之保存)<br>


<br>
<span class=""style1"">注意事項：</span> 請置於乾燥陰涼處，避免日曬；開封後請儘早食用完畢。<br>

<p><span class=""style1"">過敏原資訊：</span> 本產品含麩質穀類、牛奶製品及大豆製品，不適合其過敏體質者食用，該生產線亦生產含蛋的產品。","
 宅配、 超商取貨","https://www.organicshops.cc/product.aspx?id=7855","2026-07-10T06:31:18.371Z"
"12390","25360","梅精球(6件組)","特惠專區","多件組優惠","商品簡述：
 提煉過程- 精選青梅，去皮去籽、以果肉萃取青梅汁後過濾，遵循古法用慢火精心熬煮。","594","444","/products/12390/main.jpg","/products/12390/gallery-01.jpg","</P><br>
</P>
</P>
提煉過程- 精選青梅，去皮去籽、以果肉萃取青梅汁後過濾，遵循古法用慢火精心熬煮。<BR>
<BR>
使用南投縣信義鄉青梅精，風味濃郁、生津止渴，適合上班族、熬夜、常需外食者、遠行出國皆適宜。<br>
<br>
<iframe width=""658"" height=""370"" src=""https://www.youtube.com/embed/ihIXeaQ1jBU"" frameborder=""0"" allow=""accelerometer; autoplay; encrypted-media; gyroscope; picture-in-picture"" allowfullscreen></iframe>","<span class=""style1"">原料:</span>蔗糖、麥芽糖、青梅精、阿拉伯膠、椰子油、檸檬酸、大豆卵磷脂、抗氧化劑(維他命C)、棕櫚蠟。<BR><BR><FONT color=red 
size=2><B>產地:</B></FONT>台灣<BR><BR>

<span class=""style1"">食品添加物:</span>檸檬酸、抗氧化劑(維他命C)、棕櫚蠟<BR><BR>
<br><br>

<span class=""style1"">產品規格:</span>
60公克/盒<BR><BR>

<span class=""style1"">保存期限:</span>
12個月(係指未開封狀態且正常條件下之保存)<br>


<br><span class=""style1"">注意事項: </span>請置於乾燥陰涼處，避免日曬；開封後請儘早食用完畢。<br>
<br><span class=""style1"">過敏原資訊:</span>本產品含有堅果(椰子油)及大豆製品，不適合其過敏體質食用，該生產線亦生產含芒果及牛奶的產品。","
 宅配、 超商取貨","https://www.organicshops.cc/product.aspx?id=12390","2026-07-10T06:31:21.722Z"
"12366","25860","海鹽檸檬糖(盒裝)(6件組)","特惠專區","多件組優惠","商品簡述：
 台灣本土檸檬X日曬海鹽
選用台灣在地檸檬，採以原汁乾燥技術，保留檸檬的香氣及營養，沁涼薄荷搭配統一生機日曬海鹽，生津止渴、潤喉提神，適合運動後補充鹽分、遠行出國皆適宜。","594","444","/products/12366/main.jpg","/products/12366/gallery-01.jpg|/products/12366/gallery-02.jpg|/products/12366/gallery-03.jpg","選用台灣在地檸檬<br>
使用統一生機日曬海鹽<br>
<br>

<br>

台灣本土檸檬X日曬海鹽<br>
選用台灣在地檸檬，採以原汁乾燥技術，保留檸檬的香氣及營養，沁涼薄荷搭配統一生機日曬海鹽，生津止渴、潤喉提神，適合運動後補充鹽分、遠行出國皆適宜。<br>
<br>
支持在地農業-台灣在地檸檬<br>
選用台灣在地檸檬，採以原汁乾燥技術成粉，保留檸檬自然香氣。<br>
<br>
日曬海鹽<br>
自然日曬，美味加分<br>
    來自聯合國教科文組織列為生態保留區，自然原始的潔淨海域，僅
    經陽光日曬、風乾結晶而成，保留海水中微量元素，以傳統日曬海
    鹽工法，守護環境與大自然和諧共生。<br>
<br>
不添加抗結塊劑，健康加分<br>
製鹽過程中不經化學精製、漂白，不以人工輔助劑提高海鹽產量，
    完全憑藉自然生態系統取得，重金屬檢驗合格，不添加抗結塊劑及
    人工添加物。","<span class=""style1"">原料: </span><br>
蔗糖、麥芽糖、檸檬粉（檸檬汁、麥芽糊精）、椰子油、阿拉伯膠、檸檬酸、青梅粉（青
      梅、食鹽）、抗氧化劑（維生素C）、大豆卵磷脂、日曬海鹽、L-薄荷腦、薑黃色素(葡萄
      糖漿、薑黃素、甜菜果膠)、棕櫚蠟
<br>
<br>


  <span class=""style1"">規格:</span>60公克/盒<br>
 <span class=""style1"">原產地:</span>台灣<br>
 <br>
  <span class=""style1"">營養標示</span><br>
<br>
註：營養標示數據若與包裝上有差異，請以實際包裝為準<br>
<br>

<span class=""style1"">保存期間:</span>12個月(係指未開封狀態且正常條件下之保存)<br>
<span class=""style1"">過敏原: </span>本產品含大豆製品，本生產線亦生產含牛奶的產品。<br>
<span class=""style1"">保存方法:</span>開封後請密封保存，並請儘早食用完畢<br>

<br>","
 宅配、 超商取貨","https://www.organicshops.cc/product.aspx?id=12366","2026-07-10T06:31:25.184Z"
"12645","25207","小麥胚芽餅(6件組)","特惠專區","多件組優惠","商品簡述：
 選用健康的小麥胚芽和紐西蘭奶油，及養生黑芝麻與卵磷脂，加以簡單的延壓、烘烤技術，保留餅乾原始的風味。因為配方材料紮實，入口香濃，是您補充營養的口糧。","810","606","/products/12645/main.jpg","/products/12645/gallery-01.jpg","<br>
<br>
<br>
<iframe width=""658"" height=""370"" src=""https://www.youtube.com/embed/ihIXeaQ1jBU"" frameborder=""0"" allow=""accelerometer; autoplay; encrypted-media; gyroscope; picture-in-picture"" allowfullscreen></iframe>
選用健康的小麥胚芽和紐西蘭奶油，及養生黑芝麻與卵磷脂，加以簡單的延壓、烘烤技術，保留餅乾原始的風味。因為配方材料紮實，入口香濃，是您補充營養的口糧。","<p><span class=""style1"">原料</span>:麵粉、蔗糖、無水奶油、麥纖麩皮、水、黑芝麻、乳粉、小麥胚芽、乾酵母粉、麥芽抽出物、食鹽、大豆卵磷脂、小蘇打、偏亞硫酸氫鈉。<br>

<br><span class=""style1"">食品添加物</span>: 小蘇打、偏亞硫酸氫鈉<br>



  <span class=""style1"">保存期限</span>：一年<br>
<span class=""style1"">規格</span>：336g/袋<br>

<span class=""style1"">產地</span> 台灣<br>



<br><br><span class=""style1"">注意事項: </span>

請置於乾燥陰涼處，避免日曬；開封後請儘早食用完畢<br>

<br><span class=""style1"">過敏原資訊:</span>本產品含麩質穀類、牛奶製品、芝麻及大豆製品，不適合其過敏體質者食用，該生產線亦生產含蛋的產品。
</p>","
 宅配、 超商取貨","https://www.organicshops.cc/product.aspx?id=12645","2026-07-10T06:31:30.486Z"
"7295","25119","岩海苔(6件組)","特惠專區","多件組優惠","商品簡述：
 來自韓國潔淨海域，嚴選優質鮮嫩岩紫菜，採集乾燥後佐以芝麻油烘烤，秉持健康概念，特別添加葵花油及統一生機日曬海鹽，口感香脆、清爽不油膩，是健康點心的好選擇。","414","312","/products/7295/main.jpg","/products/7295/gallery-01.jpg","<br>
<br>

<br>
<iframe width=""658"" height=""370"" src=""https://www.youtube.com/embed/ihIXeaQ1jBU"" frameborder=""0"" allow=""accelerometer; autoplay; encrypted-media; gyroscope; picture-in-picture"" allowfullscreen></iframe>
來自韓國潔淨海域，嚴選優質鮮嫩岩紫菜，採集乾燥後佐以芝麻油烘烤，秉持健康概念，特別添加葵花油及統一生機日曬海鹽，口感香脆、清爽不油膩，是健康點心的好選擇。<br>
<br>
使用澳洲南極海日曬海鹽<br>
<br>
自然日曬，美味加分 <br>
選自澳洲南端無污染的南極環流海域海水，僅經陽光日曬、風乾結晶而成，保留海水中微量元素。<br>
不添加抗結塊劑，健康加分 <br>
製鹽過程中不添加任何人工輔助劑提高海鹽產量，完全憑藉自然生態系統取得，沒有重金屬汙染，不添加抗結塊劑及人工添加物。<br>","<p><span class=""style1"">原料</span>:海苔、葵花油[葵花油、抗氧化劑(維生素E、迷迭香萃取物)]、芝麻油、日曬海鹽<br><br>

<br>
  <span class=""style1""><br>
  保存期限:</span> 9個月(係指未開封狀態且正常條件下之保存)<br><br>
  <span class=""style1"">規格</span>: 4.8公克*3包/袋<br><br>
 <span class=""style1"">產地</span>: 台灣<br>

<br><span class=""style1"">注意事項: </span>請置於乾燥陰涼處，避免日曬；開封後請儘早食用完畢。<br>


<br><span class=""style1"">過敏原資訊:</span>本產品含芝麻及其製品，不適合其過敏體質者食用。","
 宅配、 超商取貨","https://www.organicshops.cc/product.aspx?id=7295","2026-07-10T06:31:33.563Z"
"7833","25519","彩虹藜麥乳酪餅(6件組)","特惠專區","多件組優惠","商品簡述：
 嚴選三色藜麥X乳酪粉X日曬海鹽
不使用氫化油脂、不添加人工香料、防腐劑","234","174","/products/7833/main.jpg","/products/7833/gallery-01.jpg|/products/7833/gallery-02.jpg","<br>
<br>
<br>
<iframe width=""658"" height=""370"" src=""https://www.youtube.com/embed/_DhLvLBXn4k?start=6"" frameborder=""0"" allow=""accelerometer; autoplay; encrypted-media; gyroscope; picture-in-picture"" allowfullscreen></iframe>
✔嚴選三色藜麥-營養更加倍<br>
   聯合國糧食及農業組織認定的超級食物『藜麥』，可調整體質、營養補給、健康維持，適合兒童至年長者皆可補充營養的優質穀物。<br>
<br>
✔使用乳酪粉(起司 cheese)-牛乳製成<br>
   起司cheese，又名乾酪，源自於西亞，是一種自古流傳下來的美食，乳酪是牛奶經濃縮而成的奶製品，排除了牛奶中大量的水分，保留了極高的營養價值，被譽為乳品中的黃金。<br>
<br>
✔使用環保日曬海鹽<br>
  環保日曬法製鹽，保留海水中的微量元素，無重金屬污染，不添加抗結塊劑及人工添加物。<br>
<br>
<br>","<p><span class=""style1"">原料:  </span>小麥麵粉、蔗糖、軟質棕油、椰子油、乳清粉、葡萄糖、乳酪粉(乾酪、檸檬酸鈉、乳清粉)、蛋白分解酵素(小麥粉、蛋白分解酵素)、彩虹藜麥(紅藜麥、白藜麥、黑藜麥)、小蘇打、日曬海鹽。 <br>
<br>
<p><span class=""style1"">食品添加物: </span>檸檬酸鈉、蛋白分解酵素、小蘇打</p>
<br>
<br><br>

<p><span class=""style1"">內容量: </span> 65公克</p>
<p><span class=""style1"">產地: </span> 台灣</p>
<p><span class=""style1"">保存期限: </span> 12個月(係指未開封狀態且正常條件下之保存)<br>



<p><span class=""style1"">過敏原資訊：</span> 本產品含牛奶、堅果製品及含麩質之穀類，本生產線亦生產含芝麻的產品。","
 宅配、 超商取貨","https://www.organicshops.cc/product.aspx?id=7833","2026-07-10T06:31:36.629Z"
"12916","012521","無花果乾*(商品效期2026/11/1)","特惠專區","惜福區","商品簡述：
 選用土耳其產地無花果，陽光日曬乾燥，不添加人工色素、人工香料、防腐劑，不經過二氧化硫處理，果乾呈現自然原色，富含膳食纖維，非蜜餞類產品，請安心食用。","270","100","/products/12916/main.jpg","/products/12916/gallery-01.jpg|/products/12916/gallery-02.jpg","<br>
<br>
<br>
<br>
</p>
<ol>
  <li>選用土耳其產地無花果，陽光日曬乾燥 </li>
  <li>不添加人工色素、人工香料、防腐劑 </li>
  <li>不經過二氧化硫處理，果乾呈現自然原色 </li>
  <li>富含膳食纖維，促進腸道蠕動 </li>
</ol>
<p>

選用土耳其產地無花果，陽光日曬乾燥，不添加人工色素、人工香料、防腐劑，不經過二氧化硫處理，果乾呈現自然原色，富含膳食纖維，非蜜餞類產品，請安心食用。

<br><br>
<iframe width=""720"" height=""405"" src=""https://www.youtube.com/embed/0waOzF9R2qY"" frameborder=""0"" allow=""accelerometer; autoplay; encrypted-media; gyroscope; picture-in-picture"" allowfullscreen></iframe>","<strong class=""style1"">原料：</strong>
無花果乾</p>
<p><strong class=""style1"">食品添加物：</strong>無</p>
<BR><br><br>

  <strong class=""style1"">規格（內容量）：</strong>200公克/袋<br />
  <strong class=""style1"">產地：</strong>土耳其<br />
  <span class=""style1""><strong>保存期間：</strong></span>9個月<br>
<br>
<span class=""style1"">注意事項: </span><br>


內含脫氧劑，請勿食用。 </p>
表面若有白色結晶為果實糖分析出現象。","
 宅配、 超商取貨","https://www.organicshops.cc/product.aspx?id=12916","2026-07-10T06:31:40.703Z"
"12897","180521","甘栗(70G)*(商品效期2027/3/29)","特惠專區","惜福區","商品簡述：
 新鮮直送 傳遞幸福甜蜜的好味道
免剝殼、開袋即食
不添加最對味、冰過更Q甜
●開封後需冷藏，並請儘快食用完畢！","49","49","/products/12502/main.jpg","","<br>
<br>
‧嚴選河北板栗，清淨水源加上優渥的土壤和氣候生態，粒粒金黃飽滿。<br>
‧生產製程全程電子監控，採用氮氣充填保鮮與殺菌處理，保有甘栗的色、香、味，兼具營養與美味。<br>
風味香甜濃郁、口感鬆軟綿密，免剝殼、開袋即食，老少咸宜。<br>
‧不添加防腐劑、人工色素、甜味劑，單吃入菜皆美味，傳遞幸福甜蜜的好味道。","<span class=""style1"">原料: </span>栗子<br>
<span class=""style1"">食品添加物名稱: </span>無<br>
<span class=""style1"">規格: </span>70公克/袋<br>

<span class=""style1"">產地: </span>中國大陸<br>


<br>

<br>
<span class=""style1"">保存期限: </span>18個月(係指未開封狀態且正常條件下之保存)<br>
<br>


<p><span class=""style1"">注意事項(保存條件): </span><br>

1. 請置於陰涼乾燥處避免日照，開封後請儘快食用完畢，如未食用完畢請務必密封並置於冰箱保存。因本產品不添加防腐劑，常溫存放將導致產品變質。<br>
2. 內袋產生水分為殺菌溫差造成之水分凝結。<br>
3. 顏色深淺不一屬農產品生長之差異。<br>
4. 本產品包裝袋不可直接微波加熱。<br>
5. 兒童及老人請特別小心食用，切勿強力整粒吞食。<br>
6. 如有包裝袋異常膨包、破損，請勿食用。<br>

<br>
<span class=""style1"">過敏原資訊:</span>本產品含堅果","
 宅配、 超商取貨","https://www.organicshops.cc/product.aspx?id=12897","2026-07-10T06:31:44.748Z"
"12896","012731","無調味堅果42公克*(商品效期2026/12/15)","特惠專區","惜福區","商品簡述：
 V每份21公克，含OMEGA 3 脂肪酸0.5 公克
v採用低溫烘烤、保留堅果營養價值
v嚴選5種珍貴堅果「杏仁、腰果、核桃、夏威夷果、榛果」
v原味不添加，吃出自然健康的原始好滋味","72","72","/products/12896/main.jpg","","V非油炸、低溫輕烘焙<br>
V含蛋白質及OMEGA 3 脂肪酸<br>
V堅果可滋補強身、增強體力

<br>
每日飲食指南建議需攝取堅果種子類一份，您吃了嗎？<br><br>

堅持原味不添加，大自然孕育出的香甜滋味。從產地到餐桌，每一顆堅果由統一生機為您把關，嚴選自各主要產地的堅果界四大天王：「杏仁、腰果、核桃、榛果」，再搭配上超人氣的「夏威夷果」，五款高價值堅果原料，極品饗宴，輕鬆滿足每日需求。採用低溫輕烘焙，保留堅果最真實的原味，攝取好油脂、補充每日所需營養。經第三方公正單位檢驗合格，食用好安心。","<span class=""style1"">原料: </span>杏仁、腰果、核桃、榛果、夏威夷果</p>




<br>



<br>

<span class=""style1"">規格:</span>42公克<br>

<p><span class=""style1"">產地:</span>台灣</p>
<p><span class=""style1"">保存期間</span>: 12個月(係指未開封狀態且正常條件下之保存)<br>
<p><span class=""style1"">保存條件</span>: <br>
 1.請置於陰涼乾燥處避免日照，冷藏保存尤佳。<br>
 2.開封後未食用完畢需冷藏，並請儘快食用完畢。<br>


<br><span class=""style1"">注意事項: </span><br>
1.內有脫氧劑，請勿食用。<br>
 2.因農作物有蟲害痕跡之可能，此乃農產品原料之現象。<br>

<p><span class=""style1"">過敏原資訊:</span>本產品含堅果。本生產線亦生產含芝麻、含麩質之穀物及大豆的產品。</p>

<p><span class=""style1"">負責廠商: </span>統一生機開發(股)公司</p>","
 宅配、 超商取貨","https://www.organicshops.cc/product.aspx?id=12896","2026-07-10T06:31:46.886Z"
"12895","012101","原味綜合堅果隨手包*(商品效期2026/11/1)","特惠專區","惜福區","商品簡述：
 每次食用皆為全新感受
可輕鬆一次食用完畢
隨身攜帶不佔空間
隨時隨地補充營養","39","39","/products/11868/main.jpg","/products/11868/gallery-01.jpg","<br>
<br>
<br>
<br>
<br>
<iframe width=""560"" height=""315"" src=""https://www.youtube.com/embed/MeNV6o1ne1Y"" frameborder=""0"" allow=""accelerometer; autoplay; encrypted-media; gyroscope; picture-in-picture"" allowfullscreen></iframe>
選用源自各主要產地之堅果原料，鎖定品種、規格與尺寸，穩定進櫃，倉內溫控保鮮，採用耗時耗人力的低溫輕烘焙加工方式、原味不添加，保留堅果營養價值。<br>
杏仁：USDA Extra NO.1等級大顆粒杏仁，精選品種，香味獨特。<br>
核桃：高比例完整顆粒，非一般碎核桃，口感滿分。<br>
腰果：完整顆粒的乳白腰果，味道清香甘甜。","<p><span class=""style1"">原料: </span>杏仁、核桃、腰果</p>

<br>
<span class=""style1"">食品添加物: </span>無</p>

<br><br>

<p><span class=""style1"">規格: </span>28公克/包</p>
<p><span class=""style1"">產地: </span>台灣</p>
<p><span class=""style1"">保存期間:</span> 12個月(係指未開封狀態且正常條件下之保存)</p>
<p><span class=""style1"">保存條件:</span> 請置於陰涼乾燥處避免日照，開封後請儘早食用完畢</p>

<p><span class=""style1"">過敏原資訊：</span>本產品含堅果。本生產線亦生產含牛奶製品、芝麻、含麩質之穀類、大豆及種子類的產品。
</p>","
 宅配、 超商取貨","https://www.organicshops.cc/product.aspx?id=12895","2026-07-10T06:31:49.378Z"
"12880","220961","酪梨油*(2件組)(商品效期2027/6/14)","特惠專區","惜福區","商品簡述：
 來自義大利原裝進口，選用優質酪梨原料，Omega-9幫助調整體質。發煙點270度C，可生飲、涼拌沙拉、高溫烹煮及油炸，用途最為廣泛。","900","599","/products/12880/main.jpg","/products/12880/gallery-01.jpg|/products/12880/gallery-02.jpg","<br>
<br>
<br>
<br>
義大利原裝進口，統一生機與歐洲知名油品製造商攜手合作，市場遍布全世界110多個國家，擁有ISO 9001、FSSC、BRC等工廠驗證。擁有完整的品質檢驗，包含碘價、酸價、過氧化價、皂化價等等，層層品質把關，讓您吃得安心。<br>
<br>
選用高品質酪梨原料，優質Omega-9能幫助調整體質；不飽和脂肪酸能維持健康。發煙點270度C，可生飲、涼拌沙拉、高溫烹煮及油炸，用途最廣泛。","<p><span class=""style1"">原料:</span>酪梨油</p>
 <p><span class=""style1"">食品添加物名稱:</span>無</p>

<br>


<p><span class=""style1"">保存期限:</span> 24個月(係指未開封狀態且正常條件下之保存)</p>
<p><span class=""style1"">原產地(國): </span>義大利<br>
  <span class=""style1"">產品規格:</span> 500ml/瓶<br>

<span class=""style1"">注意事項: </span><br>
1.	可生飲、涼拌沙拉，一般烹調之煎、煮、炒、炸皆宜。<br>
2.	請勿倒放，並放置乾燥陰涼處，避免陽光直射。<br>
3.	開瓶後，請儘快使用完畢。
<br>
<br>
 <span class=""style1"">過敏原資訊:</span> 無</p>","
 宅配","https://www.organicshops.cc/product.aspx?id=12880","2026-07-10T06:31:52.500Z"
"12781","011681","果然優有機杏仁*(商品效期2026/11/19)","特惠專區","惜福區","商品簡述：
 有機堅果新鮮吃 健康營養無負擔","330","330","/products/12781/main.jpg","/products/12781/gallery-01.jpg|/products/12781/gallery-02.jpg|/products/12781/gallery-03.jpg","<br>
<br>
<br>
精選主要產地經有機驗證之有機杏仁，並於品種、等級與顆粒皆嚴守標準，穩定進櫃、倉內溫控保鮮，低溫輕烘焙、原味不添加，保留堅果營養價值，給您自然、健康的原始香甜滋味！<br>
<br>
驗證機構：慈心有機驗證股份有限公司<br>
驗證證書字號：第1-009-210007號<br>

<br>
食用建議<br>
*直接做為零嘴食用，輕鬆補充每日營養。<br>
*加入生機食材做成生菜沙拉，或打成精力湯。<br>
*加入豆類、穀類等，打成豆漿、穀奶。 <br>
*加入其他食材做成堅果饅頭、堅果麵包等。","<p><span class=""style1"">原料:</span>有機杏仁(美國)<br>

<p><span class=""style1"">食品添加物:</span> 無</p>
<br><br>

<p><span class=""style1"">內容量:</span> 150公克/袋</p>
<p><span class=""style1"">產地:</span> 台灣</p>
<p><span class=""style1"">保存期限:</span> 12個月(係指未開封狀態且正常條件下之保存)<br>
<br>
<p><span class=""style1"">保存條件：</span><br>
1. 請置於陰涼乾燥處避免日照，冷藏保存尤佳。<br>
2. 開封後未食用完需冷藏，並儘快食用完畢。<br>
<br>
<p><span class=""style1"">注意事項：</span> 內有脫氧劑，請勿食用。<br>
<p><span class=""style1"">過敏原資訊：</span>本產品含堅果。本生產線亦生產含牛奶製品、芝麻、含麩質之穀物及大豆的產品。","
 宅配、 超商取貨","https://www.organicshops.cc/product.aspx?id=12781","2026-07-10T06:31:56.908Z"
"12845","262281","枸杞晶凍(金盞花葉黃素萃取物)*兩件組(商品效期2027/2/12)","特惠專區","惜福區","商品簡述：
 !!果凍新食感!!
「枸杞晶凍(金盞花葉黃素萃取物)」使用枸杞原汁及游離型葉黃素，幫助維持健康、滋補晶亮，並以海藻糖取代蔗糖，原料單純，一天1~2包一次達成「健康、美味、少負擔」!","1358","599","/products/12845/main.jpg","/products/12845/gallery-01.jpg|/products/12845/gallery-02.jpg","<br>
<br>
<br>
果凍好入口，晶亮好幫手<br>
是否一直想要補充葉黃素，但卻因為市面上大多的葉黃素產品都是膠囊、錠劑等型式，不容易入口而猶豫不決呢？別擔心! 專為現代3C族群的你設計，統一生機推出「枸杞晶凍(金盞花葉黃素萃取物)」結合健康與美味，並加入了滋補聖品-枸杞原汁，健康晶亮更加分!原料單純不添加防腐劑、甜味劑及人工香料，一天1~2包，輕鬆補充葉黃素，提升晶亮保護力! <br><br>

*使用枸杞原汁，調整體質、滋補晶亮<br>
*添加海藻糖取代蔗糖、甜味劑<br>
*添加游離型葉黃素<br>
*適合不擅吞食膠囊者補充葉黃素<br>
*即開即食方便食用<br>
*不添加人工香料、防腐劑、甜味劑","<p><span class=""style1"">原料: </span><br>
水、枸杞原汁、蘋果濃縮汁、海藻糖、玉米糖膠、鹿角菜膠、金盞草萃取粉(阿拉伯膠、金盞草萃取粉(含玉米黃素及葉黃素)、混合濃縮生育醇 (抗氧化劑))、刺槐豆膠、蒟蒻粉、DL-蘋果酸、乳酸鈣<br>
<br>
<span class=""style1"">食品添加物名稱：</span>玉米糖膠、鹿角菜膠、刺槐豆膠、DL-蘋果酸、乳酸鈣、混合濃縮生育醇 
</p>


<br>

<br>
<br>

<span class=""style1"">成分與規格:</span>225公克(15公克X15包)<br>
<span class=""style1"">食用方式:</span>果凍條一天1~2包，即開即食。<br>
<span class=""style1"">有效日期:</span>標示於外包裝(西元年/月/日)<br>
<span class=""style1"">保存期間:</span>18個月(係指未開封狀態且正常條件下之保存)<br>
<span class=""style1"">產地:</span>台灣<br>
<span class=""style1"">負責廠商</span>: 統一生機開發(股)公司<br><br>
<span class=""style1"">保存方式</span>: <br>
*請置於乾燥陰涼處、避免陽光直射。<br>
*開封後請立即食用完畢。<br>
*冷藏後風味更佳。<br><br>



<span class=""style1"">注意事項: </span><br>
1.	本產品含果汁及植物萃取，如有顏色變化屬正常現象，請安心食用。<br>
2.	本產品為果凍狀，請細嚼慢嚥。建議五歲以上有咀嚼能力之兒童食用，食用時請大人陪伴。<br>
3.	如孕婦或有特殊疾病、服用藥物或肝腎功能不佳者，食用前請先諮詢醫師。<br>
4.	本產品全素可食。<br>
5.	本產品內含果汁，開封前請小心溢出。<br><br>


<span class=""style1"">過敏原資訊: </span>無","
 宅配、 超商取貨","https://www.organicshops.cc/product.aspx?id=12845","2026-07-10T06:32:02.340Z"
"12838","249511","杏仁堅果飲*(箱)免運(商品效期2026/11/24)","特惠專區","惜福區","商品簡述：
 杏仁堅果飲，營養好喝，不使用香精，原粒研磨，保留食材的風味及營養；不使用奶精，真材實料；淡雅杏仁清香搭配堅果風味香氣，一口喝下，給您滿滿的杏福好味道；配方單純，原料把關，提供給您安心與健康的雙重保障!","936","609","/products/12838/main.jpg","/products/12838/gallery-01.jpg","<p>
<br>
<br>

<br>
<iframe width=""560"" height=""315"" src=""https://www.youtube.com/embed/BU3_vkHOJdM"" frameborder=""0"" allow=""accelerometer; autoplay; encrypted-media; gyroscope; picture-in-picture"" allowfullscreen></iframe>
杏仁堅果飲，營養好喝，不使用香精，原粒研磨，保留食材的風味及營養；不使用奶精，真材實料；淡雅杏仁清香搭配堅果風味香氣，一口喝下，給您滿滿的杏福好味道；配方單純，原料把關，提供給您安心與健康的雙重保障!","<p><span class=""style1"">原料:</span> 水、光中杏(杏仁)、糯米、砂糖、腰果</p>
<br>
<span class=""style1"">食品添加物:</span>無</p>
<BR><br>

<p><span class=""style1"">規格:</span>245ML*24瓶/箱  </p>
<p><span class=""style1"">產地: </span>台灣</p>
<p><span class=""style1"">保存期間:</span> 12個月</p>
<br><span class=""style1"">過敏原資訊:</span>本產品含堅果類","
 宅配","https://www.organicshops.cc/product.aspx?id=12838","2026-07-10T06:32:06.616Z"
"12836","248211","黑芝麻糙米飲*(箱)(免運)(商品效期2026/11/12)","特惠專區","惜福區","商品簡述：
 黑芝麻Ｘ糙米 意想不到的搭配
成分單純，黑芝麻原粒研磨，品嘗黑芝麻香氣與濃厚糙米榖香口感，香醇好喝不膩口，喝得到的真材實料!","936","609","/products/12836/main.jpg","/products/12836/gallery-01.jpg","<br>
<br>
除了市面上常見的黑芝麻沖泡飲品，你還可以有新的選擇!<br>
<br>
統一生機將黑芝麻結合台灣在地糙米，用喝的黑芝麻！省去沖泡的時間，即開即飲，隨手一瓶，方便好攜帶，鈣質補給好簡單，喝得到芝麻香與糙米喉韻，滑順口感，濃郁好喝不膩口，享受不負擔。

<br>","<span class=""style1"">原料:</span>
水、糙米、砂糖、黑芝麻<br>
<br>
<span class=""style1"">食品添加物:</span>
無<br>
<br>
<br><br>

<span class=""style1"">保存期間:</span>12個月（保存期間係指未開封狀態且正常條件下之保存）<br>
<br>
<span class=""style1"">規格:</span>245毫升*24瓶/箱<br>
<span class=""style1"">產地:</span>台灣<br>
<br><span class=""style1"">注意事項: </span><br>
*請置於陰涼處，避免陽光直射，開封後請儘速食用完畢。<br>
*本產品不添加食品添加物，沉澱物、浮油係植物纖維及植物油脂，食用前請先搖動均勻。

<br>
<br><span class=""style1"">過敏原資訊:</span>本產品含芝麻。","
 宅配","https://www.organicshops.cc/product.aspx?id=12836","2026-07-10T06:32:09.842Z"
"12835","248111","有機燕麥豆漿*(箱)(免運)(商品效期2026/10/21)","特惠專區","惜福區","商品簡述：
 有機黃豆Ｘ有機燕麥 雙植物飲新選擇
成分單純，濃郁口感","936","609","/products/12831/main.jpg","/products/12831/gallery-01.jpg","<br>
<br>
除了市面上常見的豆漿，你還可以有新的選擇!
<br><br>
統一生機將有機豆漿結合有機燕麥飲，雙植物性蛋白質來源，滑順豆漿加入濃厚燕麥香氣與口感，濃郁好喝不膩口，不用再猶豫要怎麼選，營養更全面，口感更豐富。隨手一瓶，方便好攜帶。
<br>
<br>
驗證機構：財團法人和諧有機農業基金會<br>
驗證證書字號：1-010-300755","<span class=""style1"">原料:</span>
水、有機黃豆(美國)、有機燕麥仁(芬蘭)、有機紅蔗糖(巴西)<br>
<br>
<span class=""style1"">食品添加物:</span>
無<br>
<br>
<br><br>

<span class=""style1"">保存期間:</span>12個月（保存期間係指未開封狀態且正常條件下之保存）<br>
<br>
<span class=""style1"">規格:</span>245毫升*24瓶/箱<br>
<span class=""style1"">產地:</span>台灣<br>
<br><span class=""style1"">注意事項: </span><br>
*請置於陰涼處，避免陽光直射，開封後請儘速食用完畢。<br>
*本產品不添加食品添加物，沉澱物、浮油係植物纖維及植物油脂，食用前請先搖動均勻。
<br>
<br><span class=""style1"">過敏原資訊:</span>本產品含大豆及含麩質之穀物。","
 宅配","https://www.organicshops.cc/product.aspx?id=12835","2026-07-10T06:32:12.916Z"
"12834","012001","台灣芒果乾*(商品效期2026/11/5)","特惠專區","惜福區","商品簡述：
 台灣在地愛文芒果乾燥加工製成","250","250","/products/12834/main.jpg","/products/12834/gallery-01.jpg","<br>
<br>
<br>
品種優：台灣在地愛文芒果乾燥加工製成。 <br>
等級棒：選用完全熟成的外銷日本等級水果，非淘汰品製成。 <br>
契作佳：慎選果農長期契作，輔導使用納豆菌肥料。 <br>
選果精：挑選甜度超過12度芒果製成，酌量添加蔗糖，原味更珍貴。 <br>
自然好：不添加人工色素、人工香料、人工甘味劑與防腐劑，自然最對味 <br>
營養足：果乾含有膳食纖維，可幫助腸道蠕動。 <br>
<br>

<p>來自台灣在地好農，長期契作生產限量供應，選用外銷日本等級的愛文芒果製成，顆顆經過《光感應甜度選別機》精挑細選，酌量添加蔗糖，不添加人工色素、人工香料、人工甘味劑與防腐劑，讓你吃得放心與安心。<br>","<p><span class=""style1"">原料: </span>芒果、蔗糖 </p><br>


<br><br>

<span class=""style1"">保存期限:</span>12個月<br><br>
<span class=""style1"">產地: </span>台灣<br><br>
  <span class=""style1"">產品規格:</span> 100g/袋</p>
<br>


<span class=""style1"">注意事項: </span><br>


1. 開封後未食用完畢需冷藏並儘快食用完畢。<br>
2. 表面若有結晶為果實糖分析出現象。<br>
3. 內附脫氧劑請勿食用。 <br>
4. 本產品不添加人工色素，且不經過硫化薰蒸處理，故表面因酵素作用產生褐變，為正常現象。
<br>
<p><span class=""style1"">過敏原資訊</span>：本產品生產線生產含芒果與奇異果的產品，不適合其過敏體質者食用。<br>","
 宅配、 超商取貨","https://www.organicshops.cc/product.aspx?id=12834","2026-07-10T06:32:16.155Z"
"12833","371961","悠活果乾禮盒(葡萄乾400g+蜜棗乾400g+蔓越莓乾360g)(超取免運)(商品效期2026/11/26)","特惠專區","惜福區","商品簡述：
 統一生機精選禮盒，一次購足可享三種截然不同風味。
葡萄乾，保留葡萄乾的原始自然風味，補充能量；蜜棗乾，促進腸道蠕動，使排便順暢；蔓越莓乾量少珍貴，有可改變細菌叢生態的特性，帶給您酸中帶甜的好滋味。
不添加人工色素、香料、防腐劑。
鐵罐新裝、完整密封、充氮保鮮、品質提升。","810","324","/products/12833/main.jpg","","葡萄乾：蘊含陽光能量的葡萄乾，嚴選陽光日曬的葡萄乾，保留葡萄乾原始風味。葡萄乾果實為白綠色，經日曬吸收能量後轉為紫黑(褐)色；不添加人工色素、香料、防腐劑。 <br>
蜜棗乾：顆粒大、肉質厚實、不甜、不膩、不黏手；陽光日曬而成，不添加人工色素、香料、防腐劑，呈現原始的口感與滋味；零脂肪又富含膳食纖維，可增加飽足感，促進腸道蠕動，是需補充膳食纖維的補充來源。<br>
<br>
蔓越莓乾：蔓越莓乾量少又珍貴，有可改變細菌叢生態的特性，亦有幫助維持消化道機能及調節生理機能。不添加人工色素、香料、防腐劑，帶給您酸中帶甜的好滋味。
三種口感一次購足。 <br>
不添加人工色素、香料、防腐劑。<br>
環保鐵罐、充氮保鮮。 <br>
<br>
</span>果然優葡萄乾：<br>
*選用智利JUMBO高規格的葡萄乾。<br>
*陽光日曬方式乾燥，不經過硫化薰蒸處理。<br>
*不添加人工色素、人工香料、防腐劑。<br>
<br>
果然優蜜棗乾<br>
*富含膳食纖維，幫助腸道蠕動。<br>
*陽光日曬乾燥，沒有經過醃漬處理，非蜜餞類產品。<br>
*不添加人工色素、人工香料、防腐劑。<br>
<br>

果然優蔓越莓乾：<br>
*改變細菌叢生態特性。<br>
*不經榨汁處理，呈現暗紅自然原色。<br>
*不添加人工色素、人工香料、防腐劑。","<span class=""style1"">原料：</span><br>
葡萄乾：葡萄乾、葵花油 <br>
蜜棗乾：蜜棗乾<br>
蔓越莓乾：蔓越莓乾、蔗糖、葵花油 <br>

<br>
<p class=""style1"">營養標示:</p>
依實際標示所示<br>
<br>
<p><span class=""style1"">規格:</span> <br>
葡萄乾：400公克 <br>
蜜棗乾：400公克<br>
蔓越莓乾：360公克 </p>
<br>
<p><span class=""style1"">產地: </span>葡萄乾(智利)、蔓越莓乾(美國)、蜜棗乾(智利)<br>
<br>
<p><span class=""style1"">保存期限:</span> <br>
葡萄乾：12個月 <br>
蜜棗乾：9個月<br>
蔓越莓乾：12個月 <br>
<br>
<span class=""style1"">注意事項: </span>開封後未使用完需冷藏並儘快食用完畢。

</span></p>
<p><span class=""style1"">營養標示</span><br>
依實際標示所示<br>","
 宅配、 超商取貨","https://www.organicshops.cc/product.aspx?id=12833","2026-07-10T06:32:19.228Z"
"12795","253921","海苔薄切洋芋片(商品效期2026/10/11)","特惠專區","惜福區","商品簡述：
 嚴選整顆馬鈴薯鮮切，灑上鮮味海苔粉，色澤金黃，點綴綠意，酥脆口感中帶出濃郁海味，鹹香不膩、越吃越涮嘴，令人一口接一口停不下來！不添加味精、人工香料、人工色素，保留馬鈴薯真實風味，給你最純粹的酥脆享受。","49","49","/products/12795/main.jpg","","<br>
<br>
整顆馬鈴薯鮮切X經典海苔<br>
嚴選整顆馬鈴薯鮮切，灑上鮮味海苔粉，色澤金黃，點綴綠意，酥脆口感中帶出濃郁海味，鹹香不膩、越吃越涮嘴，令人一口接一口停不下來！不添加味精、人工香料、人工色素，保留馬鈴薯真實風味，給你最純粹的酥脆享受。<br><br>

不添加味精、香料，配方單純，純粹美味。<br>
整顆馬鈴薯鮮切，薄切工法更酥脆。
<br>","<p><span class=""style1"">原料: </span>馬鈴薯、棕櫚油、麥芽糊精、葡萄糖、海苔粉、玫瑰鹽。

<br>
<br><br>

<p><span class=""style1"">規格: </span>59.5公克/包</p>
<p><span class=""style1"">產地: </span>台灣</p>
<p><span class=""style1"">保存期間:</span> 10個月(係指未開封狀態且正常條件下之保存)

<br><br><span class=""style1"">注意事項: </span>請置於乾燥陰涼處，避免日曬；開封後請儘早食用完畢。<br>
<br>","
 宅配、 超商取貨","https://www.organicshops.cc/product.aspx?id=12795","2026-07-10T06:32:21.376Z"
"12793","012421","原味腰果隨手包*(商品效期2026/10/1)","特惠專區","惜福區","商品簡述：
 *每包30公克，蛋白質6.5公克
*輕烘焙，完整保留營養
*非油炸
*特選品種，可以吃到腰果淡淡的甜味及奶香味","39","39","/products/12793/main.jpg","/products/12793/gallery-01.jpg","每日堅果補給站，營養袋著走。獨立包裝、攜帶方便、低溫輕烘焙、非油炸，保留營養價值。加入沙拉、優格、做成綠拿鐵、精力湯皆合適，吃進營養、補充能量。
從產地源頭至消費者的手中，經過層層品質檢驗，堅持選用主產地原料，嚴選完整顆粒的乳白腰果，
堅持採用低溫輕烘焙的烤焙工法，襯托出堅果的香甜與奶香味。<br><br>

每包30公克，蛋白質佔6.5公克，蛋白質可調節生理機能、幫助生長發育。<br><br>

<br>","<span class=""style1"">原料: </span>腰果
<br><br>


<br><br>

<span class=""style1"">規格: </span>30g/包</p>
<p><span class=""style1"">產地: </span>台灣</p>
<p><span class=""style1"">保存期間:</span> 12個月(係指未開封狀態且正常條件下之保存)</p>
<p><span class=""style1"">負責廠商:</span>統一生機開發(股)公司 <br>



<p><span class=""style1"">過敏原資訊：</span>本產品含堅果。本生產線亦生產含牛奶製品、芝麻、含麩質之穀物及大豆的產品。

</p>","
 宅配、 超商取貨","https://www.organicshops.cc/product.aspx?id=12793","2026-07-10T06:32:23.551Z"
"12773","012531","杏桃乾*(商品效期2026/9/10)","特惠專區","惜福區","商品簡述：
 憑藉著地中海型氣候特色，孕育來自土耳其整顆杏桃乾，保留杏桃乾的原始自然風味，果乾呈現原貌，含有豐富的膳食纖維，不添加人工色素、人工香料、防腐劑，不使用二氧化硫燻蒸，果肉厚實，口感Q彈帶有嚼勁，獨特香氣回味無窮。","270","99","/products/12773/main.jpg","/products/12773/gallery-01.jpg|/products/12773/gallery-02.jpg","<br>
<br>
<br>
<br>
<p>※完整顆粒呈現纖厚實感 <br>
※含有豐富的膳食纖維、幫助腸道蠕動 </p>
※不添加人工色素、人工香料、防腐劑，不使用二氧化硫燻蒸<br>
<br>






<span class=""style2"">鮮嫩橘亮、纖厚實感的杏桃乾 </span></p>
<p>在乾旱而不易下雨的地中海，盛產著一種和煦陽光般色澤的桃子，當陽光灑落時，彷彿一個個的小太陽在向你展開微笑，輕柔的摘下把玩，觸感柔順纖細，果香已慢慢傳到鼻中，品嘗時果肉厚實而香氣滿盈口中，讓人不禁讚不絕口，這就是來自地中海的杏桃。 </p><br>
<p><span class=""style2"">杏桃知多少</span><br>
  杏桃，屬於薔薇科的植物，主要產於土耳其，具有土耳其水果之王之稱，口感獨特而逐漸遍及世界各地，杏桃有著獨特的外表，厚實的果肉與堅硬的果核，在地中海型的獨特氣候中，杏桃屬於耐乾燥的水果，如太陽般金黃透亮的杏桃果掛滿了高約3.5公尺的杏桃樹，果實澄黃、粒粒飽滿，於夏季結果採收，一眼望去滿滿的黃果於眼前，熟成時會轉為偏紅，如台灣拉拉山的水蜜桃般，外表披覆著細細短短的絨毛，杏桃顆粒較小但香氣絲毫不遜色。 </p><br>
<p><span class=""style2"">渾厚飽滿的杏桃乾</span><br>
  杏桃一年一產，杏桃鮮果保存不易，透過先進乾燥技術的杏桃果乾，可保存較久，杏桃乾果肉厚實，古法精湛的去核技術，讓果肉外觀看似完整無缺，咀嚼時散發滿滿的香氣，口感扎實並充滿嚼勁，不添加人工色素、人工香料、防腐劑，中東異國風的奇特果乾，帶給您感受有如徜徉地中海般的甜蜜的口感。 </p><br>
<p><span class=""style2"">杏桃乾的營養價值</span><br>
  杏桃乾營養成份豐富，含有豐富的膳食纖維，可促進腸道蠕動，使排便順暢，不添加人工色素、人工香料、防腐劑，食用安心有保障。 </p><br>
<p><span class=""style2"">杏桃乾的食用方式 </span><br>
  杏桃乾除了可作為零嘴食用外，也可加入沙拉當作主要的營養來源，更可以果汁機攪碎成泥狀，可沖泡或做為果醬食用，還可以將杏桃乾切碎後做為麵包或土司的原料之一，用途廣泛。 </p>
注意事項：杏桃乾原果為橘黃色，因為不添加二氧化硫燻蒸，故果乾外表色澤偏向褐色，屬自然反應現象，而不是果乾壞了。<br>

<br>

<iframe width=""720"" height=""405"" src=""https://www.youtube.com/embed/0waOzF9R2qY"" frameborder=""0"" allow=""accelerometer; autoplay; encrypted-media; gyroscope; picture-in-picture"" allowfullscreen></iframe>","<p><strong class=""style1"">原料： </strong>
杏桃乾</p>
<p><br>
<br><br>
  <strong class=""style1"">內容量：</strong>200公克/包<br>
<strong class=""style1"">產地：</strong>土耳其<br>
  <span class=""style1""><strong>保存期間：</strong></span><strong>9個月　</strong>（保存期間係指未開封狀態且正常條件下之保存） </p>
<br>

<span class=""style1"">注意事項: </span><br>
  <li>開封後需冷藏並儘快食用完畢 </li>
  <li>內含脫氧劑，請勿食用 </li>
  <li>原果乾為橘黃色，因不使用二氧化硫燻蒸，故接觸空氣後會逐漸轉褐色，請安心食用</li>
  <li>表面若有結晶為原果糖晶析出現象 </li>
</ol>","
 宅配、 超商取貨","https://www.organicshops.cc/product.aspx?id=12773","2026-07-10T06:32:26.637Z"
"12731","254991","亞麻仁海鹽蘇打餅-蕎麥椒鹽*(商品效期2026/10/2)","特惠專區","惜福區","商品簡述：
 添加黑胡椒、白胡椒及花椒 麻辣帶勁
使用健康的養生三寶(小麥胚芽、大豆卵磷脂、啤酒酵母)，低溫發酵，多重延壓，以爐火烘焙創造出多層酥脆口感，並融合蕎麥香氣及亞麻仁籽的顆粒口感，最後加入特選黑、白胡椒與花椒，麻辣帶勁的滋味，絕對讓您想一嚐再嚐!","99","99","/products/7855/main.jpg","/products/7855/gallery-01.jpg","<br>
<br>
<br>
<br>
<br>
<iframe width=""658"" height=""370"" src=""https://www.youtube.com/embed/ihIXeaQ1jBU"" frameborder=""0"" allow=""accelerometer; autoplay; encrypted-media; gyroscope; picture-in-picture"" allowfullscreen></iframe>
使用進口無水奶油<br>
以生乳提煉取得，乳脂含量高達99.8%，無人工反式脂肪，是點心烘焙的好選擇。<br>
<br>
使用澳洲南極海日曬海鹽<br>
<br>
自然日曬，美味加分 <br>
選自澳洲南端無污染的南極環流海域海水，僅經陽光日曬、風乾結晶而成，保留海水中微量元素。<br>
<br>
不添加抗凝結劑，健康加分 <br>
製鹽過程中不添加任何人工輔助劑提高海鹽產量，完全憑藉自然生態系統取得，沒有重金屬汙染，不添加抗凝結劑及人工添加物。
<br><br>
<iframe width=""560"" height=""315"" src=""https://www.youtube.com/embed/bmWyfs5Ol0w"" frameborder=""0"" allow=""accelerometer; autoplay; encrypted-media; gyroscope; picture-in-picture"" allowfullscreen></iframe>","<p><span class=""style1"">原料: </span>麵粉、椰子油、無水奶油、蔗糖、蕎麥粉、水、亞麻仁籽、大豆卵磷脂、日曬海鹽、啤酒酵母、新鮮酵母(酵母、水、大豆卵磷脂)、俄力岡葉、小麥胚芽、紅辣椒、迷迭香、小蘇打、羅勒、白胡椒粉、黑胡椒粉、洋香菜葉、花椒粉、蛋白分解酵素(小麥粉、蛋白分解酵素)  <br>
<br>
<p><span class=""style1"">食品添加物: </span>蛋白分解酵素、小蘇打</p>
<br>
<br><br>

<p><span class=""style1"">內容量: </span> 168g/袋(8入)</p>
<p><span class=""style1"">產地: </span> 台灣</p>
<p><span class=""style1"">保存期限: </span> 12個月(係指未開封狀態且正常條件下之保存)<br>


<br>
<span class=""style1"">注意事項：</span> 請置於乾燥陰涼處，避免日曬；開封後請儘早食用完畢。<br>

<p><span class=""style1"">過敏原資訊：</span> 本產品含麩質穀類、牛奶製品及大豆製品，不適合其過敏體質者食用，該生產線亦生產含蛋的產品。","
 宅配、 超商取貨","https://www.organicshops.cc/product.aspx?id=12731","2026-07-10T06:32:31.046Z"
"12730","255221","茄汁脆薯*(商品效期2026/11/17)","特惠專區","惜福區","商品簡述：
 *酸甜茄汁經典風味
*獨特通心造型薯條
*使用歐洲進口馬鈴薯
*使用澳洲日曬海鹽","49","49","/products/12730/main.jpg","/products/12730/gallery-01.jpg|/products/12730/gallery-02.jpg","<br>
<br>
選用歐洲馬鈴薯製成的脆薯，經典獨特通心造型薯條，酥脆口感加倍，酸甜茄汁風味搭配澳洲日曬海鹽，完美比例調配，一口咬下，散發濃郁誘人的蕃茄香氣及清爽馬鈴薯的香甜原味 ，酸鹹交替的茄汁經典風味呈現，讓人忍不住一口接一口，不添加防腐劑、人工香料、人工色素，保留馬鈴薯簡單、自然真實的風味。","<p><span class=""style1"">原料: </span>洋芋薯條(脫水馬鈴薯、馬鈴薯澱粉、食鹽、薑黃)、軟質棕櫚油、茄汁口味調味粉(糖、香辛料(甘草粉、辣椒粉、洋蔥粉、蒜粉、蒔蘿粉、丁香粉、肉桂粉)、蕃茄粉(蕃茄泥、樹薯澱粉、大豆卵磷脂))、日曬海鹽、玉米澱粉、梅粉(梅、食鹽)、醬油粉(醬油、麥芽糊精、食鹽、糖)、檸檬酸、蘋果酸)

</p>
<br>
<p><span class=""style1"">食品添加物: </span>檸檬酸,蘋果酸</p>

<br><br>

<p><span class=""style1"">規格: </span>50公克/包</p>
<p><span class=""style1"">產地: </span>台灣</p>
<p><span class=""style1"">保存期間:</span> 10個月(係指未開封狀態且正常條件下之保存)

<br><br><span class=""style1"">注意事項: </span>請置於乾燥陰涼處，避免日曬；開封後請儘早食用完畢。<br>
<br><span class=""style1"">過敏原資訊:</span><br>
本產品含大豆及含麩質之穀物製品。<br>
本產品線亦生產含牛奶、蛋及芝麻的產品。","
 宅配、 超商取貨","https://www.organicshops.cc/product.aspx?id=12730","2026-07-10T06:32:34.274Z"
"12520","011591","果然優蔓越莓乾(罐)*(商品效期2027/1/5)","特惠專區","惜福區","商品簡述：
 可改變細菌叢生態的特性，亦有幫助維持消化道機能及調節生理機能，不添加人工色素、人工香料，帶給您酸中帶甜的美好滋味，使用冷凍乾燥技術，保留較多的營養。","270","167","/products/12520/main.jpg","/products/12520/gallery-01.jpg","<br>
<br>
<br>
<br>
</p>
1. 不添加人工色素、人工香料。<br>
2. 有可改變細菌叢生態的特性。<br>
3. 鐵罐新裝、完整密封、充氮保鮮、品質提升。<br>

<p>可改變細菌叢生態的特性，亦有幫助維持消化道機能及調節生理機能。不添加人工色素、人工香料，帶給您酸中帶甜的好滋味，使用冷凍乾燥技術，保留較多的營養。</p>

<br>
<iframe width=""560"" height=""315"" src=""https://www.youtube.com/embed/HlDphRig0yY"" frameborder=""0"" allow=""accelerometer; autoplay; encrypted-media; gyroscope; picture-in-picture"" allowfullscreen></iframe>","<p class=""style1"">原料:</p>
<p>蔓越莓、蔗糖、葵花油<br>

<BR><br><br>

<p><span class=""style1"">保存期限:</span> 12個月<span class=""style1""><br>
</span><span class=""style1"">規格: </span>360公克/罐<br>
<p><span class=""style1"">原產地(國):</span>美國<br>

<br>
<span class=""style1"">注意事項: </span><br>

<ol>
  <li>開封後未食用完需冷藏並儘快食用完畢。 </li>
  <li>表面若有結晶為果實糖分析出現象。 </li>
</ol>","
 宅配、 超商取貨","https://www.organicshops.cc/product.aspx?id=12520","2026-07-10T06:32:39.091Z"
"12638","012681","珍饌開心果*(商品效期2026/8/27)","特惠專區","惜福區","商品簡述：
 V薄殼開心果、好剝不卡手
v本產品每23.6公克→蛋白質含5公克
v每日適量堅果，有益身體健康","150","150","/products/12638/main.jpg","/products/12638/gallery-01.jpg|/products/12638/gallery-02.jpg","<br>
<br>
<br>
一抹鹽 一抹綠 剝開是一抹微笑。<br>
開啟一天的美好，就從開心果開始。選用薄殼開心果，容易剝開方便取果肉，果肉完整飽滿、口感酥脆香甜，保留自然果香，添加統一生機日曬海鹽，簡單提味更對味。不添加防腐劑、漂白劑，經第三方公正單位檢驗合格，食用好安心。","<p><span class=""style1"">原料:</span> 開心果、海鹽 <br>
<br>


<br>




<p><span class=""style1"">內容量:</span> 91公克</p>
<p><span class=""style1"">產地:</span> 台灣</p>
<p><span class=""style1"">保存期限:</span>360天(係指未開封狀態且正常條件下之保存)<br>

<p><span class=""style1"">保存條件:</span><br>
1.請置於陰涼乾燥處避免日照。<br>
 2.開封後未食用完畢需冷藏，並請儘快食用完畢。
<br>


<p><span class=""style1"">過敏原資訊:</span> 本產品含堅果類製品；該工廠亦生產含有甲殼類、芒果、花生、牛奶、蛋、芝麻、含麩質之穀物、大豆、魚類、二氧化硫製品。
 <br>

<p><span class=""style1"">負責廠商:</span> 統一生機開發(股)公司
 <br>","
 宅配、 超商取貨","https://www.organicshops.cc/product.aspx?id=12638","2026-07-10T06:32:42.419Z"
"12635","011611","果然優全堅果*(商品效期2026/12/3)","特惠專區","惜福區","商品簡述：
 高價值堅果組合，低溫輕烘焙，原味不添加。","490","299","/products/11866/main.jpg","/products/11866/gallery-01.jpg","</P>
</P>
</P>
</P>
每日飲食指南建議需攝取堅果種子類一份，您吃了嗎？ <br>
 <br>
選用源自各主要產地的堅果界四大天王：「杏仁、腰果、核桃、榛果」，再搭配上超人氣的「夏威夷果」，五款高價值堅果原料，極品饗宴，輕鬆滿足每日需求。 <br>
*精選各主要產地原料，穩定進櫃、倉內溫控保鮮 <br>
*堅持「低溫輕烘焙、原味不添加」，保留食材營養價值，吃出食物自然、健康的原始香甜滋味。 <br>
採用環保鐵罐，完整密封鎖住食材原有風味，並充填氮氣，開封即可感受鮮度，提供更優良的賞味品質與營養保存，吃健康護地球！ <br>
 <br>
*低溫輕烘焙，原味，營養價值保留。 <br>
*不添加防腐劑、甜味劑、漂白劑。 <br>
 <br>
核桃：高比例完整顆粒，非一般碎核桃，口感視覺都滿分。 <br>
杏仁：USDA Extra NO.1等級大顆粒杏仁，精選品種，具獨特香氣與風味。 <br>
腰果：果仁完整飽滿、色澤潤白，風味清香甘甜。 <br>
榛果：保留具有營養價值的外皮更難得，香氣十足。 <br>
夏威夷果：整顆入口散發淡淡奶香，一吃就愛上。<br>
<br>

低溫輕烘焙 原味不添加 <br>
使用環保鐵罐 完整密封 充氮保鮮 提供優良賞味品質與營養保留更完整。<br>

<br>

<iframe width=""560"" height=""315"" src=""https://www.youtube.com/embed/HlDphRig0yY"" frameborder=""0"" allow=""accelerometer; autoplay; encrypted-media; gyroscope; picture-in-picture"" allowfullscreen></iframe>","<p><span class=""style1"">原料</span>：杏仁、腰果、核桃、榛果、夏威夷果</p>
<p><span class=""style1"">食品添加物名稱</span>：無</p>

<BR><br>
<span class=""style1"">箱裝</span>：依實際標示所示<br>

<br>
<span class=""style1"">規格</span>：300公克/罐</p>

<p><span class=""style1"">產地</span>：台灣</p>

<p><span class=""style1"">保存期限</span>：12個月(係指未開封狀態且正常條件下之保存)</p>
<br>
<span class=""style1"">保存條件:</span><br>
1. 請置於陰涼乾燥處避免日照，冷藏保存尤佳。<br>
2. 開封後未食用完需冷藏，並儘快食用完畢。<br>
<br>

<p><span class=""style1"">注意事項</span>：<br>

1. 內有脫氧劑，請勿食用。<br>
             2. 開罐及取用時請留意拉環與開口邊緣。<br>
<br>
<p><span class=""style1"">過敏原資訊</span>：本產品含堅果。本生產線亦生產含牛奶製品、芝麻、含麩質之穀類、大豆及種子類的
             產品。","
 宅配、 超商取貨","https://www.organicshops.cc/product.aspx?id=12635","2026-07-10T06:32:46.765Z"
"12598","012761","薄鹽全堅果(65公克)*(商品效期2026/10/31)","特惠專區","惜福區","商品簡述：
 V 每份32.5公克含7.1公克蛋白質
V 具潔淨標章驗證，實用更安心
V 低溫輕烘焙保留堅果風味及營養","79","79","/products/12598/main.jpg","","不添加的新零嘴！<br>
從源頭到餐桌嚴格把關，嚴選顆粒飽滿堅果，堅持不添加防腐劑、漂白劑。以低溫烘焙工法保留堅果營養及風味，搭配淡淡海鹽襯托堅果甘甜。<br>
嚴選高品質原料，每份含7.1公克蛋白質。不添加防腐劑、漂白劑，是不添加的零嘴好選擇。<br><br>

製造商名稱:統一生機開發（股）公司<br>
製造商地址:桃園市中壢區定寧路15號1樓<br>
製造商電話:0800-880-988<br>
食品業者登錄字號：H-116781797-00000-1<br>
產品責任險: 本公司商品已投保國泰世紀產物產品責任保險-保單號碼1501字第13PD01631號","<p><span class=""style1"">原料:</span> 杏仁、南瓜子、核桃、腰果、海鹽、甘草 <br>
<br>


<br>




<p><span class=""style1"">規格:</span> 65公克/包</p>
<p><span class=""style1"">產地(國):</span> 台灣</p>
<p><span class=""style1"">保存期限:</span>12個月(係指未開封狀態且正常條件下之保存)<br>

<p><span class=""style1"">保存條件:</span>
請置於陰涼乾燥處避免日照，開封後未食用完需冷藏，並儘快食用完畢；內含脫氧劑，請勿食用。
<br>


<p><span class=""style1"">過敏原資訊:</span> 本產品含堅果及種子類。本生產線亦生產含芝麻、含麩質之穀物及大豆的產品。
 <br>","
 宅配、 超商取貨","https://www.organicshops.cc/product.aspx?id=12598","2026-07-10T06:32:49.856Z"
"12557","253661","梅精球45G(袋裝)*(商品效期2026/10/20)","特惠專區","惜福區","商品簡述：
 提煉過程以果肉萃取青梅汁後過濾，遵循古法用慢火精心熬煮。","79","79","/products/12557/main.jpg","","<br>
<br>
<br>
使用南投縣信義鄉青梅精，風味濃郁、生津止渴。<br>
提煉過程以果肉萃取青梅汁後過濾，遵循古法用慢火精心熬煮，不添加人工香料、人工色素及明膠。<br>適合上班族、熬夜、常需外食者、遠行出國皆適宜。
<br>

<br>
<iframe width=""658"" height=""370"" src=""https://www.youtube.com/embed/ihIXeaQ1jBU"" frameborder=""0"" allow=""accelerometer; autoplay; encrypted-media; gyroscope; picture-in-picture"" allowfullscreen></iframe>","<span class=""style1"">原料:</span>蔗糖、麥芽糖、青梅精、阿拉伯膠、椰子油、檸檬酸、大豆卵磷脂、抗氧化劑(維生素C)、棕櫚蠟。<BR><BR><FONT color=red 
size=2><B>產地:</B></FONT>台灣<BR><BR>

<span class=""style1"">食品添加物:</span>檸檬酸、抗氧化劑(維生素C)、棕櫚蠟<BR><BR>
<br><br>

<span class=""style1"">產品規格:</span>
45公克/袋<BR><BR>

<span class=""style1"">保存期限:</span>
12個月(係指未開封狀態且正常條件下之保存)<br>


<br><span class=""style1"">注意事項: </span>請置於乾燥陰涼處，避免日曬；開封後請儘早食用完畢。<br>
<br><span class=""style1"">過敏原資訊:</span>本產品含有堅果(椰子油)及大豆製品，本生產線亦生產含芒果及牛奶的產品。","
 宅配、 超商取貨","https://www.organicshops.cc/product.aspx?id=12557","2026-07-10T06:32:52.276Z"
"12415","37360","每日堅果(超取免運)","健康伴手禮","健康伴手禮","商品簡述：
 每日1包 輕鬆補給
低溫輕烘焙，保留營養
統一生機經典配方4種堅果搭配2種酸甜果乾，美味、營養兼具","500","450","/products/12415/main.jpg","/products/12415/gallery-01.jpg|/products/12415/gallery-02.jpg","<br>
<br>
<br>
內含葡萄乾、杏仁、腰果、夏威夷果、南瓜子及蔓越莓乾，美味、營養兼具。<br>
每日1包提供日常營養補給，隨時隨地想吃就吃、輕鬆補充營養！","<p><span class=""style1"">原料: </span>葡萄乾(葡萄乾、葵花油)、杏仁、腰果、夏威夷果、南瓜子、蔓越莓乾(蔓越莓、蔗糖、葵花油) <br>


<br>


<br>

<p><span class=""style1"">規格: </span>25公克*16包</p>
<p><span class=""style1"">原產地(國): </span>臺灣、智利(葡萄乾)、美國(蔓越莓乾)</p>
<p><span class=""style1"">保存期間:</span> 12個月(係指未開封狀態且正常條件下之保存)</p>
<p><span class=""style1"">注意事項(含保存條件):</span> 本產品可能含果核或果殼，請小心食用。

<br>


<p><span class=""style1"">過敏原資訊：</span>本產品含堅果及種子類。本生產線亦生產含芝麻的產品。

</p>","
 宅配、 超商取貨","https://www.organicshops.cc/product.aspx?id=12415","2026-07-10T06:32:54.526Z"
"12179","37362","活力點心包","健康伴手禮","健康伴手禮","商品簡述：
 低溫輕烘焙，保留營養
嚴選６種堅果果乾，多層次豐富口感","750","650","/products/12179/main.jpg","/products/12179/gallery-01.jpg|/products/12179/gallery-02.jpg|/products/12179/gallery-03.jpg|/products/12179/gallery-04.jpg","<br>

<br>

<br>
內含杏仁、蔓越莓乾、核桃、腰果、南瓜子、青葡萄乾，多種食材、口感豐富。
小小一包方便即食，隨時隨地補充活力營養！","<p><span class=""style1"">原料:</span> 杏仁、蔓越莓乾(蔓越莓、蔗糖、葵花油)、核桃、腰果、南瓜子、青葡萄乾  <br>
<p><span class=""style1"">食品添加物名稱:</span> 無</p>


<br>




<p><span class=""style1"">規格:</span> 38公克*18包</p>
<p><span class=""style1"">產地:</span> 臺灣、美國(蔓越莓乾)、中國大陸(青葡萄乾)</p>
<p><span class=""style1"">保存期限:</span>10個月(係指未開封狀態且正常條件下之保存)<br>

<p><span class=""style1"">注意事項(含保存條件):</span>本產品可能含果核或果殼，請小心食用。



<br>

<p><span class=""style1"">過敏原資訊:</span> 本產品含堅果及種子類。本生產線亦生產含芝麻的產品。
 <br>","
 宅配、 超商取貨","https://www.organicshops.cc/product.aspx?id=12179","2026-07-10T07:48:36.296Z"
"10061","39145","新鮮直送-加拿大有機櫻桃(1公斤)(預購商品，缺貨或延遲供貨將會修改訂單)","生鮮直送","新鮮水果","商品簡述：
 *每年產季僅3週，限時限量供應。
*來自加拿大優質有機櫻桃產區，全程有機栽種，安心健康。
*堅持空運來台，確保鮮度品質，享受美食零時差。
*平裝版本，適用自用。
*出貨時間：週二AM11:00結單，週五出貨；週五AM11:00結單，下週二出貨。
*新鮮直送為獨立訂單:無法與其他商品一起出貨。
（本產品不配合贈送購物金、滿額贈贈品與生日折扣，謝謝！）","1299","1199","/products/10061/main.jpg","/products/10061/gallery-01.jpg","<br>
<br>
<br>
<br>
來自加拿大哥倫比亞省的有機農園Bloom River Organics，擁有充沛的日照，夜晚涼爽而乾燥的山谷氣候，溫差大造就香甜可口的滋味。<br>

農場遵循一嚴格的有機認證標準，不使用化學肥料、除草劑或殺蟲劑，不只讓您使用的安心，更是對於環境友善表現。<br>

櫻桃怕熱，凌晨4點，就需趁著天氣涼爽時採摘，確認品質後小心的包裝，送上飛機直送抵台，
將新鮮、安心、健康、美味於一體的加拿大有機櫻桃，送到您的手上。<br>

加拿大櫻桃甜度高，水份多，硬度相較冬季櫻桃比較不足，但並非代表它軟喔，是另一種美味的表現。<br>
<br>
<br>
驗證機構：慈心有機驗證股份有限公司<br>
驗證證書字號:1-009-210091<br>
<br>
<strong class=""style1"">廠商資訊:</strong><br>

廠商名稱：禾悅開發實業有限公司 <br>  
廠商地址：新北市林口區南勢里6鄰85-3號(包裝廠)<br>
廠商電話：02-26069223<br>
食品業者登記字號：A-142855865-00000-1<br>
產品責任險：本公司商品已投保華南產物產品責任險-保單號碼1405 第142050012號","<span class=""style1"">原料:</span>有機櫻桃<br>

<span class=""style1"">規格:</span>1公斤/盒 <br>

<span class=""style1"">產地:</span>加拿大<br>
<br>
<span class=""style1"">保存期限:</span>新鮮水果，請儘早食用完畢，於冷藏下可存放4-5天。<br>


<br><span class=""style1"">注意事項: </span><br>

1. 櫻桃碰水易軟化，不耐儲存，建議食用前才清洗。<br>
2.如果您需要修改配送時間或配送地點，請於指定到貨日期前3天來電告知客服人員處理，若未依規定提前告知，而發生貨到無人收貨或拒收的情況，視同已出貨。<br>
3.產品配送到府後，請立即檢視商品，若發現品質異常(壓傷/凍傷)，請於24小時內來電反應，上班時間來電（0800-777-000）通知客服人員處理，非上班時間請電（0800-880-988）留言，若無於24小時內告知，恕不接受退換貨處理。<br>
<br>

<span class=""style1"">過敏原資訊:</span>無<br>










</p>","
 宅配","https://www.organicshops.cc/product.aspx?id=10061","2026-07-10T07:48:47.164Z"
"12046","39319","新鮮直送－紐西蘭有機天后蘋果經濟箱(預購商品，缺貨或延遲供貨將會修改訂單)","生鮮直送","新鮮水果","商品簡述：
 ＊取得有機驗證，不使用農藥、化學肥料、除草劑或殺蟲劑。
＊色澤鮮豔、清脆香甜，果肉細緻，果香清新。
＊出貨時間：週二AM11:00結單，週五出貨；週五AM11:00結單，下週二出貨。逢國定假日不出貨
＊新鮮直送為獨立訂單:無法與其他商品一起出貨。
（本活動不配合贈送購物金、滿額贈贈品與生日折扣，謝謝！）

此商品屬預購商品，倘商品缺絕或廠商無法供貨，您同意本公司得取消或修改訂單","1500","1250","/products/12046/main.jpg","/products/12046/gallery-01.jpg","有機天后(Diva)蘋果來自紐西蘭霍克灣，氣候溫和、土壤肥沃和陽光充足為蘋果提供最佳的生長環境，吸收了來自南半球大自然的精華，色澤鮮豔、清脆香甜，果肉細緻，果香清新，是紐西蘭銷售最好的蘋果之一，沒有吃過的您一定要來品嘗看看。<br><br>

<br>
<br>
<br>
有機驗證機構：慈心有機驗證股份有限公司<br>
有機驗證字號：1-009-210038<br>

<br>
<strong class=""style1"">廠商資訊:</strong><br>

負責廠商名稱：陽光國際事業有限公司<br>
負責廠商地址: 屏東縣潮州鎮蓬萊里榮吉街15號<br>
負責廠商電話: (08)7882337<br>
食品業者登錄字號：T-124408289-00000-4<br>
產品責任險： 國泰產物保險 保單號碼1503字第14PD01114號","<span class=""style1"">原料:</span>有機天后蘋果<br>
<span class=""style1"">食品添加物:</span>無<br>
<span class=""style1"">規格:</span>4~4.5公斤/箱(20顆)<br>

<span class=""style1"">產地:</span>紐西蘭<br>
<br>
<span class=""style1"">保存期限:</span>新鮮水果，請於到貨後冷藏存放，並儘早食用完畢。<br>


<br><span class=""style1"">注意事項: </span><br>

1.如果您需要修改配送時間或配送地點，請於指定到貨日期前3天來電告知客服人員處理，若未依規定提前告知，而發生貨到無人收貨或拒收的情況，視同已出貨。<br>
<br>
2.產品配送到府後，請立即檢視商品，若發現品質異常(壓傷/凍傷)，請於24小時內來電反應，上班時間來電（0800-777-000）通知客服人員處理，非上班時間請（0800-880-988）留言，若無於24小時內告知，恕不接受退換貨處理。













</p>","
 宅配","https://www.organicshops.cc/product.aspx?id=12046","2026-07-10T07:48:50.613Z"
"7622","39082","新鮮直送-紐西蘭有機富士蘋果經濟箱","生鮮直送","新鮮水果","商品簡述：
 *紐西蘭有機富士蘋果
*全程有機栽種，口感香甜，鮮甜多汁
*出貨時間：週二AM11:00結單，週五出貨；週五AM11:00結單，下週二出貨。逢國定假日不出貨
*新鮮直送為獨立訂單:無法與其他商品一起出貨。
（本產品不配合贈送購物金、滿額贈贈品與生日折扣，謝謝！）

此商品屬預購商品，倘商品缺絕或廠商無法供貨，您同意本公司得取消或修改訂單","1500","1199","/products/7622/main.jpg","/products/7622/gallery-01.jpg","<br>
有機蘋果全程有機栽種，在栽培過程中不施用農藥、化學肥料、除草劑及生長激素，口感香甜多汁，帶點微酸濃郁的蘋果香，經由有機機構核可。有機蘋果果皮不上人工果蠟，只要簡單清洗過後整顆有機蘋果可連皮吃，表皮上的光澤為蘋果自然分泌之果蠟，可連皮食用喔！<br>
<br>
驗證機構：慈心有機驗證股份有限公司<br>
驗證證書字號:1-009-210091<br>
<br>
<strong class=""style1"">廠商資訊:</strong><br>



廠商名稱：禾悅開發實業有限公司 <br>  
廠商地址：新北市林口區南勢里6鄰85-3號(包裝廠)<br>
廠商電話：02-26069223<br>
食品業者登記字號：A-142855865-00000-1<br>
產品責任險：本公司商品已投保華南產物產品責任險-保單號碼1405 第142050012號","<span class=""style1"">原料:</span>有機蘋果<br>
<span class=""style1"">食品添加物:</span>無<br>
<span class=""style1"">規格:</span>4.2~4.5KG/箱(25顆)<br>

<span class=""style1"">產地:</span>紐西蘭<br>
<br>
<span class=""style1"">保存期限:</span>生鮮食品，趁新鮮請儘快食用完畢。<br>


<br><span class=""style1"">注意事項: </span><br>

1.如果您需要修改配送時間或配送地點，請於指定到貨日期前3天來電告知客服人員處理，若未依規定提前告知，而發生貨到無人收貨或拒收的情況，視同已出貨。<br>
<br>
2.產品配送到府後，請立即檢視商品，若發現品質異常(壓傷/凍傷)，請於24小時內來電反應，上班時間來電（0800-777-000）通知客服人員處理，非上班時間請（0800-880-988）留言，若無於24小時內告知，恕不接受退換貨處理。













</p>","
 宅配","https://www.organicshops.cc/product.aspx?id=7622","2026-07-10T07:48:54.323Z"
"10610","39099","新鮮直送-亞植有機鮮有蛋蔬菜箱(缺貨或延遲供貨將會修改訂單)","生鮮直送","蛋品/根莖/蔬果套餐","商品簡述：
 ＊有機鮮有蛋6入、葉菜*4、根莖*2、瓜果菜*2。
＊有機雞蛋和有機蔬菜輕鬆享，週週新鮮送到家。
＊出貨時間：週二AM11:00結單，週五出貨；週五AM11:00結單，下週二出貨。逢國定假日不出貨
＊新鮮直送為獨立訂單:無法與其他商品一起出貨。
（本活動不配合贈送購物金、滿額贈贈品與生日折扣，謝謝！）","899","799","/products/10610/main.jpg","/products/10610/gallery-01.jpg","亞植有機農場優「鮮」直送，在家享受健康食光<br><br>

有別於市售常見的蔬菜箱，亞植獨家提供100%有機、國產、營養均衡的「有機蛋蔬菜箱」，內含全台取得有機、動物福利雙驗證的「鮮有蛋」，以及多種時令蔬果根莖類組成的「鮮有菜」。
<br>
<br>
<br>
<br>
有機鮮有菜栽種過程完全不使用農藥化肥，只需簡單沖洗，少油少調味烹煮更能凸顯蔬果本身鮮甜。<br><br>
<br>
<br>

亞植有機農場位於桃園楊梅，1992年以景觀草皮業起家，曾一度成為全台最大草皮業者，卻有感於種植草皮離不開農藥、化肥，對環境與人體健康造成危害，於2007年起轉型有機。如今，亞植除了種植有機蔬菜外，更是全台最大的有機蛋農，亞植的理念是：「多一個人吃有機，就多一個人種有機；多一個人種有機，就會多一塊有機的土地」。<br>
<br>
<br>
<br>
被問到「先有雞，還是先有蛋？」亞植會告訴你「先有菜」。為了讓「鮮有菜」獲得天然的雞糞肥，亞植開始養雞，雞糞經妥善堆肥後可回歸農場土地，人工挑剩的新鮮剩菜葉更是母雞最愛的點心，健康快樂的母雞所生下的「鮮有蛋」自然是美味又安全。環保零廢、永續循環的是亞植堅持的理念，因為您的支持，亞植可以繼續實踐友善土地、友善動物、友善人體健康、萬物共好的正循環。
<br><br>
<br>
有機鮮有蛋<br>
有機驗證機構：財團法人中央畜產會<br>
有機驗證字號：1-002-000001<br><br>

有機蔬果<br>
有機驗證機構：采園生態驗證有限公司<br>
有機驗證字號：1-008-141005

<br>


<br>
<span class=""style1"">廠商資訊:</span><br>
負責廠商名稱：亞洲植產股份有限公司<br>
負責廠商地址：桃園市平鎮區新富里環南路２段２７１號１７樓之１<br>
負責廠商電話：03-4721345  <br>
食品業者登記字號：H-186706667-00000-1<br>
產品責任險：和泰產險22-113-09830948-00005-PDL<br>","<p><span class=""style1"">成分/內容物(量):</span>有機鮮有蛋6入/盒、有機葉菜*4、有機根莖*2、有機瓜果菜*2。</p>
<p><span class=""style1"">規格: </span>9件組/箱 </p>
<p><span class=""style1"">產地: </span>台灣</p>
<p><span class=""style1"">保存期限:</span> 生鮮食品，趁新鮮請儘快食用完畢。<br>
<p><span class=""style1"">食品添加物名稱:</span> 無<br>
<p><span class=""style1"">注意事項:</span> <br>
1.如果您需要修改配送時間或配送地點，請於指定到貨日期前3天來電告知客服人員處理，若未依規定提前告知，而發生貨到無人收貨或拒收的情況，視同已出貨。<br><br>

2.產品配送到府後，請立即檢視商品，若發現品質異常(壓傷/凍傷)，請於24小時內來電反應，上班時間來電（0800-777-000）通知客服人員處理，非上班時間請（0800-880-988）留言，若無於24小時內告知，恕不接受退換貨處理。<br>



<p><span class=""style1"">過敏原資訊:</span> 無<br>","
 宅配","https://www.organicshops.cc/product.aspx?id=10610","2026-07-10T07:48:57.407Z"
"9277","12105","牧場直送-御品園彩色放牧蛋(10顆x4盒/箱)(缺貨或延遲供貨將會修改訂單)","生鮮直送","蛋品/根莖/蔬果套餐","商品簡述：
 *全場放牧飼養，讓雞隻快樂生長、自然產蛋，具友善雞蛋聯盟認證。
*彩色放牧蛋含4顆紅殼蛋、4顆粉殼蛋、2顆青殼蛋(烏骨雞蛋)，吃出健康生活。
*出貨時間：週二AM11:00結單，週五出貨；週五AM11:00結單，下週二出貨。逢國定假日不出貨
*產地直送為獨立訂單，無法與其他商品一起出貨。
（本產品不配合贈送購物金、滿額贈贈品與生日折扣，謝謝！）","870","819","/products/9277/main.jpg","/products/9277/gallery-01.jpg|/products/9277/gallery-02.jpg|/products/9277/gallery-03.jpg|/products/9277/gallery-04.jpg","取得友善雞蛋聯盟驗證，動物福利好雞蛋。<br>
全場放牧飼養，不強迫生產、不強制餵食，雞隻在舒適的環境下產出的蛋，安心又美味。<br>
飼料中添加亞麻仁籽，增加雞蛋營養機能，是極佳的蛋白質攝取來源。<br>
<br>
<br>

<br>
每盒含4顆紅殼蛋、4顆粉殼蛋、2顆青殼蛋(烏骨雞蛋)，吃出健康生活。<br>

<br>


<br>
有快樂的雞，才有好吃的蛋─御品園彩色放牧蛋<br>
人道放牧飼養、友善雞蛋聯盟驗證<br>
御品園堅持全場放牧飼養，不強迫生產、不強制餵食，讓雞隻自然健康生活。運用雞隻生活習性，以不同燈光劃分活動區域，引導進入產蛋箱生產，並採用自動化集蛋設備，在盡可能保有雞隻原有生活的情形下，供應安心美味的雞蛋。一盒彩色放牧蛋內有4顆紅殼蛋、4顆粉殼蛋(土雞蛋)、2顆青殼蛋(烏骨雞蛋)。<br>
飼料中添加亞麻仁籽，增加雞蛋營養機能，是極佳的蛋白質攝取來源。



 <br>


<br>
<strong class=""style1"">廠商資訊:</strong><br>
製造商名稱：御品園蛋品行<br>
製造商地址: 彰化縣芳苑鄉文津村芳草路41-1號<br>
製造商電話: 048-936512<br>
食品業者登錄字號：N-147534907-00000-0<br>
<br>
<strong class=""style1"">產品責任險:</strong><br>
本公司商品已投保新光產物產品責任保險-保單號碼130514AKP0000065<br><br>


<br>
<br>
<br>","<span class=""style1"">原料:</span>雞蛋<br>
<span class=""style1"">食品添加物:</span>無<br>
<span class=""style1"">規格:</span>10顆x4盒/箱<br>

<span class=""style1"">產地:</span>台灣<br>
<br>
<span class=""style1"">保存期限:</span>生鮮食品，趁新鮮儘快食用完畢。
<br><br><span class=""style1"">注意事項: </span><br>

1.如果您需要修改配送時間或配送地點，請於指定到貨日期前3天來電告知客服人員處理，若未依規定提前告知，而發生貨到無人收貨或拒收的情況，視同已出貨。<br>
2.產品配送到府後，請立即檢視商品，若發現品質異常(壓傷/凍傷)，請於24小時內來電反應，上班時間來電（0800-777-000）通知客服人員處理，非上班時間請（0800-880-988）留言，若無於24小時內告知，恕不接受退換貨處理。","
 宅配","https://www.organicshops.cc/product.aspx?id=9277","2026-07-10T07:49:00.561Z"
"11914","55040","新鮮直送-起士公爵純粹原味乳酪蛋糕(6吋)兩盒組(含運)","生鮮直送","優選蛋糕","商品簡述：
 ※簡單的食材，打造出不簡單的美味。
※不添加奶油、澱粉、添加物、水，真實呈現乳酪原始風味。
※取得慈悅雙潔淨標章，不添加防腐劑和化學香料。
※出貨日：週二AM11:00結單，週五出貨。逢國定假日不出貨
※產地直送為獨立訂單:無法與其他商品一起出貨。
（本活動不配合贈送購物金、滿額贈贈品與生日折扣，謝謝！）","1798","1499","/products/11914/main.jpg","/products/11914/gallery-01.jpg|/products/11914/gallery-02.jpg","<br><br>

<br>
<br>
<br><br>
<br><br>
<br><br>
<br><br>
<br><br>
<br><br>
<br><br>
<br><br>
<br><br>
<br><br>
<br><br>
<br><br>
<br><br>
<br><br>
<br><br>
<strong class=""style1"">廠商資訊:</strong><br>
製造商名稱：起士公爵有限公司<br>
製造商地址： 台南巿永康區東橋里自強路32號 <br>
製造商電話：02-77565324<br>
食品業者登記字號： D-153296137-00000-7<br>
商品已投保和泰產險40-113-09373249-00007-PDL 
<br>
<br>","<span class=""style1"">原料:</span>100% 頂級凝脂乳酪、殺菌液蛋、蔗糖<br>
<br>
<br><br>

<span class=""style1"">保存期限:</span>有效日期標示於盒裝上，蛋糕拆封後請儘快品嚐完畢！<br>
<span class=""style1"">規格:</span>6吋/盒(430g±10g) <br>

<span class=""style1"">產地:</span>台灣<br>

<br>
<span class=""style1"">注意事項(含保存條件):</span><br>
1.如果您需要修改配送時間或配送地點，請於指定到貨日期前3天來電告知客服人員處理，若未依規定提前告知，而發生貨到無人收貨或拒收的情況，視同已出貨。<br>
<br>
2.產品配送到府後，請立即檢視商品，若發現品質異常(壓傷/凍傷)，請於24小時內來電反應，上班時間來電（0800-777-000）通知客服人員處理，非上班時間請電（0800-880-988）留言，若無於24小時內告知，恕不接受退換貨處理。<br><br>



<span class=""style1""> 過敏原資訊: </span>本產品含乳製品、蛋等過敏原，食用後可能導致過敏反應。








</p>","
 宅配","https://www.organicshops.cc/product.aspx?id=11914","2026-07-10T07:49:07.322Z"
"10778","55040","新鮮直送-起士公爵純粹原味乳酪蛋糕(6吋)含運","生鮮直送","優選蛋糕","商品簡述：
 ※簡單的食材，打造出不簡單的美味。
※不添加奶油、澱粉、添加物、水，真實呈現乳酪原始風味。
※取得慈悅雙潔淨標章，不添加防腐劑和化學香料。
※出貨日：週二AM11:00結單，週五出貨。逢國定假日不出貨
※產地直送為獨立訂單:無法與其他商品一起出貨。
（本活動不配合贈送購物金、滿額贈贈品與生日折扣，謝謝！）","899","799","/products/11914/main.jpg","/products/11914/gallery-01.jpg|/products/11914/gallery-02.jpg","<br><br>

<br>
<br>
<br><br>
<br><br>
<br><br>
<br><br>
<br><br>
<br><br>
<br><br>
<br><br>
<br><br>
<br><br>
<br><br>
<br><br>
<br><br>
<br><br>
<br><br>
<strong class=""style1"">廠商資訊:</strong><br>
製造商名稱：起士公爵有限公司<br>
製造商地址： 台南巿永康區東橋里自強路32號 <br>
製造商電話：02-77565324<br>
食品業者登記字號： D-153296137-00000-7<br>
商品已投保和泰產險40-113-09373249-00007-PDL 
<br>
<br>","<span class=""style1"">原料:</span>100% 頂級凝脂乳酪、殺菌液蛋、蔗糖<br>
<br>
<br><br>

<span class=""style1"">保存期限:</span>有效日期標示於盒裝上，蛋糕拆封後請儘快品嚐完畢！<br>
<span class=""style1"">規格:</span>6吋/盒(430g±10g) <br>

<span class=""style1"">產地:</span>台灣<br>

<br>
<span class=""style1"">注意事項(含保存條件):</span><br>
1.如果您需要修改配送時間或配送地點，請於指定到貨日期前3天來電告知客服人員處理，若未依規定提前告知，而發生貨到無人收貨或拒收的情況，視同已出貨。<br>
<br>
2.產品配送到府後，請立即檢視商品，若發現品質異常(壓傷/凍傷)，請於24小時內來電反應，上班時間來電（0800-777-000）通知客服人員處理，非上班時間請電（0800-880-988）留言，若無於24小時內告知，恕不接受退換貨處理。<br><br>



<span class=""style1""> 過敏原資訊: </span>本產品含乳製品、蛋等過敏原，食用後可能導致過敏反應。








</p>","
 宅配","https://www.organicshops.cc/product.aspx?id=10778","2026-07-10T07:49:12.239Z"
"12894","08329","智利鮭魚輪切M(250g)10件組(商品效期2026/10/01)","冷凍食材","冷凍限時快閃","商品簡述：
 鮭魚有油脂、蛋白質及OMEGA-3，被視為優質的蛋白質來源之一。","4250","1500","/products/12808/main.jpg","/products/12808/gallery-01.jpg|/products/12808/gallery-02.jpg","<br>
<br>
<br>
「鮭魚」是國人熟悉且喜愛的食用魚種之一，其魚肉有油脂、蛋白質及OMEGA-3，被視為優質的蛋白質來源之一。料理方式多樣化，中、西式料理皆宜，更是國人冰箱中不可或缺的食材之一。<br>
<br>
統一生機優質鮭魚來自清澈、冰涼的智利海域，因海水溫度低，使鮭魚肉本身油脂豐富，肉質滑嫩鮮美、不乾柴，捕撈後急速冷凍，以保持魚肉的新鮮與美味。
<br>
<br>
為了讓您更安心的食用，我們的鮭魚定期安排檢驗，動物用藥、重金屬及抗生素皆檢驗合格，請您與家人一同享用這五星級的美味。<br>
<br>
我們的智利鮭魚輪切厚度約2.5公分，厚度適中，料理方便，口感更佳。




</p>","<p><span class=""style1"">原料: </span>鮭魚</p>

<p><span class=""style1"">內容量:</span> 250公克/包</p>
<p><span class=""style1"">原產地: </span>智利</p>
<p><span class=""style1"">保存期間:</span> 12個月</p>
<p><span class=""style1"">食品添加物: </span>無<br>
<br>
<span class=""style1"">加熱調理條件:</span><br>
1.解凍後，使用煎、烤、蒸、煮湯方式加熱至熟即可。<br>
2.加熱調理條件請視實際狀況做調整。<br>
<br>
<span class=""style1"">保存方法及條件:</span>須冷凍於-18℃以下，保存期間係指未開封前在-18℃以下可保存天數，開封後請儘快食用以確保品質。<br>
<br>

<span class=""style1"">過敏原資訊:</span>本產品含魚類。<br>

<br><span class=""style1"">注意事項: </span><br>
1.避免存放在高溫或日光直射處<br>
2.有魚刺，請小心食用<br>","
 宅配、 超商取貨","https://www.organicshops.cc/product.aspx?id=12894","2026-07-10T07:49:17.576Z"
"12617","08329","智利鮭魚輪切M(250g)(商品效期2026/10/01)","冷凍食材","冷凍限時快閃","商品簡述：
 鮭魚有油脂、蛋白質及OMEGA-3，被視為優質的蛋白質來源之一。","425","169","/products/12808/main.jpg","/products/12808/gallery-01.jpg|/products/12808/gallery-02.jpg","<br>
<br>
<br>
「鮭魚」是國人熟悉且喜愛的食用魚種之一，其魚肉有油脂、蛋白質及OMEGA-3，被視為優質的蛋白質來源之一。料理方式多樣化，中、西式料理皆宜，更是國人冰箱中不可或缺的食材之一。<br>
<br>
統一生機優質鮭魚來自清澈、冰涼的智利海域，因海水溫度低，使鮭魚肉本身油脂豐富，肉質滑嫩鮮美、不乾柴，捕撈後急速冷凍，以保持魚肉的新鮮與美味。
<br>
<br>
為了讓您更安心的食用，我們的鮭魚定期安排檢驗，動物用藥、重金屬及抗生素皆檢驗合格，請您與家人一同享用這五星級的美味。<br>
<br>
我們的智利鮭魚輪切厚度約2.5公分，厚度適中，料理方便，口感更佳。




</p>","<p><span class=""style1"">原料: </span>鮭魚</p>

<p><span class=""style1"">內容量:</span> 250公克/包</p>
<p><span class=""style1"">原產地: </span>智利</p>
<p><span class=""style1"">保存期間:</span> 12個月</p>
<p><span class=""style1"">食品添加物: </span>無<br>
<br>
<span class=""style1"">加熱調理條件:</span><br>
1.解凍後，使用煎、烤、蒸、煮湯方式加熱至熟即可。<br>
2.加熱調理條件請視實際狀況做調整。<br>
<br>
<span class=""style1"">保存方法及條件:</span>須冷凍於-18℃以下，保存期間係指未開封前在-18℃以下可保存天數，開封後請儘快食用以確保品質。<br>
<br>

<span class=""style1"">過敏原資訊:</span>本產品含魚類。<br>

<br><span class=""style1"">注意事項: </span><br>
1.避免存放在高溫或日光直射處<br>
2.有魚刺，請小心食用<br>","
 宅配、 超商取貨","https://www.organicshops.cc/product.aspx?id=12617","2026-07-10T07:49:21.636Z"
"12893","08340","智利鮭魚輪切(S)(200g)(10件組)(商品效期2026/10/01)","冷凍食材","冷凍限時快閃","商品簡述：
 鮭魚有油脂、蛋白質及OMEGA-3，被視為優質的蛋白質來源之一。","3600","1350","/products/12808/main.jpg","/products/12808/gallery-01.jpg|/products/12808/gallery-02.jpg","<br>
<br>
<br>
「鮭魚」是國人熟悉且喜愛的食用魚種之一，其魚肉有油脂、蛋白質及OMEGA-3，被視為優質的蛋白質來源之一。料理方式多樣化，中、西式料理皆宜，更是國人冰箱中不可或缺的食材之一。<br>
<br>
統一生機優質鮭魚來自清澈、冰涼的智利海域，因海水溫度低，使鮭魚肉本身油脂豐富，肉質滑嫩鮮美、不乾柴，捕撈後急速冷凍，以保持魚肉的新鮮與美味。
<br>
<br>
為了讓您更安心的食用，我們的鮭魚定期安排檢驗，動物用藥、重金屬及抗生素皆檢驗合格，請您與家人一同享用這五星級的美味。<br>
<br>
我們的智利鮭魚輪切厚度約2.5公分，厚度適中，料理方便，口感更佳。




</p>","<p><span class=""style1"">原料: </span>鮭魚</p>

<p><span class=""style1"">內容量:</span> 200公克/包</p>
<p><span class=""style1"">原產地: </span>智利</p>
<p><span class=""style1"">保存期間:</span> 12個月</p>
<p><span class=""style1"">食品添加物: </span>無<br>
<br>
<span class=""style1"">加熱調理條件:</span><br>
1.解凍後，使用煎、烤、蒸、煮湯方式加熱至熟即可。<br>
2.加熱調理條件請視實際狀況做調整。<br>
<br>
<span class=""style1"">保存方法及條件:</span>須冷凍於-18℃以下，保存期間係指未開封前在-18℃以下可保存天數，開封後請儘快食用以確保品質。<br>
<br>

<span class=""style1"">過敏原資訊:</span>本產品含魚類。<br>

<br><span class=""style1"">注意事項: </span><br>
1.避免存放在高溫或日光直射處<br>
2.有魚刺，請小心食用<br>","
 宅配、 超商取貨","https://www.organicshops.cc/product.aspx?id=12893","2026-07-10T07:49:25.757Z"
"11981","083347","海陸豪華食材組A","冷凍食材","安心肉品","商品簡述：
 藻晨雞(去骨雞腿)、藻晨雞(雞胸)、智利鮭魚輪切(M)、金目鱸魚片、大比目魚(扁鱈)中段、豬梅花火鍋肉片。

(以上各一包)","1852","1204","/products/11695/main.jpg","","藻晨雞(去骨雞腿):<br>
<br>
<br>


<br><br>
=========================================================<br>
<br>
藻晨雞(雞胸):<br>

<br>
<br>



<br><br>
=========================================================<br>
<br>
智利鮭魚輪切(M):<br>
<br>
<br>



<br><br>
=========================================================<br>
<br>
金目鱸魚片:<br>
<br>
<br>


<br><br>
=========================================================<br>
<br>

大比目魚(扁鱈)中段:<br>
<br>
<br>


<br><br>
=========================================================<br>
<br>

豬梅花火鍋肉片:<br>
<br>
<br>
<br>

</P>
藻晨雞(去骨雞腿):<br>
產品介紹：<br>
1. 豐富且專業的飼養經驗：牧場以專業家禽養殖業起家，具30年以上專業養殖技術，從傳統養殖技術到現在輔以科技化資訊養殖。<br>
<br>
2. 飲食：<br>
   (1)飼料添加益生菌及小球藻，幫助雞隻健康。<br>
飼料與專業的合格飼料廠合作，飼料內添加與南台科技大學生物系褚俊傑教授研究的小球藻，用以增強雞隻抵抗力。<br>
   (2)飼料逐批檢驗，包括動物用藥及抗生素檢驗，以確認雞隻食用的安全。<br>
   (3)水源為自來水，自來水需經軟水系統層層過濾後，才可給雞隻飲用。<br>
<br>
3. 智能化自動環控系統：<br>
   (1)禽舍位於雲林鄉間，牧場周圍無工業活動，環境單純。<br>
   (2)六星級禽舍，採用各項高科技設備管理禽舍的軟、硬體環境，並透過各項大數據資料監控雞群的生長狀況。<br>
*噴霧及水濂降溫設備進行自動溫濕度控制。<br>
*自動化給料給水設備，經由大數據了解雞群的飲水量、飼食量，監控雞群的生長狀況。<br>
   (3)定時播放音樂，穩定雞隻情緒。<br>
   (4)雞隻採走地式飼養，提供充足的活動空間。<br>
   (5)在地上鋪稻穀，除可吸收糞便中水氣外，避免場內潮濕，亦可做為雞隻沙浴的替代物，讓雞隻保有天性與維持毛皮清潔。<br>
<br>
4. 專業屠宰：<br>
   (1)熟齡飼養(飼養12週左右)。<br>
   (2)經由專業、合法電宰場屠宰，全程低溫作業並經駐場獸醫師檢驗合格。<br>
   (3)產品採用急速冷凍，保存雞肉最新鮮的狀態。<br>
<br>
5. 產銷履歷：<br>
   (1)從育種－>孵化－>養殖－>屠宰－>包裝－>出貨，專業一條龍作業<br>
   (2)履歷生產從生產、運輸、銷售到消費者手中，皆可追蹤。從產地到餐桌資訊透明看得見。

<br><br>
=========================================================<br>
<br>
藻晨雞(雞胸):<br>
產品介紹：<br>
1. 豐富且專業的飼養經驗：牧場以專業家禽養殖業起家，具30年以上專業養殖技術，從傳統養殖技術到現在輔以科技化資訊養殖。<br>
<br>
2. 飲食：<br>
   (1)飼料添加益生菌及小球藻，幫助雞隻健康。<br>
飼料與專業的合格飼料廠合作，飼料內添加與南台科技大學生物系褚俊傑教授研究的小球藻，用以增強雞隻抵抗力。<br>
   (2)飼料逐批檢驗，包括動物用藥及抗生素檢驗，以確認雞隻食用的安全。<br>
   (3)水源為自來水，自來水需經軟水系統層層過濾後，才可給雞隻飲用。<br>
<br>
3. 智能化自動環控系統：<br>
   (1)禽舍位於雲林鄉間，牧場周圍無工業活動，環境單純。<br>
   (2)六星級禽舍，採用各項高科技設備管理禽舍的軟、硬體環境，並透過各項大數據資料監控雞群的生長狀況。<br>
*噴霧及水濂降溫設備進行自動溫濕度控制。<br>
*自動化給料給水設備，經由大數據了解雞群的飲水量、飼食量，監控雞群的生長狀況。<br>
   (3)定時播放音樂，穩定雞隻情緒。<br>
   (4)雞隻採走地式飼養，提供充足的活動空間。<br>
   (5)在地上鋪稻穀，除可吸收糞便中水氣外，避免場內潮濕，亦可做為雞隻沙浴的替代物，讓雞隻保有天性與維持毛皮清潔。<br>
<br>
4. 專業屠宰：<br>
   (1)熟齡飼養(飼養12週左右)。<br>
   (2)經由專業、合法電宰場屠宰，全程低溫作業並經駐場獸醫師檢驗合格。<br>
   (3)產品採用急速冷凍，保存雞肉最新鮮的狀態。<br>
<br>
5. 產銷履歷：<br>
   (1)從育種－>孵化－>養殖－>屠宰－>包裝－>出貨，專業一條龍作業<br>
   (2)履歷生產從生產、運輸、銷售到消費者手中，皆可追蹤。從產地到餐桌資訊透明看得見。

<br><br>
=========================================================<br>
<br>
智利鮭魚輪切(M):<br>
「鮭魚」是國人熟悉且喜愛的食用魚種之一，其魚肉有油脂、蛋白質及OMEGA-3，被視為優質的蛋白質來源之一。料理方式多樣化，中、西式料理皆宜，更是國人冰箱中不可或缺的食材之一。<br>
<br>
統一生機優質鮭魚來自清澈、冰涼的智利海域，因海水溫度低，使鮭魚肉本身油脂豐富，肉質滑嫩鮮美、不乾柴，捕撈後急速冷凍，以保持魚肉的新鮮與美味。
<br>
<br>
為了讓您更安心的食用，我們的鮭魚定期安排檢驗，動物用藥、重金屬及抗生素皆檢驗合格，請您與家人一同享用這五星級的美味。<br>
<br>
我們的智利鮭魚輪切厚度約2.5公分，厚度適中，料理方便，口感更佳。

<br><br>
=========================================================<br>
<br>
金目鱸魚片:<br>
優質金目鱸魚，其肉質鮮美細嫩而富有彈性，口感極佳，因其肉質鮮嫩，煮湯最能顯現出鱸魚的清甜、健康的珍貴食材值得您細細品嚐。產品已切片處理，方便您進行料理。</p>
<br>
抗生素、生長激素、重金屬檢驗合格。<br>
<p><span class=""style1"">調理建議:</span> 香煎、糖醋、清蒸、煮湯。</p>
<br><br>
=========================================================<br>
<br>

大比目魚(扁鱈)中段:<br>
來自地球極北端潔淨的海域，海洋的珍饈，有別於內陸飼養的容易帶有土味。<br>
大比目魚帶有豐富的深海魚油，可以補充平常不易攝取的養分，肉質雪白細緻，魚油分佈均勻，僅有大刺，方便各年齡層食用，料理方式多重，紅燒、清蒸、乾煎、酥炸都是很好的選擇。<br>
產品重量為扣除冰塊的淨重。

<br><br>
=========================================================<br>
<br>

豬梅花火鍋肉片:<br>
<p>飼育過程中餵食以玉米及黃豆成分為主的穀物性飼料，肉質鮮甜軟嫩，飼養過程中隔絕病媒，讓豬隻生活在乾淨的生長環境，自然不容易生病。<br>
<br>
梅花肉是油脂分布勻稱的部位，因肉質紋路貌似梅花而得名，其產量少是限量熱門商品，適合火鍋、煎烤、炒肉。 
<br><br>
<br>","藻晨雞(去骨雞腿):<br>
<p><span class=""style1"">原料: </span>雞肉</p>
<p><span class=""style1"">食品添加物名稱: </span>無</p>
<p><span class=""style1"">內容量:</span> 350g/包</p>
<p><span class=""style1"">原產地: </span>台灣</p>
<p><span class=""style1"">保存期間:</span> 12個月</p>

<p><span class=""style1"">注意事項(含保存條件):</span> <br>
1.須冷凍於-18℃以下，保存期間係指未開封前在-18℃以下可保存天數，開封後請儘快食用以確保品質</p>
2.避免存放在高溫或日光直射處<br>

<p><span class=""style1"">加熱調理條件:</span> 解凍後，適合煮湯、燉煮、炒、炸、蒸等料理方式，完全加熱後即可食用。<br>
加熱調理條件請視實際狀況做調整。<br>

<br><br>
=========================================================<br>
<br>
藻晨雞(雞胸):<br>
<p><span class=""style1"">原料: </span>雞肉</p>
<p><span class=""style1"">食品添加物名稱: </span>無</p>
<p><span class=""style1"">內容量:</span> 200g/包</p>
<p><span class=""style1"">原產地: </span>台灣</p>
<p><span class=""style1"">保存期間:</span> 12個月</p>

<p><span class=""style1"">注意事項(含保存條件):</span> <br>
1.須冷凍於-18℃以下，保存期間係指未開封前在-18℃以下可保存天數，開封後請儘快食用以確保品質</p>
2.避免存放在高溫或日光直射處<br>

<p><span class=""style1"">加熱調理條件:</span> 解凍後，適合煮湯、燉煮、炒、炸、蒸等料理方式，完全加熱後即可食用。<br>
加熱調理條件請視實際狀況做調整。<br>



<br><span class=""style1"">過敏原資訊: </span>無</p>
<br><br>
=========================================================<br>
<br>
智利鮭魚輪切(M):<br>
<p><span class=""style1"">原料: </span>鮭魚</p>

<p><span class=""style1"">內容量:</span> 250公克/包</p>
<p><span class=""style1"">原產地: </span>智利</p>
<p><span class=""style1"">保存期間:</span> 12個月</p>
<p><span class=""style1"">食品添加物: </span>無<br>
<br>
<span class=""style1"">加熱調理條件:</span><br>
1.解凍後，使用煎、烤、蒸、煮湯方式加熱至熟即可。<br>
2.加熱調理條件請視實際狀況做調整。<br>
<br>
<span class=""style1"">保存方法及條件:</span>須冷凍於-18℃以下，保存期間係指未開封前在-18℃以下可保存天數，開封後請儘快食用以確保品質。<br>
<br>

<span class=""style1"">過敏原資訊:</span>本產品含魚類。<br>

<br><span class=""style1"">注意事項: </span><br>
1.避免存放在高溫或日光直射處<br>
2.有魚刺，請小心食用

<br><br>
=========================================================<br>
<br>
金目鱸魚片:<br>

<span class=""style1"">原料: </span>金目鱸魚</p>
<span class=""style1"">食品添加物名稱:</span>  無 <br>
<p><span class=""style1"">內容量:</span> 250公克/包</p>
<p><span class=""style1"">原產地: </span>台灣</p>
<p><span class=""style1"">保存期間:</span> 12個月</p>

<p><span class=""style1"">保存方法及條件:</span> 
須冷凍於-18℃以下，保存期間係指未開封前在-18℃以下可保存天數，開封後請儘快食用以確保品質。</p>

<p><span class=""style1"">建議解凍方式:</span> 
使用前請將產品放於冰箱冷藏室解凍。

<br><br><span class=""style1"">注意事項: </span>

 避免存放在高溫或日光直射處。<br>
<br><span class=""style1"">過敏原資訊:</span>本產品含魚類

<br><br>
=========================================================<br>
<br>

大比目魚(扁鱈)中段:<br>
<span class=""style1"">原料: </span>大比目魚   <br>
<p><span class=""style1"">食品添加物名稱:</span> 無  <br>

<p><span class=""style1"">內容量:</span> 200公克</p>
<p><span class=""style1"">原產地: </span>格陵蘭</p>
<p><span class=""style1"">保存期間:</span> 12個月</p>


<p><span class=""style1"">過敏原資訊:</span> 本產品含魚類，不適合對其過敏體質者食用。</p>
<br><span class=""style1"">注意事項: </span><br>
1.需冷凍、解凍後須加熱熟煮後食用，非供即食，應充分加熱。<br>
2.有魚骨食用請小心注意。

<br><br>
=========================================================<br>
<br>

豬梅花火鍋肉片:<br>
<span class=""style1"">原料: </span>豬肉<br>
<p><span class=""style1"">食品添加物名稱:</span> 無  <br>
<p><span class=""style1"">內容量:</span> 200公克</p>
<p><span class=""style1"">原產地: </span>台灣</p>
<p><span class=""style1"">保存期間:</span> 6個月</p>

<p><span class=""style1"">保存方法及條件:</span> 
須冷凍於-18℃以下，保存期間係指未開封前在-18℃以下可保存天數，開封後請儘快食用以確保品質。</p>

<p><span class=""style1"">建議解凍方式:</span> 
使用前請將產品放於冰箱冷藏室解凍。</p>

<br><span class=""style1"">注意事項: </span>

避免存放在高溫或日光直射處。","
 宅配、 超商取貨","https://www.organicshops.cc/product.aspx?id=11981","2026-07-10T07:49:29.999Z"
"11983","083357","海陸豪華食材組B","冷凍食材","安心肉品","商品簡述：
 藻晨雞(雞腿切塊)、藻晨雞(雞胸)、白蝦蝦仁(150g)、虱目魚肚、豬梅花火鍋肉片、豬後腿絞肉。

(以上各一包)","1456","960","/products/11696/main.jpg","","藻晨雞(雞腿切塊):<br>
<br>
<br>


<br><br>
==============================================<br>
<br>
藻晨雞(雞胸):<br>
<br>
<br>


<br><br>
====================================================<br>
<br>
白蝦蝦仁(150g):<br>
<br>
<br>


<br><br>
====================================================<br>
<br>
虱目魚肚:<br>
<br>
<br>


<br><br>
====================================================<br>
<br>
豬梅花火鍋肉片:<br>
<br>
<br>



<br><br>
====================================================<br>
<br>



豬後腿絞肉:<br>
<br>
<br>
<br>
藻晨雞(雞腿切塊):<br>
產品介紹：<br>
1. 豐富且專業的飼養經驗：牧場以專業家禽養殖業起家，具30年以上專業養殖技術，從傳統養殖技術到現在輔以科技化資訊養殖。<br>
<br>
2. 飲食：<br>
   (1)飼料添加益生菌及小球藻，幫助雞隻健康。<br>
飼料與專業的合格飼料廠合作，飼料內添加與南台科技大學生物系褚俊傑教授研究的小球藻，用以增強雞隻抵抗力。<br>
   (2)飼料逐批檢驗，包括動物用藥及抗生素檢驗，以確認雞隻食用的安全。<br>
   (3)水源為自來水，自來水需經軟水系統層層過濾後，才可給雞隻飲用。<br>
<br>
3. 智能化自動環控系統：<br>
   (1)禽舍位於雲林鄉間，牧場周圍無工業活動，環境單純。<br>
   (2)六星級禽舍，採用各項高科技設備管理禽舍的軟、硬體環境，並透過各項大數據資料監控雞群的生長狀況。<br>
*噴霧及水濂降溫設備進行自動溫濕度控制。<br>
*自動化給料給水設備，經由大數據了解雞群的飲水量、飼食量，監控雞群的生長狀況。<br>
   (3)定時播放音樂，穩定雞隻情緒。<br>
   (4)雞隻採走地式飼養，提供充足的活動空間。<br>
   (5)在地上鋪稻穀，除可吸收糞便中水氣外，避免場內潮濕，亦可做為雞隻沙浴的替代物，讓雞隻保有天性與維持毛皮清潔。<br>
<br>
4. 專業屠宰：<br>
   (1)熟齡飼養(飼養12週左右)。<br>
   (2)經由專業、合法電宰場屠宰，全程低溫作業並經駐場獸醫師檢驗合格。<br>
   (3)產品採用急速冷凍，保存雞肉最新鮮的狀態。<br>
<br>
5. 產銷履歷：<br>
   (1)從育種－>孵化－>養殖－>屠宰－>包裝－>出貨，專業一條龍作業<br>
   (2)履歷生產從生產、運輸、銷售到消費者手中，皆可追蹤。從產地到餐桌資訊透明看得見。

<br><br>
==============================================<br>
<br>
藻晨雞(雞胸):<br>
產品介紹：<br>
1. 豐富且專業的飼養經驗：牧場以專業家禽養殖業起家，具30年以上專業養殖技術，從傳統養殖技術到現在輔以科技化資訊養殖。<br>
<br>
2. 飲食：<br>
   (1)飼料添加益生菌及小球藻，幫助雞隻健康。<br>
飼料與專業的合格飼料廠合作，飼料內添加與南台科技大學生物系褚俊傑教授研究的小球藻，用以增強雞隻抵抗力。<br>
   (2)飼料逐批檢驗，包括動物用藥及抗生素檢驗，以確認雞隻食用的安全。<br>
   (3)水源為自來水，自來水需經軟水系統層層過濾後，才可給雞隻飲用。<br>
<br>
3. 智能化自動環控系統：<br>
   (1)禽舍位於雲林鄉間，牧場周圍無工業活動，環境單純。<br>
   (2)六星級禽舍，採用各項高科技設備管理禽舍的軟、硬體環境，並透過各項大數據資料監控雞群的生長狀況。<br>
*噴霧及水濂降溫設備進行自動溫濕度控制。<br>
*自動化給料給水設備，經由大數據了解雞群的飲水量、飼食量，監控雞群的生長狀況。<br>
   (3)定時播放音樂，穩定雞隻情緒。<br>
   (4)雞隻採走地式飼養，提供充足的活動空間。<br>
   (5)在地上鋪稻穀，除可吸收糞便中水氣外，避免場內潮濕，亦可做為雞隻沙浴的替代物，讓雞隻保有天性與維持毛皮清潔。<br>
<br>
4. 專業屠宰：<br>
   (1)熟齡飼養(飼養12週左右)。<br>
   (2)經由專業、合法電宰場屠宰，全程低溫作業並經駐場獸醫師檢驗合格。<br>
   (3)產品採用急速冷凍，保存雞肉最新鮮的狀態。<br>
<br>
5. 產銷履歷：<br>
   (1)從育種－>孵化－>養殖－>屠宰－>包裝－>出貨，專業一條龍作業<br>
   (2)履歷生產從生產、運輸、銷售到消費者手中，皆可追蹤。從產地到餐桌資訊透明看得見。

<br><br>
====================================================<br>
<br>
白蝦蝦仁(150g):<br>
篩選無病原種蝦，以室內集約室養殖，讓白蝦在無污染環境中成長，其抗生素檢驗合格，且肉質Q，甜度高。  <br>
  <br>
抗生素檢驗合格  <br>
<p><span class=""style1"">調理建議:</span>
炒、煮湯。</p>

<br><br>
====================================================<br>
<br>
虱目魚肚:<br>
<p>虱目魚又稱國姓魚，魚肚含著豐富的魚油，幾乎是整條虱目魚的精華所在，鹹水養殖虱目魚其肉質鮮甜，最適合乾煎或煮魚湯，不需過多調味，即可享受簡單的美味。</p>
<br>
抗生素、生長激素、重金屬檢驗合格。<br>
<p><span class=""style1"">調理建議:</span> 香煎、煮湯</p>
<br><br>
====================================================<br>
<br>
豬梅花火鍋肉片:<br>
<p>飼育過程中餵食以玉米及黃豆成分為主的穀物性飼料，肉質鮮甜軟嫩，飼養過程中隔絕病媒，讓豬隻生活在乾淨的生長環境，自然不容易生病。<br>
<br>
梅花肉是油脂分布勻稱的部位，因肉質紋路貌似梅花而得名，其產量少是限量熱門商品，適合火鍋、煎烤、炒肉。 
<br><br>

<br><br>
====================================================<br>
<br>



豬後腿絞肉:<br>
<p>飼育過程中餵食以玉米及黃豆成分為主的穀物性飼料，肉質鮮甜軟嫩，飼養過程中隔絕病媒，讓豬隻生活在乾淨的生長環境，自然不容易生病。<br>
取自豬隻後腿部份，脂肪含量少，肉質鮮嫩，適合煮粥、包水餃或是滷肉燥。 <br><br>
<br>","藻晨雞(雞腿切塊):<br>
<p><span class=""style1"">原料: </span>雞肉</p>
<p><span class=""style1"">食品添加物名稱: </span>無</p>
<p><span class=""style1"">內容量:</span> 500g/包</p>
<p><span class=""style1"">原產地: </span>台灣</p>
<p><span class=""style1"">保存期間:</span> 12個月</p>

<p><span class=""style1"">注意事項(含保存條件):</span> <br>
1.須冷凍於-18℃以下，保存期間係指未開封前在-18℃以下可保存天數，開封後請儘快食用以確保品質</p>
2.避免存放在高溫或日光直射處<br>

<p><span class=""style1"">加熱調理條件:</span> 解凍後，適合煮湯、燉煮、炒、炸、蒸等料理方式，完全加熱後即可食用。<br>
加熱調理條件請視實際狀況做調整。<br>



<br><span class=""style1"">過敏原資訊: </span>無</p>
<br><br>
==============================================<br>
<br>
藻晨雞(雞胸):<br>
<p><span class=""style1"">原料: </span>雞肉</p>
<p><span class=""style1"">食品添加物名稱: </span>無</p>
<p><span class=""style1"">內容量:</span> 200g/包</p>
<p><span class=""style1"">原產地: </span>台灣</p>
<p><span class=""style1"">保存期間:</span> 12個月</p>

<p><span class=""style1"">注意事項(含保存條件):</span> <br>
1.須冷凍於-18℃以下，保存期間係指未開封前在-18℃以下可保存天數，開封後請儘快食用以確保品質</p>
2.避免存放在高溫或日光直射處<br>

<p><span class=""style1"">加熱調理條件:</span> 解凍後，適合煮湯、燉煮、炒、炸、蒸等料理方式，完全加熱後即可食用。<br>
加熱調理條件請視實際狀況做調整。<br>



<br><span class=""style1"">過敏原資訊: </span>無</p>

<br><br>
====================================================<br>
<br>
白蝦蝦仁(150g):<br>
<span class=""style1"">原料: </span>白蝦(去殼)   <br>
<p><span class=""style1"">食品添加物名稱:</span> 無  <br>

<p><span class=""style1"">內容量:</span> 150g/包</p>
<p><span class=""style1"">原產地: </span>台灣</p>
<p><span class=""style1"">營養標示:</span> 無  <br>
<p><span class=""style1"">保存期間:</span> 12個月</p>

<p><span class=""style1"">保存方法及條件:</span> 
須冷凍於-18℃以下，保存期間係指未開封前在-18℃以下可保存天數，開封後請儘快食用以確保品質。</p>
<p><span class=""style1"">加熱調理條件:</span> 
建議以拌炒、水煮或是乾煎，解凍加熱熟煮後食用。



<p><span class=""style1"">過敏原資訊:</span> 本產品含蝦。</p>
<br><br>
====================================================<br>
<br>
虱目魚肚:<br>

<span class=""style1"">原料: </span> 虱目魚  <br>
<p><span class=""style1"">食品添加物名稱:</span> 無  <br>

<p><span class=""style1"">內容量:</span> 140公克</p>
<p><span class=""style1"">原產地: </span>台灣</p>
<p><span class=""style1"">保存期間:</span> 12個月</p>

<p><span class=""style1"">保存方法及條件:</span> 
須冷凍於-18℃以下，保存期間係指未開封前在-18℃以下可保存天數，開封後請儘快食用以確保品質</p>

<p><span class=""style1"">建議解凍方式:</span> 
使用前請將產品放於冰箱冷藏室解凍

<br><br><span class=""style1"">注意事項: </span>

避免存放在高溫或日光直射處。<br>
<br><span class=""style1"">過敏原資訊:</span>本產品含魚類
<br><br>
====================================================<br>
<br>
豬梅花火鍋肉片:<br>
<span class=""style1"">原料: </span>豬肉<br>
<p><span class=""style1"">食品添加物名稱:</span> 無  <br>
<p><span class=""style1"">內容量:</span> 200公克</p>
<p><span class=""style1"">原產地: </span>台灣</p>
<p><span class=""style1"">保存期間:</span> 6個月</p>

<p><span class=""style1"">保存方法及條件:</span> 
須冷凍於-18℃以下，保存期間係指未開封前在-18℃以下可保存天數，開封後請儘快食用以確保品質。</p>

<p><span class=""style1"">建議解凍方式:</span> 
使用前請將產品放於冰箱冷藏室解凍。</p>

<br><span class=""style1"">注意事項: </span>

避免存放在高溫或日光直射處。
<br><br>
====================================================<br>
<br>



豬後腿絞肉:<br>

<span class=""style1"">原料: </span>豬肉<br>
<p><span class=""style1"">食品添加物名稱:</span> 無  <br>
<p><span class=""style1"">內容量:</span> 200公克</p>
<p><span class=""style1"">原產地: </span>台灣</p>
<p><span class=""style1"">保存期間:</span> 6個月</p>

<p><span class=""style1"">保存方法及條件:</span> 
須冷凍於-18℃以下，保存期間係指未開封前在-18℃以下可保存天數，開封後請儘快食用以確保品質。</p>

<p><span class=""style1"">建議解凍方式:</span> 
使用前請將產品放於冰箱冷藏室解凍。</p>

<br><span class=""style1"">注意事項: </span>

避免存放在高溫或日光直射處。","
 宅配、 超商取貨","https://www.organicshops.cc/product.aspx?id=11983","2026-07-10T07:49:32.822Z"
"12768","08004","豬梅花火鍋肉片(6件組)","冷凍食材","安心肉品","商品簡述：
 飼育過程中餵食以玉米及黃豆成分為主的穀物性飼料，肉質鮮甜軟嫩。
瘦肉精(乙型受體素)未檢出","1434","858","/products/12805/main.jpg","/products/12805/gallery-01.jpg|/products/12805/gallery-02.jpg","<br>
<br>
<br>
<p>飼育過程中餵食以玉米及黃豆成分為主的穀物性飼料，肉質鮮甜軟嫩，飼養過程中隔絕病媒，讓豬隻生活在乾淨的生長環境，自然不容易生病。<br>
<br>
梅花肉是油脂分布勻稱的部位，因肉質紋路貌似梅花而得名，其產量少是限量熱門商品，適合火鍋、煎烤、炒肉。 
<br><br>
<br>","<span class=""style1"">原料: </span>豬肉<br>
<p><span class=""style1"">食品添加物名稱:</span> 無  <br>
<p><span class=""style1"">內容量:</span> 200公克</p>
<p><span class=""style1"">原產地: </span>台灣</p>
<p><span class=""style1"">保存期間:</span> 6個月</p>

<p><span class=""style1"">保存方法及條件:</span> 
須冷凍於-18℃以下，保存期間係指未開封前在-18℃以下可保存天數，開封後請儘快食用以確保品質。</p>

<p><span class=""style1"">建議解凍方式:</span> 
使用前請將產品放於冰箱冷藏室解凍。</p>

<br><span class=""style1"">注意事項: </span>

避免存放在高溫或日光直射處。","
 宅配、 超商取貨","https://www.organicshops.cc/product.aspx?id=12768","2026-07-10T07:49:35.567Z"
"12769","08080","金目鱸魚片(6件組)","冷凍食材","安心水產","商品簡述：
 其肉質鮮美細嫩而富有彈性，口感極佳，煮湯最能顯現出鱸魚的清甜。","1800","864","/products/12802/main.jpg","/products/12802/gallery-01.jpg|/products/12802/gallery-02.jpg","<br>
<br>
<br>
優質金目鱸魚，其肉質鮮美細嫩而富有彈性，口感極佳，因其肉質鮮嫩，煮湯最能顯現出鱸魚的清甜、健康的珍貴食材值得您細細品嚐。產品已切片處理，方便您進行料理。</p>
<br>
抗生素、生長激素、重金屬檢驗合格。<br>
<p><span class=""style1"">調理建議:</span> 香煎、糖醋、清蒸、煮湯。</p>","<span class=""style1"">原料: </span>金目鱸魚</p>
<span class=""style1"">食品添加物名稱:</span>  無 <br>
<p><span class=""style1"">內容量:</span> 250公克/包</p>
<p><span class=""style1"">原產地: </span>台灣</p>
<p><span class=""style1"">保存期間:</span> 12個月</p>

<p><span class=""style1"">保存方法及條件:</span> 
須冷凍於-18℃以下，保存期間係指未開封前在-18℃以下可保存天數，開封後請儘快食用以確保品質。</p>

<p><span class=""style1"">建議解凍方式:</span> 
使用前請將產品放於冰箱冷藏室解凍。

<br><br><span class=""style1"">注意事項: </span>

 避免存放在高溫或日光直射處。<br>
<br><span class=""style1"">過敏原資訊:</span>本產品含魚類","
 宅配、 超商取貨","https://www.organicshops.cc/product.aspx?id=12769","2026-07-10T07:49:39.807Z"
"12772","08331","鹽漬鯖魚片(6件組)","冷凍食材","安心水產","商品簡述：
 來自挪威的鯖魚，油脂豐富，輕輕一層薄鹽提升魚肉鮮美的風味不死鹹。","1110","666","/products/12801/main.jpg","/products/12801/gallery-01.jpg","<br>
<br>
<br>
鯖魚是市場上CP值很高的食用魚種之一，天氣越冷鯖魚就越肥美，油脂越豐富。統一生機選用來自挪威的鯖魚，因為海域的緯度高、溫度低，鯖魚為了抵禦低溫及激烈的海流，體內蓄積豐厚的脂肪，因此魚肉油脂豐富。其EPA及DHA也較很多魚種高，營養價值高，相當適合全家人食用的魚種，攝取豐富的營養成分。<br>
<br>
鯖魚片採用薄鹽醃漬的方式，口味清淡，保留魚肉甜度，更增添一股淡淡鹹香，肉質軟嫩可口，無論香煎、烤、炸等烹調方式，都一樣美味可口，一餐一片，在家即享受餐館級日式鯖魚定食！


</p>","<p><span class=""style1"">原料:</span> 鯖魚、食鹽</p>
<p><span class=""style1"">食品添加物名稱:</span> 無  <br>
<p><span class=""style1"">規格: </span>160公克/包</p>
<p><span class=""style1"">原產地: </span>台灣</p>
<p><span class=""style1"">保存期限:</span> 12個月</p>
<br><br>

<span class=""style1"">加熱調理條件:</span>解凍後，使用煎或烤方式加熱至熟即可，
加熱調理條件請視實際狀況做調整。<br>
<br>
<p><span class=""style1"">保存方法及條件:</span>須冷凍於-18℃以下，保存期間係指未開封前在-18℃以下可保存天數，開封後請儘快食用以確保品質。<br>
<br><span class=""style1"">過敏原資訊:</span>本產品含魚類。<br>
<br><span class=""style1"">注意事項: </span>
*避免存放在高溫或日光直射處。","
 宅配、 超商取貨","https://www.organicshops.cc/product.aspx?id=12772","2026-07-10T07:49:45.183Z"
"12770","08318","大比目魚(扁鱈)中段(6件組)","冷凍食材","安心水產","商品簡述：
 1.來自北極海潔淨海域
2.野生非養殖，沒有土味問題
3.色澤雪白，肉質口感滑順細緻，魚油分佈均勻豐富
4.僅有大刺，方便多年齡層食用，料理食用方便
5.料理方式：紅燒、清蒸、乾煎、酥炸都適合","1860","1116","/products/12800/main.jpg","/products/12800/gallery-01.jpg|/products/12800/gallery-02.jpg","<br>
<br>
<br>
來自地球極北端潔淨的海域，海洋的珍饈，有別於內陸飼養的容易帶有土味。<br>
大比目魚帶有豐富的深海魚油，可以補充平常不易攝取的養分，肉質雪白細緻，魚油分佈均勻，僅有大刺，方便各年齡層食用，料理方式多重，紅燒、清蒸、乾煎、酥炸都是很好的選擇。<br>
產品重量為扣除冰塊的淨重。

</p>","<span class=""style1"">原料: </span>大比目魚   <br>
<p><span class=""style1"">食品添加物名稱:</span> 無  <br>

<p><span class=""style1"">內容量:</span> 200公克</p>
<p><span class=""style1"">原產地: </span>格陵蘭</p>
<p><span class=""style1"">保存期間:</span> 12個月</p>


<p><span class=""style1"">過敏原資訊:</span> 本產品含魚類，不適合對其過敏體質者食用。</p>
<br><span class=""style1"">注意事項: </span><br>
1.需冷凍、解凍後須加熱熟煮後食用，非供即食，應充分加熱。<br>
2.有魚骨食用請小心注意。","
 宅配、 超商取貨","https://www.organicshops.cc/product.aspx?id=12770","2026-07-10T07:49:48.376Z"
"12220","08298","蔥油土雞腿","冷凍食材","即食調理","商品簡述：
 *選用在地土雞腿，去骨全腿使用，肉質紮實，雞皮Q彈
*添加統一生機日曬海鹽調味
*鮮味雞汁與鹹香蔥油的完美搭配
*成分單純，不添加味精、防腐劑","480","480","/products/12220/main.jpg","/products/12806/gallery-01.jpg|/products/12806/gallery-02.jpg","<br>
<br>
在地土雞腿經人工去骨，以雞高湯醃漬入味，肉質紮實多汁，香而不膩，雞皮Q彈，膠質豐富的冰涼肉凍，在口中溫柔的化開，搭配蔥油包，蔥香四溢，鹹香爽口，讓您食慾大開。
*選用在地土雞腿，去骨全腿使用，肉質紮實，雞皮Q彈<br>
*添加統一生機日曬海鹽調味<br>
*鮮味雞汁與鹹香蔥油的完美搭配<br>
*成分單純，不添加味精、防腐劑<br><br>

食用方式：<br>
於冷藏條件下放至完全解凍後，切片淋上所附蔥油即可食用，並請儘速食用完畢","<p><span class=""style1"">原料: </span><br>
土雞腿：土雞腿肉、雞高湯(雞肉、水、日曬海鹽)、蔥油(大豆沙拉油、紅蔥頭)<br>
蔥油包：大豆沙拉油、紅蔥頭
<br>
<br>
<p><span class=""style1"">食品添加物名稱: </span>無<br>


<p><span class=""style1"">規格:</span><br>
土雞腿：450公克/盒 (固形量：350公克)<br>
蔥油包：15毫升X1包<br>
<br>

<p><span class=""style1"">原產地: </span>台灣</p>
<p><span class=""style1"">保存期間:</span> 12個月<br>

<p><span class=""style1"">注意事項(含保存條件):</span> 須冷凍於-18℃以下，保存期間係指未開封前在-18℃以下可保存天數，開封後請儘快食用以確保品質<br>



<p><span class=""style1"">調理條件:</span> 於冷藏條件下放至完全解凍後，切片淋上所附蔥油包即可食用，並請儘速食用完畢<br>
<br>

<span class=""style1"">營養標示:</span> </p>

土雞腿 <br>
<br>
<br>
蔥油包<br>
<br>","
 宅配、 超商取貨","https://www.organicshops.cc/product.aspx?id=12220","2026-07-10T07:49:53.113Z"
"12145","08296","蔥油雞胸(2件組)","冷凍食材","即食調理","商品簡述：
 *蔥香原味 再現經典
*嚴選在地土雞胸 口感鮮甜紮實
*雞高湯醃漬入味
*統一生機日曬海鹽調味
*不添加味精、防腐劑與香料","600","399","/products/12145/main.jpg","/products/12145/gallery-01.jpg|/products/12145/gallery-02.jpg","<br>
嚴選在地土雞胸，口感鮮甜紮實，雞皮Q彈，雞高湯醃漬入味，並以簡單日曬海鹽調味，不添加味精、防腐劑與香料，保留食材原味，搭配蔥油包油香撲鼻，蔥香四溢，清爽開胃，小家庭一餐食用份量，為餐桌必備菜餚。
*蔥香原味 再現經典<br>
*嚴選在地土雞胸 口感鮮甜紮實<br>
*雞高湯醃漬入味<br>
*統一生機日曬海鹽調味<br>
*不添加味精、防腐劑與香料<br>
<br>
食用方式：<br>
於冷藏條件下放至完全解凍後，切片淋上所附蔥油即可食用，並請儘速食用完畢","<p><span class=""style1"">原料: </span><br>
雞胸：土雞胸肉、雞高湯(雞肉、水、日曬海鹽)<br>
蔥油包：大豆沙拉油、紅蔥頭<br>
<br>
<span class=""style1"">營養標示:</span> </p>
<br>

<p><span class=""style1"">規格:</span><br>
560公克/盒 (固形量：460公克)<br>
蔥油包：15毫升X 2包<br>

<p><span class=""style1"">原產地: </span>台灣</p>
<p><span class=""style1"">保存期間:</span> 12個月<br>","
 宅配、 超商取貨","https://www.organicshops.cc/product.aspx?id=12145","2026-07-10T07:49:58.168Z"
"11955","08296","蔥油雞胸","冷凍食材","即食調理","商品簡述：
 *蔥香原味 再現經典
*嚴選在地土雞胸 口感鮮甜紮實
*雞高湯醃漬入味
*統一生機日曬海鹽調味
*不添加味精、防腐劑與香料","300","300","/products/12145/main.jpg","/products/12145/gallery-01.jpg|/products/12145/gallery-02.jpg","<br>
嚴選在地土雞胸，口感鮮甜紮實，雞皮Q彈，雞高湯醃漬入味，並以簡單日曬海鹽調味，不添加味精、防腐劑與香料，保留食材原味，搭配蔥油包油香撲鼻，蔥香四溢，清爽開胃，小家庭一餐食用份量，為餐桌必備菜餚。
*蔥香原味 再現經典<br>
*嚴選在地土雞胸 口感鮮甜紮實<br>
*雞高湯醃漬入味<br>
*統一生機日曬海鹽調味<br>
*不添加味精、防腐劑與香料<br>
<br>
食用方式：<br>
於冷藏條件下放至完全解凍後，切片淋上所附蔥油即可食用，並請儘速食用完畢","<p><span class=""style1"">原料: </span><br>
雞胸：土雞胸肉、雞高湯(雞肉、水、日曬海鹽)<br>
蔥油包：大豆沙拉油、紅蔥頭<br>
<br>
<span class=""style1"">營養標示:</span> </p>
<br>

<p><span class=""style1"">規格:</span><br>
560公克/盒 (固形量：460公克)<br>
蔥油包：15毫升X 2包<br>

<p><span class=""style1"">原產地: </span>台灣</p>
<p><span class=""style1"">保存期間:</span> 12個月<br>","
 宅配、 超商取貨","https://www.organicshops.cc/product.aspx?id=11955","2026-07-10T07:50:03.322Z"
"12525","08533","古早味豬排","冷凍食材","快速料理","商品簡述：
 ＊嚴選在地豬里肌 口感鮮嫩紮實
＊不添加香料、味精、防腐劑
＊使用統一生機日曬海鹽
＊中式五香粉醃漬","169","169","/products/12525/main.jpg","/products/12525/gallery-01.jpg|/products/12525/gallery-02.jpg","想吃傳統古早味，不必久等，嚴選台灣豬里肌，鮮嫩不乾柴，使用統一生機日曬海鹽與五香粉慢醃入味，不添加香料、味精、防腐劑，小家庭、單人份剛剛好，一片就能喚醒味蕾的懷舊感動。<br><br>

<br>
＊嚴選在地豬里肌 口感鮮嫩紮實<br>
＊不添加香料、味精、防腐劑<br>
＊使用統一生機日曬海鹽<br>
＊中式五香粉醃漬<br>
<br>
食用方式：<br>
1.解凍方式：冷藏(7℃以下)解凍約10-12小時<br>
2.加熱方式<br>
(1)油煎法:將完全解凍的豬排，放入油溫約160℃的平底鍋中，煎至兩面熟透即可食用。<br>
(2)烘烤法:將完全解凍的豬排，烤箱溫度約160℃，烘烤約7-10分鐘熟透即可食用。","<p><span class=""style1"">原料</span>：<br>
豬肉(台灣)、水、醬油、蔗糖、馬鈴薯澱粉、日曬海鹽、品質改良劑[多磷酸鈉、焦磷酸鈉(無水)]、蒜粉、洋蔥粉、碳酸氫鈉、黑胡椒粒、白胡椒粉、五香粉(肉桂、小茴香、胡荽、丁香、八角、香芹)<br>
<br>

<br>

<p><span class=""style1"">規格</span>：160公克/包<br />


<p><span class=""style1"">原產地(國)</span>：台灣 <br />


<p><span class=""style1"">保存期限</span>：12個月<br>



<p><span class=""style1"">注意事項(含保存條件)</span>：
須冷凍於-18℃以下，保存期間係指未開封前在-18℃以下可保存天數，開封後請儘快食用以確保品質。<br>


<p><span class=""style1"">過敏原資訊</span>：本產品含大豆及含麩質之穀物製品。(來自醬油)<br>



<p><span class=""style1"">加熱調理方式: </span><br>
1.解凍方式：冷藏(7℃以下)解凍約10-12小時<br>
2.加熱方式:<br>
(1)油煎法:將完全解凍的豬排，放入油溫約160℃的平底鍋中，煎至兩面熟透即可食用。<br>
(2)烘烤法:將完全解凍的豬排，烤箱溫度約160℃，烘烤約7-10分鐘熟透即可食用。","
 宅配、 超商取貨","https://www.organicshops.cc/product.aspx?id=12525","2026-07-10T07:50:07.408Z"
"12096","08297","香蒜豬排","冷凍食材","快速料理","商品簡述：
 ＊嚴選在地豬里肌 口感鮮嫩紮實
＊不添加香料、味精、防腐劑
＊使用統一生機日曬海鹽
＊古法醃漬 蒜香濃郁
＊小家庭/單人份 好方便","169","169","/products/12096/main.jpg","/products/12096/gallery-01.jpg|/products/12096/gallery-02.jpg","經典香蒜風味，使用在地豬里肌，口感鮮嫩紮實，搭配精心特調香蒜醬汁，古法醃漬入味，使用統一生機日曬海鹽調味，不添加香料、味精、防腐劑，簡單煎、烤、炒都適合，專為小家庭或單人設計，輕鬆美味上桌
＊嚴選在地豬里肌 口感鮮嫩紮實<br>
＊不添加香料、味精、防腐劑<br>
＊使用統一生機日曬海鹽<br>
＊古法醃漬 蒜香濃郁<br>
＊小家庭/單人份 好方便<br>
<br>
食用方式：<br>
1.解凍：冷藏(7℃以下)解凍約10-12小時<br>
2.加熱方式<br>
(1)油煎法:將完全解凍的豬排，放入油溫約160℃的平底鍋中，煎至兩面熟透即可食用。<br>
(2)烘烤法:將完全解凍的豬排，烤箱溫度約160℃，烘烤約7-10分鐘熟透即可食用。","<p><span class=""style1"">原料</span>：<br>
豬肉(台灣)、水、樹薯澱粉、蔗糖、蒜、醬油、品質改良劑[多磷酸鈉、焦磷酸鈉(無水)]、日曬海鹽、碳酸氫鈉 <br>
  <br />
<span class=""style1"">食品添加物</span>：<br>
品質改良劑[多磷酸鈉、焦磷酸鈉(無水)]、碳酸氫鈉<br>
  <br />
<br>

<p><span class=""style1"">內容量</span>：160 公克<br />


<p><span class=""style1"">原產地(國)</span>：台灣 <br />


<p><span class=""style1"">保存期限</span>：12個月<br>



<p><span class=""style1"">注意事項(含保存條件)</span>：<br>
須冷凍於-18℃以下，保存期間係指未開封前在-18℃以下可保存天數，開封後請儘快食用以確保品質。<br>




<p><span class=""style1"">加熱調理條件: </span><br>
1.解凍：冷藏(7℃以下)解凍約10-12小時<br>
2.加熱方式<br>
(1)油煎法:將完全解凍的豬排，放入油溫約160℃的平底鍋中，煎至兩面熟透即可食用。<br>
(2)烘烤法:將完全解凍的豬排，烤箱溫度約160℃，烘烤約7-10分鐘熟透即可食用。<br>","
 宅配、 超商取貨","https://www.organicshops.cc/product.aspx?id=12096","2026-07-10T07:50:13.053Z"
"12479","08304","韭菜鮮肉水餃","冷凍食材","快速料理","商品簡述：
 *嚴選在地豬 韭菜鮮香撲鼻
*黃金比例揉製Q彈麵皮
*粒粒飽滿多汁
*不添加味精、香料 、防腐劑","240","189","/products/12479/main.jpg","/products/12479/gallery-01.jpg|/products/12479/gallery-02.jpg|/products/12479/gallery-03.jpg","在忙碌的日常裡，也能輕鬆吃到家的味道。<br>嚴選在地豬肉與鮮脆韭菜，皮薄餡滿、香氣四溢，不添加味精、香料、防腐劑，保留食材原味。<br>煮、煎、蒸皆宜，簡單一餐，讓全家都滿足。<br><br>

<br>
*嚴選在地豬 韭菜鮮香撲鼻 <br>
*黃金比例揉製Q彈麵皮 <br>
*粒粒飽滿多汁<br>
*不添加味精、香料 、防腐劑<br><br>

食用方式：食用前從冰箱裡取出，不需解凍，水滾後煮8分鐘即可食用，烹煮時須攪拌避免沾黏。開封後請儘速食用，以確保品質。<br><br>

製造商名稱：鼎記股份有限公司<br>
製造商地址：新北市中和區員山路506號1樓<br>
製造商電話：02-22227031<br>
食品業者登錄字號：F-193379197-00000-1<br>
產品責任險：本公司商品已投保 國泰產物產品責任保險-保單號碼1516字第14PD64022號","<span class=""style1"">原料：</span>豬肉(台灣)、麵皮(麵粉(小麥、黃豆粉)、預拌粉(馬鈴薯澱粉、玉米澱粉、小麥澱粉、小麥蛋白粉、關華豆膠、海藻糖、樹薯粉)、水)、韭菜、水、高麗菜、調味粉(海鹽(日曬海鹽)、二號砂糖(蔗糖)、白胡椒(白胡椒粒))、芥花油、老薑、麻油(芝麻)

<br />
<br>
<br><br>


  <span class=""style1"">規格：</span>500公克/包(20入)<br>
  <span class=""style1"">原產地(國)：</span>台灣<br />
<span class=""style1"">保存期間：</span>12個月 </p>




<span class=""style1"">注意事項: </span>避免存放於高溫或日光直射處<br>

<p><span class=""style1"">保存方式:</span>
須冷凍於-18℃以下，保存期間係指未開封前在-18℃以下可保存天數，開封後請儘快食用以確保品質。<br>
<span class=""style1"">加熱調理方式: </span>

食用前從冰箱裡取出，不需解凍，水滾後煮8分鐘即可食用，烹煮時須攪拌避免沾黏。開封後請儘速食用，以確保品質。<br>


<span class=""style1"">過敏原資訊:</span>本產品含麩質的穀類、大豆、芝麻，不適合對其過敏體質者食用。<br>","
 宅配、 超商取貨","https://www.organicshops.cc/product.aspx?id=12479","2026-07-10T07:50:17.763Z"
"11927","08295","瓜瓜園 冰烤蕃薯","冷凍食材","蔬食","商品簡述：
 *嚴選台農57號地瓜，冷熱都好吃
*在地嚴選 產地直送
*地瓜已清洗，連皮吃更健康
*通過慈悅100%無添加潔淨標章","219","199","/products/12089/main.jpg","/products/12089/gallery-01.jpg|/products/12089/gallery-02.jpg","特選瓜瓜園農場優質台農57號黃地瓜，從種植端的健康種苗培育、栽種、專業採收部門、原料妥善儲存分級完全、清洗與妥善包裝，再透過嚴格專業的控管烘烤加工製程，緊密的產製銷存一條龍技術才可製作出瓜瓜園獨家冰烤蕃薯。<br><br>

連皮都可以直接吃，冰熱兩吃，冰著吃口感Q軟，綿綿像冰淇淋/熱著吃綿密鬆滑，香甜暖胃，加熱方式超方便， 蒸/烤/微波皆可！


<br><br>
<br>
*嚴選台農57號地瓜，冷熱都好吃<br>
*在地嚴選 產地直送<br>
*地瓜已清洗，連皮吃更健康<br>
*通過慈悅100%無添加潔淨標章<br>
<br>
食用方式：<br>
熱食：<br>
(1)	微波爐：取出2-3條本產品，營業型微波爐加熱約70秒/1400W，家用型微波爐加熱約150秒/700W。<br>
(2)	烤箱：使用烤箱加熱時，務必將本產品完全解凍後再放入加熱4-6分鐘即可。<br>
<br>
冷食：本產品解凍後30分鐘即可冰冰涼涼的吃，別有一番風味。 




<br>
<br>

<span class=""style1"">製造廠商資訊: </span><br>
製造商名稱：瓜瓜園企業股份有限公司<br>
製造商地址: 台南市新化區中正路１２７巷３１號<br>
製造商電話: ０６－５９０２２３３<br>
食品業者登錄字號：Ｄ－１２７６５５５７０－０００００－８<br>
產品責任險:本公司商品已投保 新光 產物產品責任保險-保單號碼130713AKP0000307","<span class=""style1"">原料: </span>甘藷<br>
 <span class=""style1"">食品添加物名稱: </span>無<br>


<span class=""style1"">規格: </span>1000公克<br>

<span class=""style1"">產地: </span>台灣<br>


<br>


<br>

<span class=""style1"">保存期限: </span>24個月<br>
<span class=""style1"">保存條件: </span>-18℃以下冷凍保存<br>


<span class=""style1"">注意事項：</span><br>
1.	本產品經過清洗及烘烤加工，可連皮食用。<br>
2.	本產品切口處若呈現黑白色，為乳汁氧化之自然現象，請安心食用。<br>
3.	建議調理條件請依照不同機型進行時間及溫度的調整。<br>
4.	本產品表面可能產生白色結晶物質，此為甘藷烘烤後自然糖分結晶，敬請安心食用。

<br>
<br>


<p><span class=""style1"">加熱調理條件:</span> <br>
熱食：<br>
(1)	微波爐：取出2-3條本產品，營業型微波爐加熱約70秒/1400W，家用型微波爐加熱約150秒/700W。<br>
(2)	烤箱：使用烤箱加熱時，務必將本產品完全解凍後再放入加熱4-6分鐘即可。<br>
<br>
冷食：本產品解凍後30分鐘即可冰冰涼涼的吃，別有一番風味。","
 宅配、 超商取貨","https://www.organicshops.cc/product.aspx?id=11927","2026-07-10T07:50:22.788Z"
"10851","55200","天時莓果-冷凍野生藍莓","冷凍食材","蔬食","商品簡述：
 來自加拿大的野生藍莓，果實大小是栽種藍莓的一半，相較於栽種藍莓皮較厚實。
推薦給3C族、素食以及健身愛好者，IQF冷凍技術讓莓果冷凍不結塊，單獨加入優格、麥片、生菜沙拉或是打果汁都很適合。","229","229","/products/12092/main.jpg","/products/12092/gallery-01.jpg","<br>
<br>
野生藍莓果實是栽種藍莓的一半大小，相較於栽種藍莓皮較厚實，推薦給3C族、素食以及健身愛好者<br>
<br>
<br>
<br>
IQF冷凍技術讓莓果冷凍不結塊，單獨加入優格、麥片、生菜沙拉或是打果汁都很適合<br>
<br>
<br>
<br>
野生藍莓:小顆、味酸、皮厚，適合用於果汁<br>
栽種藍莓:大顆、味甜、皮薄，適合使用於添加在麥片、優格、生菜沙拉中
1.	來自加拿大的野生藍莓，果實大小是栽種藍莓的一半，相較於栽種藍莓皮較厚實。推薦給3C族、素食以及健身愛好者，IQF冷凍技術讓莓果冷凍不結塊，單獨加入優格、麥片、生菜沙拉或是打果汁都很適合。<br><br>
2.	莓果在急速冷凍前已挑選，多次清洗過，不需清洗，置放2~3分鐘後可直接食用。退冰後會產生些許莓果汁為正常現象，可安心食用。<br><br>
3.	每次吃多少就用乾淨湯匙取多少出來，避免產品反覆失溫回凍。


<br>
<br>

<span class=""style1"">製造廠商資訊: </span><br>
製造商名稱: 天時國際實業有限公司<br>
製造商地址: 台北市內湖區瑞光路76巷16號1樓<br>
製造商電話: 02-87928860<br>
食品業者登錄字號：A-124577094-00000-6<br>
產品責任險:本公司商品已投保新光產物產品責任保險-保單號碼130010AKP0000439","<span class=""style1"">原料: </span>冷凍野生藍莓<br>
 <span class=""style1"">食品添加物名稱: </span>無<br>


<span class=""style1"">規格: </span>400公克<br>

<span class=""style1"">產地: </span>加拿大<br>


<br>


<br>

<span class=""style1"">保存期限: </span>18個月<br>

<span class=""style1"">注意事項(含保存條件)：</span>冷凍-18℃保存<br>




<p><span class=""style1"">過敏原資訊:</span>無
 <br>","
 宅配、 超商取貨","https://www.organicshops.cc/product.aspx?id=10851","2026-07-10T07:50:26.903Z"
"10849","55199","天時莓果-冷凍栽種藍莓","冷凍食材","蔬食","商品簡述：
 來自美國的栽種藍莓，果實較野生品種大顆，相較冷凍蔓越莓，清甜不酸，是最暢銷的莓果！推薦給3C族、素食以及健身愛好者，IQF冷凍技術讓莓果冷凍不結塊，單獨加入優格、麥片、生菜沙拉或是打果汁都很適合。","229","229","/products/10849/main.jpg","/products/10849/gallery-01.jpg","<br>
<br>
相較於冷凍蔓越莓，清甜不酸，是最暢銷的莓果！推薦給3C族、素食以及健身愛好者。<br>
<br>
<br>
<br>
IQF冷凍技術讓莓果冷凍不結塊，單獨加入優格、麥片、生菜沙拉或是打果汁都很適合。<br>
<br>
<br>
<br>
野生藍莓:小顆、味酸、皮厚，適合用於果汁<br>
栽種藍莓:大顆、味甜、皮薄，適合使用於添加在麥片、優格、生菜沙拉中
1.	來自美國的栽種藍莓，果實較野生品種大顆，相較冷凍蔓越莓，清甜不酸，是最暢銷的莓果！推薦給3C族、素食以及健身愛好者，IQF冷凍技術讓莓果冷凍不結塊，單獨加入優格、麥片、生菜沙拉或是打果汁都很適合。<br>
<br>
2.	莓果在急速冷凍前已挑選，多次清洗過，不需清洗，置放2~3分鐘後可直接食用。退冰後會產生些許莓果汁為正常現象，可安心食用。<br><br>
3.	每次吃多少就用乾淨湯匙取多少出來，避免產品反覆失溫回凍。

<br>
<br>

<span class=""style1"">製造廠商資訊: </span><br>
製造商名稱: 天時國際實業有限公司<br>
製造商地址: 台北市內湖區瑞光路76巷16號1樓<br>
製造商電話: 02-87928860<br>
食品業者登錄字號：A-124577094-00000-6<br>
產品責任險:本公司商品已投保新光產物產品責任保險-保單號碼130010AKP0000439","<span class=""style1"">原料: </span>冷凍栽種藍莓<br>
 <span class=""style1"">食品添加物名稱: </span>無<br>


<span class=""style1"">規格: </span>400公克<br>

<span class=""style1"">產地: </span>美國<br>


<br>


<br>

<span class=""style1"">保存期限: </span>18個月<br>

<span class=""style1"">注意事項(含保存條件)：</span>冷凍-18℃保存<br>




<p><span class=""style1"">過敏原資訊:</span>無
 <br>","
 宅配、 超商取貨","https://www.organicshops.cc/product.aspx?id=10849","2026-07-10T07:50:30.279Z"
"11937","08295","瓜瓜園 冰烤蕃薯","冷凍食材","營養早餐","商品簡述：
 *嚴選台農57號地瓜，冷熱都好吃
*在地嚴選 產地直送
*地瓜已清洗，連皮吃更健康
*通過慈悅100%無添加潔淨標章","219","199","/products/12089/main.jpg","/products/12089/gallery-01.jpg|/products/12089/gallery-02.jpg","特選瓜瓜園農場優質台農57號黃地瓜，從種植端的健康種苗培育、栽種、專業採收部門、原料妥善儲存分級完全、清洗與妥善包裝，再透過嚴格專業的控管烘烤加工製程，緊密的產製銷存一條龍技術才可製作出瓜瓜園獨家冰烤蕃薯。<br><br>

連皮都可以直接吃，冰熱兩吃，冰著吃口感Q軟，綿綿像冰淇淋/熱著吃綿密鬆滑，香甜暖胃，加熱方式超方便， 蒸/烤/微波皆可！


<br><br>
<br>
*嚴選台農57號地瓜，冷熱都好吃<br>
*在地嚴選 產地直送<br>
*地瓜已清洗，連皮吃更健康<br>
*通過慈悅100%無添加潔淨標章<br>
<br>
食用方式：<br>
熱食：<br>
(1)	微波爐：取出2-3條本產品，營業型微波爐加熱約70秒/1400W，家用型微波爐加熱約150秒/700W。<br>
(2)	烤箱：使用烤箱加熱時，務必將本產品完全解凍後再放入加熱4-6分鐘即可。<br>
<br>
冷食：本產品解凍後30分鐘即可冰冰涼涼的吃，別有一番風味。 




<br>
<br>

<span class=""style1"">製造廠商資訊: </span><br>
製造商名稱：瓜瓜園企業股份有限公司<br>
製造商地址: 台南市新化區中正路１２７巷３１號<br>
製造商電話: ０６－５９０２２３３<br>
食品業者登錄字號：Ｄ－１２７６５５５７０－０００００－８<br>
產品責任險:本公司商品已投保 新光 產物產品責任保險-保單號碼130713AKP0000307","<span class=""style1"">原料: </span>甘藷<br>
 <span class=""style1"">食品添加物名稱: </span>無<br>


<span class=""style1"">規格: </span>1000公克<br>

<span class=""style1"">產地: </span>台灣<br>


<br>


<br>

<span class=""style1"">保存期限: </span>24個月<br>
<span class=""style1"">保存條件: </span>-18℃以下冷凍保存<br>


<span class=""style1"">注意事項：</span><br>
1.	本產品經過清洗及烘烤加工，可連皮食用。<br>
2.	本產品切口處若呈現黑白色，為乳汁氧化之自然現象，請安心食用。<br>
3.	建議調理條件請依照不同機型進行時間及溫度的調整。<br>
4.	本產品表面可能產生白色結晶物質，此為甘藷烘烤後自然糖分結晶，敬請安心食用。

<br><br>



<p><span class=""style1"">加熱調理條件:</span> <br>
熱食：<br>
(1)	微波爐：取出2-3條本產品，營業型微波爐加熱約70秒/1400W，家用型微波爐加熱約150秒/700W。<br>
(2)	烤箱：使用烤箱加熱時，務必將本產品完全解凍後再放入加熱4-6分鐘即可。<br>
<br>
冷食：本產品解凍後30分鐘即可冰冰涼涼的吃，別有一番風味。","
 宅配、 超商取貨","https://www.organicshops.cc/product.aspx?id=11937","2026-07-10T07:50:33.418Z"
"10107","55143","鮮奶小饅頭","冷凍食材","營養早餐","商品簡述：
 1.使用國產優質鮮乳。
2.添加紐西蘭無水奶油。
3.5大安心保證(不使用:漂白麵粉、人造奶油、香精、膨鬆劑、抗凍劑)。","165","165","/products/12620/main.jpg","/products/12620/gallery-01.jpg|/products/12620/gallery-02.jpg","<br>
<br>
1.	使用國產優質鮮乳。<br>
2.	添加紐西蘭無水奶油。<br>
3.	配方單純，極致鬆軟。<br>
4.	五大安心保證。<br>
*不使用漂白麵粉。<br>
*不使用人造奶油。<br>
*不使用香精。<br>
*不使用膨鬆劑。<br>
*不使用抗凍劑。<br>","<span class=""style1"">原料: </span>麵粉、鮮奶、蔗糖、水、無水奶油、酵母(酵母、水、大豆卵磷脂)<br>

<span class=""style1"">保存期限: </span>12個月<br>

<span class=""style1"">規格: </span>315公克(9入)<br>

<span class=""style1"">產地: </span>台灣<br>


<br>




<br>
<span class=""style1"">注意事項(含保存條件)：</span>須冷凍於-18℃以下，保存期間係指未開封前在-18℃以下可保存天數，開封後請儘速食用以確保品質。<br>



<p><span class=""style1"">過敏原資訊:</span>本產品含牛奶、含麩質之穀物及大豆製品。
 <br>","
 宅配、 超商取貨","https://www.organicshops.cc/product.aspx?id=10107","2026-07-10T07:50:37.479Z"
"10044","55144","老麵枸杞黑糖饅頭","冷凍食材","營養早餐","商品簡述：
 1.使用統一生機枸杞與椰子油豪華升級
2.成分單純，老麵發酵，口感濕潤香Q不乾柴","139","139","/products/10044/main.jpg","/products/10044/gallery-01.jpg","<br>
<br>
1.	使用統一生機枸杞，經典老麵製程與椰子油使用，豪華升級。<br>
2.	口感濕潤香Q，淡淡枸杞香氣與經典黑糖風味，用料實在，簡單好吃。<br>
3.	5大安心訴求:<br>
*不使用漂白麵粉<br>
*不添加色素<br>
*不使用香精<br>
*不使用防腐劑<br>
*不使用抗凍劑<br>","<span class=""style1"">原料: </span>麵粉、水、黑糖(蔗糖、糖蜜)、枸杞、椰子油、酵母(酵母菌、水、大豆卵磷脂)<br>
<p><span class=""style1"">食品添加物名稱:</span> 無  <br>
<span class=""style1"">保存期限: </span>12個月<br>

<span class=""style1"">規格: </span>320公克(4入)<br>

<span class=""style1"">產地: </span>台灣<br>


<br>




<br>
<span class=""style1"">注意事項(含保存條件)：</span>須冷凍於-18℃以下，保存期間係指未開封前在-18℃以下可保存天數，開封後請儘速食用以確保品質。<br>



<p><span class=""style1"">過敏原資訊:</span>本產品含大豆及含麩質之穀物製品
 <br>","
 宅配、 超商取貨","https://www.organicshops.cc/product.aspx?id=10044","2026-07-10T07:50:42.380Z"
"12797","01269","珍饌四果","堅果/果乾","堅果","商品簡述：
 嚴選杏仁、核桃、腰果、夏威夷豆，搭配椰香×薄鹽清爽調味","150","128","/products/12898/main.jpg","/products/12898/gallery-01.jpg|/products/12898/gallery-02.jpg","✔ 四種堅果一次補充，超方便<br>
✔ 每份23.4g 含蛋白質 4.5g<br>
✔ 每日一把，輕鬆補充營養
簡單調味，剛剛好的日常堅果<br>
椰香的柔和、薄鹽的清爽，交織出不膩口的剛剛好風味。<br>
嚴選四款堅果(杏仁、核桃、腰果、夏威夷豆)，每一口都有不同層次，<br>
酥脆中帶點溫潤，越吃越順口。<br>
低溫慢焙，保留堅果營養<br>
每日一把，隨時補給剛剛好的能量。<br>
<br>
✔ 每份23.4g含蛋白質4.5g<br>
✔ 每日一把，輕鬆補充營養<br><br>

不論上班、通勤或分享時刻，都是剛剛好的陪伴。
<br>
<br>
<br>","<p><span class=""style1"">原料:</span>杏仁、核桃、腰果、夏威夷豆、椰子油、食鹽<br>

<br><br>

<p><span class=""style1"">規格:</span>117G</p>
<p><span class=""style1"">產地:</span> 台灣</p>
<p><span class=""style1"">保存期限:</span> 12個月(係指未開封狀態請正常條件下之保存)<br>
<br>

<p><span class=""style1"">注意事項：</span> <br>
1.請置於陰涼乾燥處避免日照，冷藏保存尤佳。
2.開封後未食用完畢需冷藏，並請儘快食用完畢。
3.內有脫氧劑，請勿食用。
4.本產品可能含有果核或果殼，請小心食用。
<br><br>



<p><span class=""style1"">過敏原資訊：</span><br>
本產品含堅果。
本生產線亦生產含芒果、花生、奶製品、蛋、芝麻、含麩質之穀物、大豆、魚類及二氧化硫的產品。","
 宅配、 超商取貨","https://www.organicshops.cc/product.aspx?id=12797","2026-07-10T07:50:45.534Z"
"12796","01270","楓糖腰果","堅果/果乾","堅果","商品簡述：
 嚴選完整腰果，輕裹加拿大楓糖，香甜酥脆，口感清爽不膩","150","128","/products/12899/main.jpg","/products/12899/gallery-01.jpg|/products/12899/gallery-02.jpg","✔ 採用加拿大楓糖，濃郁香醇<br>
✔ 每份21g 含7.4g不飽和脂肪酸及0.9g膳食纖維<br>
打開的瞬間，是楓糖的溫潤甜香，<br>
咬下去，是酥脆腰果的滿足聲響。<br>
<br>
選用完整果實，搭配加拿大楓糖輕柔包裹，<br>
甜甜的、脆脆的，剛剛好的幸福感。<br><br>

一邊享受美味，也悄悄補充營養：<br>
每份21g含7.4g不飽和脂肪酸及0.9g 膳食纖維，輕鬆補給。<br>
<br>
金黃酥脆 口感滿分<br>
把好吃分享出去，就是最簡單的快樂。<br>
<br>
<br>","<p><span class=""style1"">原料:</span>腰果、蔗糖、棕櫚油、乙醯化己二酸二澱粉、麥芽糊精、蜂蜜、鹽、楓糖、蜂蜜粉(蔗糖、麥芽糊精、蜂蜜、氧化澱粉、香料、焦糖色素)、二氧化矽、麥芽寡醣、小麥纖維、複方香料(葡萄糖、香料、焦糖色素)、乙基麥芽醇(香料)、乙基香莢蘭醛(香料)、玉米糖膠<br>


<br><br>

<p><span class=""style1"">規格:</span>105g/袋</p>
<p><span class=""style1"">產地:</span> 台灣</p>
<p><span class=""style1"">保存期限:</span> 360天(係指未開封狀態且正常條件下之保存)<br>
<br>

<p><span class=""style1"">注意事項：</span> <br>
1.請置於陰涼乾燥處避免日照，冷藏保存尤佳。<br>
2.開封後未食用完畢需冷藏、並請儘快食用完畢。<br>
3.內有脫氧劑，請勿食用。<br>
4.本產品可能含有果核或果殼，請小心食用。<br><br>



<p><span class=""style1"">過敏原資訊：</span><br>
本產品含有堅果類及含麩質之穀物製品；<br>
該工廠亦生產含有甲殼類、芒果、花生、牛奶、蛋、芝麻、大豆、魚類、二氧化硫製品。","
 宅配、 超商取貨","https://www.organicshops.cc/product.aspx?id=12796","2026-07-10T07:50:49.845Z"
"12701","01273","無調味堅果42公克","堅果/果乾","堅果","商品簡述：
 V每份21公克，含OMEGA 3 脂肪酸0.5 公克
v採用低溫烘烤、保留堅果營養價值
v嚴選5種珍貴堅果「杏仁、腰果、核桃、夏威夷果、榛果」
v原味不添加，吃出自然健康的原始好滋味","72","63","/products/12896/main.jpg","","V非油炸、低溫輕烘焙<br>
V含蛋白質及OMEGA 3 脂肪酸<br>
V堅果可滋補強身、增強體力

<br>
每日飲食指南建議需攝取堅果種子類一份，您吃了嗎？<br><br>

堅持原味不添加，大自然孕育出的香甜滋味。從產地到餐桌，每一顆堅果由統一生機為您把關，嚴選自各主要產地的堅果界四大天王：「杏仁、腰果、核桃、榛果」，再搭配上超人氣的「夏威夷果」，五款高價值堅果原料，極品饗宴，輕鬆滿足每日需求。採用低溫輕烘焙，保留堅果最真實的原味，攝取好油脂、補充每日所需營養。經第三方公正單位檢驗合格，食用好安心。","<span class=""style1"">原料: </span>杏仁、腰果、核桃、榛果、夏威夷果</p>




<br>



<br>

<span class=""style1"">規格:</span>42公克<br>

<p><span class=""style1"">產地:</span>台灣</p>
<p><span class=""style1"">保存期間</span>: 12個月(係指未開封狀態且正常條件下之保存)<br>
<p><span class=""style1"">保存條件</span>: <br>
 1.請置於陰涼乾燥處避免日照，冷藏保存尤佳。<br>
 2.開封後未食用完畢需冷藏，並請儘快食用完畢。<br>


<br><span class=""style1"">注意事項: </span><br>
1.內有脫氧劑，請勿食用。<br>
 2.因農作物有蟲害痕跡之可能，此乃農產品原料之現象。<br>

<p><span class=""style1"">過敏原資訊:</span>本產品含堅果。本生產線亦生產含芝麻、含麩質之穀物及大豆的產品。</p>

<p><span class=""style1"">負責廠商: </span>統一生機開發(股)公司</p>","
 宅配、 超商取貨","https://www.organicshops.cc/product.aspx?id=12701","2026-07-10T07:50:54.130Z"
"4472","01155","果然優葡萄乾(罐)","堅果/果乾","果乾","商品簡述：
 保留葡萄乾的原始風味，含有膳食纖維，不添加人工色素、香料、防腐劑，不經過硫化燻蒸，顆粒飽滿、口感Q彈有嚼勁，補充能量。","220","165","/products/4472/main.jpg","/products/4472/gallery-01.jpg","<br>
<br>
<br>
<br>
<ol>
  <li>選用智利Jumbo規格 </li>
  <li>不經過硫化燻蒸處理 </li>
  <li>含有膳食纖維，促進腸道蠕動 </li>
  <li>不添加人工色素、人工香料、防腐劑。 </li>
  <li>鐵罐新裝、完整密封、充氮保鮮、品質提升。 </li>
</ol>
<br>
蘊含陽光能量的葡萄乾，保留葡萄乾原始風味。葡萄為白綠色品種，經日曬吸收能量後自然轉為紫黑(褐)色葡萄乾；不添加人工色素、人工香料、防腐劑，未經硫化燻蒸處理。</p>

<br>
<iframe width=""560"" height=""315"" src=""https://www.youtube.com/embed/HlDphRig0yY"" frameborder=""0"" allow=""accelerometer; autoplay; encrypted-media; gyroscope; picture-in-picture"" allowfullscreen></iframe>","<p class=""style1"">原料:</p>
<p>葡萄乾、葵花油<br><br>
<br><br>

<p><span class=""style1"">保存期間:</span> 12個月<span class=""style1""><br>
</span><span class=""style1"">規格: </span>400公克/罐<br>
<p><span class=""style1"">產地:</span> 智利<br>
<br>
<span class=""style1"">注意事項: </span><br>
<br>
1.開封後未食用完需冷藏並儘快食用完畢。 <br>
2.正面示意圖為葡萄原果外貌，經陽光日曬乾燥後轉變為紫黑色。  <br>
3.表面若有結晶為果實糖分析出現象","
 宅配、 超商取貨","https://www.organicshops.cc/product.aspx?id=4472","2026-07-10T07:50:58.578Z"
"4473","01157","果然優蜜棗乾(罐)","堅果/果乾","果乾","商品簡述：
 1.又稱黑棗，低脂肪並富含膳食纖維
2.特殊製程，不添加己二烯酸鉀等防腐劑
3.精湛去籽技術，軟嫩Q彈","340","204","/products/12877/main.jpg","/products/12877/gallery-01.jpg","<br>
<br>
<br>
(1) 非蜜餞產品，不甜膩，不黏手，Q彈有嚼勁。<br>
(2) 高纖：富含膳食纖維，促進腸道蠕動，使排便順暢。<br>
(3) 不添加人工色素、人工香料、防腐劑。<br>
(4) 鐵罐新裝、完整密封、充氮保鮮、品質提升。</span></p>

<p>顆粒大、肉質厚實；陽光日曬而成，非蜜餞產品，不添加人工色素、人工香料、防腐劑，呈現原始的口感與滋味,可增加飽足感，促進腸道蠕動，是需補充膳食纖維的補充來源。</p>
<br>
<iframe width=""560"" height=""315"" src=""https://www.youtube.com/embed/HlDphRig0yY"" frameborder=""0"" allow=""accelerometer; autoplay; encrypted-media; gyroscope; picture-in-picture"" allowfullscreen></iframe>","<span class=""style1"">原料:</span>蜜棗乾<br>
<BR><br>

<p><span class=""style1"">保存期間:</span> 12個月<span class=""style1""><br>
</span><span class=""style1"">規格: </span>400公克/罐<br>
<p><span class=""style1"">產地:</span> 智利<br>

<br>
<span class=""style1"">注意事項: </span>
 <li>開封後未食用完需冷藏並儘快食用完畢。 </li>
  <li>內含脫氧劑，請勿食用。 </li>
  <li>可能有籽或籽碎片，食用時請小心注意。 </li>
  <li>表面若有結晶為果實糖分析出現象。 </li>
  <li>開罐及取用時請留意拉環與開口邊緣。 </li>
</ol>","
 宅配、 超商取貨","https://www.organicshops.cc/product.aspx?id=4473","2026-07-10T07:51:05.230Z"
"4310","01153","有機整顆蔓越莓乾","堅果/果乾","果乾","商品簡述：
 來自北美洲，採用整顆果粒製作而成，酸甜好滋味的蔓越莓乾，兼具營養、健康、口感，”有機””整顆”蔓越莓乾，整顆果粒讓您吃得有”感覺”，更因為它具有”有機”的身分，在食用上更不用擔心農藥殘留、人工色素等問題。","180","135","/products/4310/main.jpg","/products/4310/gallery-01.jpg","<p>

<br>
<br>
<br>
※改變細菌叢生態特性 <br>
※不添加人工色素、人工香料、防腐劑</p>
※含有膳食纖維、促進腸道蠕動 </p>
※兼顧口感、健康、營養的果乾<br>
<br>

驗證機構：慈心有機驗證股份有限公司<br>
驗證證書字號：第1-009-210007號<br>
<br>



口感扎實、健康安心、營養滿分的蔓越莓乾 </p>
<p>來自北美洲，採用整顆果粒製作而成，酸甜好滋味的蔓越莓乾，兼具營養、健康、口感，&rdquo;有機&rdquo;&rdquo;整顆&rdquo;蔓越莓乾，整顆果粒讓您吃得有&rdquo;感覺&rdquo;，更因為它具有&rdquo;有機&rdquo;的身分，在食用上更不用擔心農藥殘留、人工色素等問題。 </p>
<p>蔓越莓乾含有單寧酸與花青素，花青素又稱花色素，屬於植物的水溶性色素，蔓越莓乾含有膳食纖維，可幫助腸道蠕動，使排便順暢，推薦給長時間久待辦公室的族群。 </p>
<p>蔓越莓鮮果為亮紅色，但在蔓越莓乾製作過程中，容易與空氣中的氧交互作用，而轉變為暗紅色，購買市售果乾時若產品呈現鮮紅色，請注意是否有添加人工色素，以避免食用過多的人工添加物，為自己的健康把關。 </p>
<p>有機整顆蔓越莓乾除了可作為零嘴食用外，也可加入沙拉當作主要的營養來源，更可以果汁機攪碎成泥狀做為果醬食用，還可切碎後做為麵包或土司的原料之一，直接擺放於麵包上增添風味。 </p>
注意事項：蔓越莓乾原果並非全為鮮紅色，因為不添加二氧化硫燻蒸也不添加色素，故果乾外表色澤偏向褐色，屬自然反應現象，而不是果乾異常喔。<br>
<br>
<iframe width=""560"" height=""315"" src=""https://www.youtube.com/embed/8qH3tiWpOZw"" frameborder=""0"" allow=""accelerometer; autoplay; encrypted-media; gyroscope; picture-in-picture"" allowfullscreen></iframe>

<p>","<p><strong class=""style1"">原料： </strong><br>
有機整顆蔓越莓乾、有機蔗糖、有機葵花油<strong> </strong></p>
<p>

<br><br>

<br>
  <strong class=""style1"">內容量：</strong>150公克/包<br>
  <span class=""style1""><strong>產地：</strong></span><strong>加拿大  </strong><br>
  <span class=""style1""><strong>保存期間：</strong></span><strong>12個月　</strong>（保存期間係指未開封狀態且正常條件下之保存） </p>


<span class=""style1"">注意事項: </span><br>

  <li>開封後未食用完需冷藏並儘快食用完畢 </li>
  <li>表面若有結晶為原果糖晶析出現象 </li>
</ol>","
 宅配、 超商取貨","https://www.organicshops.cc/product.aspx?id=4310","2026-07-10T07:51:10.363Z"
"12843","25865","海鹽檸檬糖25Ｇ(袋裝) 6件組","樂活零嘴","樂活零嘴","商品簡述：
 台灣本土檸檬X日曬海鹽
選用台灣在地檸檬，採以原汁乾燥技術，保留檸檬的香氣及營養，沁涼薄荷搭配統一生機日曬海鹽，生津止渴、潤喉提神，適合運動後補充鹽分、遠行出國皆適宜。","294","219","/products/12829/main.jpg","","選用台灣在地檸檬<br>
使用統一生機日曬海鹽<br>
台灣本土檸檬X日曬海鹽<br>
選用台灣在地檸檬，採以原汁乾燥技術，保留檸檬的香氣及營養，沁涼薄荷搭配統一生機日曬海鹽，生津止渴、潤喉提神，適合運動後補充鹽分、遠行出國皆適宜。<br>
<br>
支持在地農業-台灣在地檸檬<br>
選用台灣在地檸檬，採以原汁乾燥技術成粉，保留檸檬自然香氣。<br>
<br>
日曬海鹽<br>
自然日曬，美味加分<br>
    來自聯合國教科文組織列為生態保留區，自然原始的潔淨海域，僅
    經陽光日曬、風乾結晶而成，保留海水中微量元素，以傳統日曬海
    鹽工法，守護環境與大自然和諧共生。<br>
<br>
不添加抗結塊劑，健康加分<br>
製鹽過程中不經化學精製、漂白，不以人工輔助劑提高海鹽產量，
    完全憑藉自然生態系統取得，重金屬檢驗合格，不添加抗結塊劑及
    人工添加物。","<span class=""style1"">原料: </span><br>
蔗糖、麥芽糖、檸檬粉（檸檬汁、麥芽糊精）、椰子油、阿拉伯膠、檸檬酸、青梅粉（青
      梅、食鹽）、抗氧化劑（維生素C）、大豆卵磷脂、日曬海鹽、L-薄荷腦、薑黃色素(葡萄
      糖漿、薑黃素、甜菜果膠)、棕櫚蠟

<br>
<br>


  <span class=""style1"">規格:</span>25公克/盒<br>
 <span class=""style1"">原產地:</span>台灣<br>
 <br>
  <span class=""style1"">營養標示</span><br>
<br>
註：營養標示數據若與包裝上有差異，請以實際包裝為準<br>
<br>

<span class=""style1"">保存期間:</span>12個月(係指未開封狀態且正常條件下之保存)<br>
<span class=""style1"">過敏原: </span>本產品含大豆製品，本生產線亦生產含牛奶的產品。<br>
<span class=""style1"">保存方法:</span>開封後請密封保存，並請儘早食用完畢<br>

<br>","
 宅配、 超商取貨","https://www.organicshops.cc/product.aspx?id=12843","2026-07-10T07:51:13.958Z"
"10453","25385","醇厚黑芝麻餅","樂活零嘴","樂活零嘴","商品簡述：
 高達15%濃郁芝麻醬與發酵麵糰融合，餅體撒上飽滿黑芝麻顆粒，散發出醇厚的芝麻香氣，完美呈現色、香、味俱全的黑芝麻餅；精心添加喜馬拉雅山脈玫瑰鹽，鹹甜不膩，不添加味精、防腐劑、人工香料，給您營養的美味!","79","67","/products/12649/main.jpg","/products/12649/gallery-01.jpg","<br>

高達15%濃郁芝麻醬與發酵麵糰融合，餅體撒上飽滿黑芝麻顆粒，散發出醇厚的芝麻香氣，完美呈現色、香、味俱全的黑芝麻餅； 精心添加喜馬拉雅山脈玫瑰鹽，鹹甜不膩，不添加味精、防腐劑、人工香料，給您營養的美味!<br><br>

✔濃郁黑芝麻x黑芝麻含量15%<br>
✔添加海藻鈣 x 美味更營養<br>
✔使用喜馬拉雅山玫瑰鹽<br><br>

黑芝麻小百科：<br>
芝麻是胡麻科植物胡麻的種籽，呈圓形或橢圓形，芝麻可生吃，也可熟吃，經適當烘焙後，營養釋出更多；可以製點心或菜餚烹調，芝麻小小一顆卻有著超級豐富的營養，具有獨特芳香味和高營養價值","<strong class=""style1"">原料：</strong>麵粉、蔗糖、黑芝麻、黑芝麻醬、棕櫚油、玫瑰鹽、葡萄糖、白芝麻、海藻鈣(紅藻)、碳酸氫銨、小蘇打、大豆卵磷脂、植物碳黑色素、偏亞硫酸氫鈉。<br>


 <strong class=""style1"">食品添加物：</strong>碳酸氫銨、小蘇打、偏亞硫酸氫鈉<br>


<br>
  <strong class=""style1"">內容量：</strong>124G/袋(8入) <br>

  <span class=""style1""><strong>產地：</strong></span><strong>台灣 </strong><br>
<strong class=""style1"">保存期間：</strong>12個月(係指未開封狀態且正常條件下之保存)

<br>
<span class=""style1"">注意事項: </span>請置於乾燥陰涼處，避免日曬；開封後請儘早食用完畢<br>





<span class=""style1"">過敏原資訊:</span>本產品含芝麻、大豆及含麩質之穀物的製品","
 宅配、 超商取貨","https://www.organicshops.cc/product.aspx?id=10453","2026-07-10T07:51:16.118Z"
"12469","25398","醇厚黑芝麻餅MINI(30公克*8包/盒)","樂活零嘴","樂活零嘴","商品簡述：
 全新規格 Mini 隨手包
✔濃郁黑芝麻x含量15%
✔添加海藻鈣 x 美味更營養
✔使用喜馬拉雅山玫瑰鹽","200","200","/products/12651/main.jpg","","<br>
<br>
醇厚黑芝麻X 海藻鈣Plus! <br>
高達15%濃郁黑芝麻與發酵麵糰融合，餅體撒上飽滿黑白芝麻顆粒，特製成一口酥脆的小圓餅，精心添加喜馬拉雅山脈玫瑰鹽，鹹甜不膩，不添加味精、防腐劑、人工香料，輕巧隨手包設計，讓您隨時隨地輕鬆享受醇厚香氣!<br><br>

✔濃郁黑芝麻x含量15%<br>
✔添加海藻鈣 x 美味更營養<br>
✔使用喜馬拉雅山玫瑰鹽<br><br>

✔小包即開即食<br>
✔健康美味，輕巧少負擔<br>
✔陪您隨時補充好能量","<strong class=""style1"">原料：</strong>麵粉、蔗糖、黑芝麻、黑芝麻醬、棕櫚油、玫瑰鹽、葡萄糖、白芝麻、海藻鈣(紅藻)、碳酸氫銨、小蘇打、大豆卵磷脂、植物碳黑色素、偏亞硫酸氫鈉。

<br>





<br>
  <strong class=""style1"">內容量：</strong>30公克*8包/盒<br>

  <span class=""style1""><strong>產地：</strong></span><strong>台灣 </strong><br>
<strong class=""style1"">保存期間：</strong>12個月(係指未開封狀態且正常條件下之保存)

<br>
<span class=""style1"">注意事項: </span>請置於乾燥陰涼處，避免日曬；開封後請儘早食用完畢<br>





<span class=""style1"">過敏原資訊:</span>本產品含芝麻、大豆及含麩質之穀物的製品","
 宅配、 超商取貨","https://www.organicshops.cc/product.aspx?id=12469","2026-07-10T07:51:19.225Z"
"549","02060","有機白米","主食雜糧","米","商品簡述：
 台東淨土好米,神農耕作專賣,有機責任保證","350","298","/products/12642/main.jpg","/products/12642/gallery-01.jpg|/products/12642/gallery-02.jpg","<br>
<br>
<br>
<p><span class=""style1"">驗證機構：</span>國立中興大學<br>
<p><span class=""style1"">證書字號：</span>1-006-100681","<p><span class=""style1"">原料:</span>有機稻穀(台灣) <br>

<br><br>
<p><span class=""style1"">規格:</span> 2公斤/包</p>
<p><span class=""style1"">產地:</span> 台灣(台東鹿野)</p>


<p><span class=""style1"">保存期限:</span> 6個月<br>
<br>

<span class=""style1"">注意事項: </span><br>

包裝上生產者的大頭照，依實際生產者而有所不同，代表每位生產者對消費大眾直接的責任保證。
<br>","
 宅配、 超商取貨","https://www.organicshops.cc/product.aspx?id=549","2026-07-10T07:51:21.440Z"
"548","02058","有機糙米","主食雜糧","米","商品簡述：
 台東淨土好米,神農耕作專賣,有機責任保證","350","298","/products/12083/main.jpg","/products/12083/gallery-01.jpg|/products/12083/gallery-02.jpg","<br>

<br>
<br>
<p><span class=""style1"">驗證機構：</span>國立中興大學<br>
<p><span class=""style1"">證書字號：</span>1-006-100681","<p><span class=""style1"">原料:</span>有機稻穀(台灣)<br>

<br><br>
<p><span class=""style1"">規格:</span> 2公斤/包</p>
<p><span class=""style1"">產地:</span> 台灣(台東鹿野)</p>
<p><span class=""style1"">保存期限:</span> 6個月<br>
<br>
<span class=""style1"">注意事項: </span><br>
 包裝上生產者的大頭照，依實際生產者而有所不同，代表每位生產者對消費大眾直接的責任保證。","
 宅配、 超商取貨","https://www.organicshops.cc/product.aspx?id=548","2026-07-10T07:51:28.190Z"
"550","02008","有機小米","主食雜糧","米","商品簡述：
 有機小米經過慈心有機驗證，又名「栗」，風味特殊，可用於炊飯、煮粥、製飴等。","160","144","/products/550/main.jpg","/products/550/gallery-01.jpg","<br>

<br>
南瓜小米粥 <br>
食材：有機南瓜200g、有機小米200g、有機蔗香紅砂糖少許。 <br>
作法：南瓜連皮清洗乾淨切塊，蒸熟後壓成泥，加入洗淨後的小米煮滾後，慢火煮約30分鐘至濃稠， 依個人喜好加入糖即可食用。<br>
<br>
驗證機構：慈心有機驗證股份有限公司<br>
證書字號：第1-009-210007號<br>","<p> <span class=""style1"">原料</span><br>
  有機小米<br>
 <br>
<FONT SIZE=3 COLOR=red><B>營養標示</B></FONT><BR>
<br><br>


<p><span class=""style1"">保存期間:</span> 12個月<br>
<span class=""style1"">原產地:</span> 澳洲<br>
  <span class=""style1"">內容量:</span> 450公克/包<br>

<br>
<span class=""style1"">注意事項: </span><br>

1.商品資訊若與包裝上略有差異時，以實際包裝上標示為準。 </p>
2.請置於陰涼處，避免高溫日曬。開封後請冷藏保存，儘早食用完畢。","
 宅配、 超商取貨","https://www.organicshops.cc/product.aspx?id=550","2026-07-10T07:51:32.301Z"
"8135","02137","有機紅藜麥","主食雜糧","雜糧","商品簡述：
 有機紅藜麥採有機農法栽種、無化學添加物，保留完整營養的超級穀物。","260","260","/products/8135/main.jpg","/products/8135/gallery-01.jpg","<br>
<br>
<br>
在古印加時期，安地斯人將藜麥視為黃金般珍貴，也有「五穀之母」的美譽！
藜麥的高營養價值受到聯合國農糧組織(FAO)認可，不僅富含膳食纖維，也是滿足人體基本營養需求的超級穀物。<br>
<br>
<br>
食用方式<br>
1.洗淨後煮熟、拌入沙拉食用 <br>
2.與米飯、豆類等穀物煮成雜糧飯 <br>
※藜麥烹煮時冒白色胚芽為正常現象，請安心食用。
<br>
<br>

<br>驗證機構：慈心有機驗證股份有限公司<br>
證書字號：第1-009-210007號<br>","<strong class=""style1"">原料：</strong>有機紅藜麥<br>


 <strong class=""style1"">食品添加物：</strong> 無 <br>
<br>

<br><br>

  <strong class=""style1"">內容量：</strong>300公克/包<br>
  <span class=""style1""><strong>產地：</strong></span><strong>秘魯 </strong><br>
<strong class=""style1"">保存期間：</strong>12個月(係指未開封狀態且正常條件下之保存)<br>


<br>
<span class=""style1"">注意事項: </span><br>
1.內附脫氧劑，請勿食用。<br>
2.請置於陰涼乾燥處避免日曬，開封後請密封冷藏，並儘早食用完畢。
<br>
<br>
<span class=""style1"">過敏原資訊: </span>本生產線亦生產含牛奶製品、堅果類、芝麻、含麩質之穀物及大豆的產品。<br>","
 宅配、 超商取貨","https://www.organicshops.cc/product.aspx?id=8135","2026-07-10T07:51:39.467Z"
"8133","02138","有機三色藜麥(300G)","主食雜糧","雜糧","商品簡述：
 有機三色藜麥採有機農法栽種、無化學添加物，保留完整營養的超級穀物。","260","260","/products/12085/main.jpg","/products/12085/gallery-01.jpg","<br>
<br>
<br>
在古印加時期，安地斯人將藜麥視為黃金般珍貴，也有「五穀之母」的美譽！
藜麥的高營養價值受到聯合國農糧組織(FAO)認可，不僅富含膳食纖維，也是滿足人體基本營養需求的超級穀物。
<br>
<br>
食用方式<br>
1.洗淨後煮熟、拌入沙拉食用 <br>
2.與米飯、豆類等穀物煮成雜糧飯 <br>
※藜麥烹煮時冒白色胚芽為正常現象，請安心食用。<br>
<br>","<strong class=""style1"">原料：</strong>有機三色藜麥(有機白藜麥、有機紅藜麥、有機黑藜麥)<br>


 <strong class=""style1"">食品添加物：</strong> 無 <br>
<br>

<br><br>

  <strong class=""style1"">內容量：</strong>300公克/包<br>
  <span class=""style1""><strong>產地：</strong></span><strong>秘魯 </strong><br>
<strong class=""style1"">保存期間：</strong>12個月(係指未開封狀態且正常條件下之保存)<br>


<br>
<span class=""style1"">注意事項: </span><br>
1.內附脫氧劑，請勿食用。<br>
2.請置於陰涼乾燥處避免日曬，開封後請密封冷藏，並儘早食用完畢。
<br>
<br>
<span class=""style1"">過敏原資訊: </span>本生產線亦生產含牛奶製品、堅果類、芝麻、含麩質之穀物及大豆的產品。<br>","
 宅配、 超商取貨","https://www.organicshops.cc/product.aspx?id=8133","2026-07-10T07:51:42.774Z"
"8134","02139","有機奇亞籽","主食雜糧","雜糧","商品簡述：
 有機奇亞籽採有機農法栽種、無化學添加物，保留完整營養的超級穀物。","260","260","/products/11863/main.jpg","/products/11863/gallery-01.jpg","有機奇亞籽在馬雅語中奇亞(Chia)的意思為「力量」，即是提供豐富力量的種子！富含膳食纖維、蛋白質。奇亞籽遇水膨脹的特性，加入水中5到10分鐘，稍作攪拌即可食用！<br>
<br>
食用方式<br>
1.置於飲用水、牛奶或豆漿等飲品浸泡5~10分鐘，待膨脹後稍作攪拌即可食用。<br>
2.亦可於膨脹後加入優格、沙拉中食用。<br>
<br>

<br>驗證機構：慈心有機驗證股份有限公司<br>
證書字號：第1-009-210007號<br>","<strong class=""style1"">原料：</strong>有機奇亞籽<br>


 <strong class=""style1"">食品添加物：</strong> 無 <br>
<br>

<br><br>

  <strong class=""style1"">內容量：</strong>200公克/包<br>
  <span class=""style1""><strong>原產地(國)：</strong></span><strong>玻利維亞/巴拉圭，產地交替期間依實際收到商品為主 </strong><br>
<strong class=""style1"">保存期間：</strong>12個月(係指未開封狀態且正常條件下之保存)<br>


<br>
<span class=""style1"">注意事項: </span><br>
1.內附脫氧劑，請勿食用。<br>
2.請置於陰涼乾燥處避免日曬，開封後請密封冷藏，並儘早食用完畢。
<br>
<br>
<span class=""style1"">過敏原資訊: </span>本產品含種子類，對花生等核果過敏者應小心食用。本生產線亦生產含牛奶製品、堅果類、芝麻、含麩質之穀物及大豆的產品。<br>","
 宅配、 超商取貨","https://www.organicshops.cc/product.aspx?id=8134","2026-07-10T07:51:46.537Z"
"5964","03115","有機薑黃麵線","主食雜糧","麵條","商品簡述：
 *添加有機薑黃，健康升級！
*不添加漂白劑、色素、麵質改良劑，
*專業有機驗證把關
*樸實美味，營養可口","110","88","/products/5964/main.jpg","/products/5964/gallery-01.jpg","<br>
<br>
麵線是日常料理中不可或缺的角色之一，口味濃淡皆宜，簡單淋上苦茶油或麻油拌勻，便是好滋味，或燙熟瀝乾入鍋，加點油、老薑，乾煎麵線的微脆焦香，令人回味無窮。<br>
<br>
  同樣的，薑黃(Turmeric)很早就伴隨在我們的飲食生活之中！薑黃又稱鬱金，原產於印度森林，後來推廣至世界各地，是美味親民的辛香料。無論是香味四溢的濃郁咖哩，印度料理中的薑黃飯、還是馬來西亞的叻沙湯，都是常見的料理方式。<br>
<br>
  而薑黃對於人體的健康幫助，在幾千年前印度醫書《阿育吠陀》(Ayurveda)、《中國藥典》皆有記載。近年來健康意識抬頭，薑黃更翻身一躍，成為炙手可熱的保健食品。<br>

<br>
驗證機構：慈心有機驗證股份有限公司<br>
驗證證書字號：第1-009-210009號<br>
<br>","<span class=""style1"">原料: </span><br>
有機原白麵粉(澳洲)、日曬海鹽、有機薑黃粉(台灣)、維生素E(抗氧化劑)<br>
<br>
<span class=""style1"">食品添加物:</span>維生素E(抗氧化劑)<br>
<span class=""style1"">保存期間:</span>12個月<br>
<span class=""style1"">原產地:</span>台灣<br>

<span class=""style1"">規格:</span>300公克/包<br>
<br>
<span class=""style1"">營養標示</span><br>
<br>

<br>
<span class=""style1"">注意事項: </span><br>
1.請置於陰涼處，避免高溫潮濕，開封後未使用完需冷藏並儘快食用完畢。<br>
2.孕婦不宜食用薑黃相關食品。<br>
<br>
<span class=""style1"">過敏原資訊: </span>本產品含有麩質的穀類，不適合其過敏體質者食用。","
 宅配、 超商取貨","https://www.organicshops.cc/product.aspx?id=5964","2026-07-10T07:51:49.904Z"
"7439","03116","有機薑黃麵線(箱)","主食雜糧","麵條","商品簡述：
 *添加有機薑黃，健康升級！
*不添加漂白劑、色素、麵質改良劑，
*專業有機驗證把關
*樸實美味，營養可口","1320","990","/products/5964/main.jpg","/products/5964/gallery-01.jpg","<br>
<br>
麵線是日常料理中不可或缺的角色之一，口味濃淡皆宜，簡單淋上苦茶油或麻油拌勻，便是好滋味，或燙熟瀝乾入鍋，加點油、老薑，乾煎麵線的微脆焦香，令人回味無窮。<br>
<br>
  同樣的，薑黃(Turmeric)很早就伴隨在我們的飲食生活之中！薑黃又稱鬱金，原產於印度森林，後來推廣至世界各地，是美味親民的辛香料。無論是香味四溢的濃郁咖哩，印度料理中的薑黃飯、還是馬來西亞的叻沙湯，都是常見的料理方式。<br>
<br>
  而薑黃對於人體的健康幫助，在幾千年前印度醫書《阿育吠陀》(Ayurveda)、《中國藥典》皆有記載。近年來健康意識抬頭，薑黃更翻身一躍，成為炙手可熱的保健食品。<br>","<span class=""style1""><br>
產品成分:</span>
有機原白麵粉(澳洲)、日曬海鹽、有機薑黃粉(台灣)、維生素E(抗氧化劑)<br>
<span class=""style1"">食品添加物:</span>維生素E(抗氧化劑)<br>
<span class=""style1"">保存期間:</span>12個月<br>
<span class=""style1"">原產地:</span>台灣<br>

<span class=""style1"">規格:</span>300公克/包X12包/箱 <br>
<br>
<span class=""style1"">營養標示</span><br>


<br><br>
驗證機構：慈心有機驗證股份有限公司<br>
驗證證書字號：第1-009-210009號","
 宅配、 超商取貨","https://www.organicshops.cc/product.aspx?id=7439","2026-07-10T07:51:55.694Z"
"2866","03098","有機家常麵條","主食雜糧","麵條","商品簡述：
 採用澳洲麵粉製作之有機麵條，經慈心有機驗證，不添加防腐劑、漂白劑及麵質改良劑，保留麵條原本風味與營養，讓您吃出健康好滋味。","90","72","/products/2866/main.jpg","","<br>

<br>
嚴選原料：採用澳洲有機原白麵粉，以當季新鮮小麥碾製，採用友善環境的有機農法種植。<br>
安心製程：全程不添加防腐劑、麵質改良劑、漂白劑，麵條呈現淺米黃色，保留原本風味與營養。<br>
精細控管：製程經多道輪軸延壓、熟成，最後於乾燥室中分段乾燥、烘乾完成。仔細控管每個步驟，確保麵條良好品質。<br>
<br>

食譜<br>
◆什錦炒麵<br>
食材： <br>
有機家常麵條、前腿肉絲30公克、 有機紅蘿蔔小的半條 、有機小白菜50公克 、豌豆25公克、黑木耳2大朵、鮮香菇2朵、 有機蔥1/4根 <br>
綜合調味料： <br>
雞高湯塊100公克、 日式醬油1大匙、海 鹽1/2小匙、有機白砂糖1/2小匙 <br>
　 <br>
1. 將前腿肉絲撒適量的砂糖、醬油、太白粉及油，用油炒香後取出，再把斜切的蔥、白菜、切薄的紅蘿蔔以及泡軟的木耳放進去炒，再將肉絲放回去，加綜合調味料及燙過的豌豆，以用水溶開的太白粉勾芡。<br>
2. 將家常麵條燙至略帶些許硬度，然後用3大匙的油炒過後堆在盤中，均勻的淋上(1)的配料。<br>
即可享用健康豐盛的什錦炒麵囉。<br>

<br>
驗證機構：慈心有機驗證股份有限公司<br>
驗證證書字號：第1-009-210009號<br>
<br>","<span class=""style1"">原料: </span><br>
 有機原白麵粉(澳洲)、食鹽、維生素E(抗氧化劑)<br><br>
<span class=""style1"">食品添加物:</span>維生素E(抗氧化劑)<br>
<br>
<span class=""style1"">保存期間:</span>12個月<br>
<span class=""style1"">原產地:</span>台灣<br>
  <span class=""style1"">規格:</span>300公克/包<br>
  <br>
  <span class=""style1"">營養標示</span><br>
<br>
註：營養標示數據若與包裝上有差異，請以實際包裝為準<br>
<br>


<span class=""style1"">注意事項: </span><br>

本產品含有麩質，不適合其過敏體質者食用。
<br>","
 宅配、 超商取貨","https://www.organicshops.cc/product.aspx?id=2866","2026-07-10T07:51:58.953Z"
"6221","04060","有機綠豆(380G)","主食雜糧","豆類","商品簡述：
 採友善環境耕種方式，不使用農藥、化學肥料。豆型飽滿、烹煮後口感鬆綿，適合做清涼消暑的綠豆湯，也可做成糕點、綠豆沙等。","140","98","/products/12086/main.jpg","/products/12086/gallery-01.jpg","*有機雙驗證：慈心、美國農業部USDA，雙重保障。<br>
*嚴格檢驗，拒絕農藥殘留及黃麴毒素！<br>
*顆粒完整，適合做成清涼消暑的綠豆湯，也可做成糕點、綠豆沙等。<br>
<br>

<br>驗證機構：慈心有機驗證股份有限公司<br>
證書字號：第1-009-210007號<br>

<br>

<strong class=""style1"">如何製作清涼綠豆湯：</strong><br>

1.清洗浸泡 <br>
洗淨，浸泡約至1.5倍大(約需1-2小時)，將浸泡的水倒掉。<br>
<br>
2.簡單悶煮 <br>
綠豆與水的比例約1:3，煮滾後蓋上鍋蓋悶30分鐘後，再次開火煮滾，悶30分鐘。依個人喜好調整烹煮時間，或加糖調味，即可享用清涼綠豆湯。<br>","<strong class=""style1"">產品成份：</strong>有機綠豆 <br>


 <strong class=""style1"">食品添加物：</strong> 無 <br>
<br>

<br><br>

  <strong class=""style1"">內容量：</strong>380公克/包<br>
  <span class=""style1""><strong>產地：</strong></span><strong>中國大陸 </strong><br>
<strong class=""style1"">保存期間：</strong>12個月<br>


<br>
<span class=""style1"">注意事項: </span>內附脫氧劑請勿食用<br>
<br>
<span class=""style1"">過敏原資訊: </span>本生產線亦生產含牛奶製品、堅果類、芝麻、含麩質之穀物及大豆的產品。<br>","
 宅配、 超商取貨","https://www.organicshops.cc/product.aspx?id=6221","2026-07-10T07:52:01.229Z"
"8700","04065","有機青仁黑豆","主食雜糧","豆類","商品簡述：
 有機青仁黑豆，不使用農藥、化學肥料，友善環境","120","90","/products/8700/main.jpg","/products/8700/gallery-01.jpg|/products/8700/gallery-02.jpg","<br>
<br>
<br>
<strong class=""style1"">如何製作美味黑豆漿：</strong><br>


1.清洗浸泡<br>
洗淨並浸泡6~8小時，將浸泡水倒掉。<br>
<br>
2.蒸熟悶透<br>
用電鍋或蒸籠將豆子蒸熟悶透。<br>
<br>
3.製漿調味<br>
加入開水，建議1:6(豆子：水)比例以果汁機打成漿，依個人喜好加糖調味或濾渣，即可享用！<br>
<br>
備註：黑豆皮為黑色，其水溶性植物色素，會於泡水後溶出，為正常現象。<br>
<br>
驗證機構：慈心有機驗證股份有限公司<br>
證書字號：第1-009-210007號<br>","<strong class=""style1"">原料：</strong>有機青仁黑豆 <br>


 <strong class=""style1"">食品添加物：</strong> 無 <br>
<br>

<br><br>

  <strong class=""style1"">內容量：</strong>380公克/包<br>
  <span class=""style1""><strong>產地：</strong></span><strong>中國 </strong><br>
<strong class=""style1"">保存期間：</strong>12個月<br>

<br>
<span class=""style1"">注意事項: </span><br>
(1)內附脫氧劑，請勿食用。<br>
(2)黑豆外觀較霧面為產地差異，屬正常現象，請安心食用。<br>
<br>
<strong class=""style1"">過敏原資訊：</strong>本產品含大豆。本生產線亦生產含牛奶製品、堅果類、芝麻、含麩質之穀物的產品。<br>
<br>","
 宅配、 超商取貨","https://www.organicshops.cc/product.aspx?id=8700","2026-07-10T07:52:04.546Z"
"6218","04059","有機黃豆","主食雜糧","豆類","商品簡述：
 非基因改造，U.S. NO.1等級，單一品種IP豆
NON-GMO, U.S.NO.1, IDENTITY PRESERVED ,HIGH GERMINATION RATE","86","77","/products/6218/main.jpg","/products/6218/gallery-01.jpg","<br>

*有機雙驗證：慈心有機、美國農業部USDA，雙重保障。<br>
*嚴格檢驗，非基因改造，拒絕農藥殘留及黃麴毒素！<br>
*U.S. NO.1等級，為單一品種(IP)食品級黃豆。<br>
註:[IP(Identity Preserved)指經種子挑選、種植、運輸、加工到市場銷售，保持原始自然的基因特性。<br>
*契作特選品種，風味濃郁香醇，非常適合做成豆漿。<br><br>
驗證機構：慈心有機驗證股份有限公司<br>
證書字號：第1-009-210007號<br>
<br>


<strong class=""style1"">如何製作美味豆漿：</strong><br>


1.清洗浸泡 <br>
洗淨，浸泡約至兩倍大(約需6~8小時)，將浸泡的水倒掉。<br>
<br>
2.蒸熟悶透  <br>
用電鍋或蒸籠將豆子蒸熟燜透。<br>
<br>
3.製漿調味<br>
加入開水，建議1:6(豆:水)，使用果汁機打成液體，依個人喜好選擇是否濾渣，或加糖調味，即可享用健康香醇的有機豆漿！","<strong class=""style1"">原料：</strong>有機黃豆 <br>


 <strong class=""style1"">食品添加物：</strong> 無 <br>
<br>

<br><br>

  <strong class=""style1"">內容量：</strong>380公克/包<br>
  <span class=""style1""><strong>產地：</strong></span><strong>美國 </strong><br>
<strong class=""style1"">保存期間：</strong>12個月<br>

<br>
<span class=""style1"">注意事項: </span><br>
1.內附脫氧劑請勿食用。<br>
2.產品資訊若與包裝上略有差異時，以實際包裝上標示為準。<br>
3.請置於陰涼處，避免高溫日曬。開封後請冷藏保存，儘早食用完畢<br>
4.有機黃豆外觀未經拋光處理，故帶有些許塵沙，此為有機黃豆的自然現象，經沖洗、浸泡即可去除。<br>
<br>
<strong class=""style1"">過敏原資訊：</strong>本產品含大豆，不適合其過敏體質者食用，本生產線亦生產含堅果種子類的產品。<br>
<br>","
 宅配、 超商取貨","https://www.organicshops.cc/product.aspx?id=6218","2026-07-10T07:52:08.761Z"
"12839","23240","Coco dee Salam 椰子水(6件組)","即飲/沖泡","即飲","商品簡述：
 泰國知名椰子水品牌：Coco dee Salam，泰國原裝進口，品質有保證!
使用泰國100%新鮮椰子，添加泰國當地椰子特有品種-香水椰子，椰香沁心，清甜爽口
果汁含量100%，非濃縮還原，新鮮喝得到!","720","510","/products/12823/main.jpg","/products/12823/gallery-01.jpg|/products/12823/gallery-02.jpg|/products/12823/gallery-03.jpg|/products/12823/gallery-04.jpg","<br>
<br>
除了市面上的椰子水，你可以有更好的選擇!<br><br>

嚴選統一企業集團泰國公司生產知名椰子水品牌：Coco dee Salam，泰國原裝進口，品質有保證，深受國際市場好評。<br><br>

Coco dee Salam椰子水使用泰國100%新鮮椰子，精心挑選優良椰子品種，用心栽種，每顆椰子都是以人工採摘，篩選符合標準之椰子，製做成Coco dee Salam椰子水。<br><br>

獨家黃金比例，添加泰國當地椰子特有品種-香水椰子，清香椰子，香甜滋味，在口中的極致享受，彷彿來到海島般的清新舒暢，日常補水不負擔，清爽解渴，適合運動後補充，香甜滋味魅力無法擋!","<strong class=""style1"">原料：</strong>椰子水<br />

 <strong class=""style1"">食品添加物：</strong>無 <br />
  <strong class=""style1"">規格（內容量）：</strong>1公升/瓶<br />
  <strong class=""style1"">產地：</strong>泰國<strong> </strong><br>

<br>
<br>

<br>
  <span class=""style1""><strong>保存期間：</strong></span><strong>15個月（保存期間係指未開封狀態且正常條件下之保存）</strong> 

<br><span class=""style1"">注意事項: </span><br>
(1)	開封後請放置冷藏，並請儘速飲用完畢。<br>
(2)	產品風味和色澤會隨季節有些許不同，為正常現象。
<br>
<br>

  <strong class=""style1"">過敏原資訊：</strong>本產品含堅果。<strong> </strong><br />","
 宅配、 超商取貨","https://www.organicshops.cc/product.aspx?id=12839","2026-07-10T07:52:12.879Z"
"10883","23240","Coco dee Salam 椰子水","即飲/沖泡","即飲","商品簡述：
 泰國知名椰子水品牌：Coco dee Salam，泰國原裝進口，品質有保證!
使用泰國100%新鮮椰子，添加泰國當地椰子特有品種-香水椰子，椰香沁心，清甜爽口
果汁含量100%，非濃縮還原，新鮮喝得到!","120","89","/products/12823/main.jpg","/products/12823/gallery-01.jpg|/products/12823/gallery-02.jpg|/products/12823/gallery-03.jpg|/products/12823/gallery-04.jpg","<br>
<br>
除了市面上的椰子水，你可以有更好的選擇!<br><br>

嚴選統一企業集團泰國公司生產知名椰子水品牌：Coco dee Salam，泰國原裝進口，品質有保證，深受國際市場好評。<br><br>

Coco dee Salam椰子水使用泰國100%新鮮椰子，精心挑選優良椰子品種，用心栽種，每顆椰子都是以人工採摘，篩選符合標準之椰子，製做成Coco dee Salam椰子水。<br><br>

獨家黃金比例，添加泰國當地椰子特有品種-香水椰子，清香椰子，香甜滋味，在口中的極致享受，彷彿來到海島般的清新舒暢，日常補水不負擔，清爽解渴，適合運動後補充，香甜滋味魅力無法擋!","<strong class=""style1"">原料：</strong>椰子水<br />

 <strong class=""style1"">食品添加物：</strong>無 <br />
  <strong class=""style1"">規格（內容量）：</strong>1公升/瓶<br />
  <strong class=""style1"">產地：</strong>泰國<strong> </strong><br>

<br>
<br>

<br>
  <span class=""style1""><strong>保存期間：</strong></span><strong>15個月（保存期間係指未開封狀態且正常條件下之保存）</strong> 

<br><span class=""style1"">注意事項: </span><br>
(1)	開封後請放置冷藏，並請儘速飲用完畢。<br>
(2)	產品風味和色澤會隨季節有些許不同，為正常現象。
<br>
<br>

  <strong class=""style1"">過敏原資訊：</strong>本產品含堅果。<strong> </strong><br />","
 宅配、 超商取貨","https://www.organicshops.cc/product.aspx?id=10883","2026-07-10T07:52:19.005Z"
"10902","23241","Coco dee Salam 椰子水(12入/箱)","即飲/沖泡","即飲","商品簡述：
 泰國知名椰子水品牌：Coco dee Salam，泰國原裝進口，品質有保證!
使用泰國100%新鮮椰子，添加泰國當地椰子特有品種-香水椰子，椰香沁心，清甜爽口
果汁含量100%，非濃縮還原，新鮮喝得到!","1440","1440","/products/12823/main.jpg","/products/12823/gallery-01.jpg|/products/12823/gallery-02.jpg|/products/12823/gallery-03.jpg|/products/12823/gallery-04.jpg","1.	嚴選統一企業集團泰國公司生產知名椰子水品牌：Coco dee Salam，泰國原裝進口，品質有保證，深受國際市場好評。<br>
2.	1瓶椰子水相當於4顆泰國在地現採新鮮椰子，果汁含量100%，非濃縮還原。<br>
3.	添加泰國當地椰子特有品-香水椰子，椰香沁心，清甜爽口，適合運動後補充或日常補水!<br>
4.	不添加更安心：不添加防腐劑、糖、香料，零脂肪，健康加分!
<br><br>
<br>
<br>
<br>
除了市面上的椰子水，你可以有更好的選擇!<br><br>

嚴選統一企業集團泰國公司生產知名椰子水品牌：Coco dee Salam，泰國原裝進口，品質有保證，深受國際市場好評。<br><br>

Coco dee Salam椰子水使用泰國100%新鮮椰子，精心挑選優良椰子品種，用心栽種，每顆椰子都是以人工採摘，篩選符合標準之椰子，製做成Coco dee Salam椰子水。<br><br>

獨家黃金比例，添加泰國當地椰子特有品種-香水椰子，清香椰子，香甜滋味，在口中的極致享受，彷彿來到海島般的清新舒暢，日常補水不負擔，清爽解渴，適合運動後補充，香甜滋味魅力無法擋!","<strong class=""style1"">原料：</strong>椰子水<br />

 <strong class=""style1"">食品添加物：</strong>無 <br />
  <strong class=""style1"">規格（內容量）：</strong>1公升*12瓶/箱<br />
  <strong class=""style1"">產地：</strong>泰國<strong> </strong><br>

<br>
<br>

<br>
  <span class=""style1""><strong>保存期間：</strong></span><strong>15個月（保存期間係指未開封狀態且正常條件下之保存）</strong> 

<br><span class=""style1"">注意事項: </span><br>
(1)	開封後請放置冷藏，並請儘速飲用完畢。<br>
(2)	產品風味和色澤會隨季節有些許不同，為正常現象。
<br>
<br>

  <strong class=""style1"">過敏原資訊：</strong>本產品含堅果。<strong> </strong><br />","
 宅配","https://www.organicshops.cc/product.aspx?id=10902","2026-07-10T07:52:25.096Z"
"12398","24274","有機高纖高鈣亞麻仁堅果粉(袋)","即飲/沖泡","沖泡","商品簡述：
 有機穀物+豆類研磨，添加有機亞麻仁籽
高纖助消化、高鈣好強壯
咬得到有機堅果顆粒，口感加分
無加糖配方，不添加奶精、糊精、人工香料","150","129","/products/12398/main.jpg","","<br>
<br>
<br>
<br>
1. 嚴選有機食材：不用農藥、不施化肥，保護環境更照顧健康<br>
2. 原始穀物香氣：穀物豆類全研磨，添加亞麻仁籽<br>
3. 健康機能訴求：無加糖配方，高纖助消化、高鈣好強壯<br>
4. 多元化營養：有機杏仁、腰果、南瓜子仁整顆打碎，吃得到堅果粒更有口感<br>
5. 不添加更安心：不加蔗糖、奶精、糊精、人工香料、防腐劑<br>
<br>
一杯不到110大卡，就能補充穀物雜糧、植物性蛋白質、堅果油脂的營養，無加糖配方，回歸簡單的食物攝取，身體少負擔。<br><br>

膳食纖維增加飽足感，幫助維持消化道機能；鈣質幫助維持骨骼與牙齒的健康。原料經有機驗證把關，不添加健康又安心。<br>
小包裝方便隨時沖泡一杯，可搭配豆漿、牛奶、其他穀粉，是全家大小補充能量的好選擇。<br>
<br>
有機驗證：<br>
驗證機構：慈心有機驗證股份有限公司<br>
驗證證書字號：1-009-210059","<span class=""style1"">原料: </span>有機黑豆(中國)、有機黃豆(美國)、有機亞麻仁籽(澳洲)、有機黑芝麻、有機燕麥仁、有機黑麥(仁)、有機糙米、有機南瓜子仁、紅藻粉(海藻鈣)、有機黑糯糙米、有機小米、有機大麥、有機杏仁、有機腰果</p>




<br>
＊參考值未訂定<br>
每日參考值：熱量 2000 大卡、蛋白質 60 公克、脂肪 <br>
60 公克、飽和脂肪 18 公克、碳水化合物 300 公克、<br>
鈉 2000 毫克、膳食纖維25公克、鈣1200 毫克。<br>


<br>

<span class=""style1"">成分與規格:</span>25g*7包/袋<br>

<p><span class=""style1"">產地:</span>台灣</p>
<p><span class=""style1"">保存期限</span>: 18個月（係指未開封狀態且正常條件下之保存）<br>

 

<br><span class=""style1"">注意事項: </span><br>
請置於陰涼處常溫保存，避免陽光直射。<br>
沖泡後，產品之沉澱物為穀粉沈澱，飲用前請先攪拌均勻。<br>
<br>
<p><span class=""style1"">過敏原資訊: </span>本產品含大豆、芝麻、種子類、含麩質之穀物及堅果類。","
 宅配、 超商取貨","https://www.organicshops.cc/product.aspx?id=12398","2026-07-10T07:52:31.140Z"
"12397","24284","葡萄糖胺黑榖芝麻粉(袋)","即飲/沖泡","沖泡","商品簡述：
 兩杯提供1500mg葡萄糖胺
高鈣助於維持骨骼的健康
充滿黑芝麻穀物香氣，好喝又營養
高纖無加糖配方，不添加奶精、糊精、人工香料","150","129","/products/12397/main.jpg","","<br>
<br>
<br>
<br>
1.嚴選黑色食材：黑色元素黑芝麻+黑豆+黑糯米+黑木耳滋補<br>
2.取代精製澱粉：多種未精製化米麥、豆類研磨，回歸食材原味<br>
3.健康機能訴求：高纖助消化、高鈣更強壯，無加糖不負擔<br>
4.鞏固配方：兩杯提供1500mg葡萄糖胺，熟齡保健<br>
5.不添加更安心：不加蔗糖、奶精、糊精、人工香料、防腐劑<br>
<br>
<熟齡保健，補充葡萄糖胺的另一種選擇><br>
不只是穀粉：兩杯提供1500mg葡萄糖胺、鈣質幫助維持骨骼與牙齒的健康、植物性蛋白質幫助組織的修復。<br><br>

嚴選黑色食材調配，穀香美味、口感濃厚，膳食纖維增加飽足感，幫助維持消化道機能，嚴選食材好安心，打造全家人健康營養基礎。<br>
小包裝方便隨時沖泡一杯，可搭配豆漿、牛奶、燕麥片，補充能量又能保健的好選擇。
<br>
素食可食用","<span class=""style1"">原料: </span>燕麥粉、黑芝麻、非基因改造黃豆、豆漿粉、燕麥片、黑豆、葡萄糖胺鹽酸鹽、黑糯米、碳酸鈣、黑木耳粉(黑木耳、食鹽)</p>

<p><span class=""style1"">食品添加物名稱:</span>碳酸鈣</p>



<br>
＊參考值未訂定<br>
每日參考值：熱量 2000 大卡、蛋白質 60 公克、脂肪 <br>
60 公克、飽和脂肪 18 公克、碳水化合物 300 公克、<br>
鈉 2000 毫克、膳食纖維25公克、鈣1200 毫克。<br>


<br>

<span class=""style1"">成分與規格:</span>25g*7包/袋<br>

<p><span class=""style1"">產地:</span>台灣</p>
<p><span class=""style1"">保存期限</span>: 18個月（係指未開封狀態且正常條件下之保存）<br>

 

<br><span class=""style1"">注意事項: </span><br>
請置於陰涼處常溫保存，避免陽光直射。<br>
沖泡後，產品之沉澱物為穀粉沈澱，飲用前請先攪拌均勻。<br>


<p><span class=""style1"">過敏原資訊: </span>本產品含有芝麻、含麩質之穀物及大豆。","
 宅配、 超商取貨","https://www.organicshops.cc/product.aspx?id=12397","2026-07-10T07:52:33.251Z"
"8577","24270","有機高纖高鈣亞麻仁堅果粉(1組贈精美提袋x1)","即飲/沖泡","沖泡","商品簡述：
 有機穀物+豆類研磨，添加有機亞麻仁籽更養生
高纖助消化、高鈣好強壯
咬得到有機堅果顆粒，口感加分
無加糖配方，不添加奶精、糊精、人工添加物","990","990","/products/9264/main.jpg","/products/9264/gallery-01.jpg|/products/9264/gallery-02.jpg|/products/9264/gallery-03.jpg","<br>
<br>
<br>
1.	嚴選有機食材：不用農藥、不施化肥，保護環境更照顧健康<br>
2.	原始穀物香氣：穀物豆類全研磨，添加亞麻仁籽更養生<br>
3.	健康機能訴求：無加糖配方，高纖助消化、高鈣好強壯<br>
4.	多元化營養：有機杏仁、腰果、南瓜子仁整顆打碎，吃得到堅果粒更有口感<br>
5.	不添加更安心：不加蔗糖、奶精、糊精、人工香料、防腐劑<br>
<br>
<代餐首選，取代精製澱粉飲食><br>
一杯不到110大卡，就能補充穀物雜糧、植物性蛋白質、堅果油脂的完整營養，無加糖配方，回歸簡單的食物攝取，身體少負擔。<br>
<br>
膳食纖維幫助維持消化道機能、增加飽足感；鈣質幫助維持骨骼與牙齒的健康。<br>
原料經有機驗證把關，不添加健康又安心。<br>
小包裝方便隨時沖泡一杯，可搭配豆漿、牛奶、其他穀粉，是全家大小補充能量的好選擇。<br>
<br>
驗證機構：慈心有機驗證股份有限公司<br>
驗證證書字號：1-009-210059<br>","<span class=""style1"">原料:</span>有機黑豆(中國)、有機黃豆(美國)、有機亞麻仁籽(加拿大)、有機黑芝麻、有機燕麥仁、有機黑麥(仁)、有機糙米、有機南瓜子仁、有機海藻鈣、有機黑糯糙米、有機小米、有機大麥、有機杏仁、有機腰果<br>
<br>

<br>
  <span class=""style1"">食品添加物名稱:</span>無<br>

  <span class=""style1"">規格:</span>25g*30包/盒<br>
  <span class=""style1"">產地:</span>台灣<br>
  <span class=""style1"">保存期限:</span>18個月（保存期間係指未開封狀態且正常條件下之保存）<br>

 
<br><span class=""style1"">注意事項: </span><br>
*請置於陰涼處常溫保存，避免陽光直射。<br>
*沖泡後，產品之沉澱物為穀粉沈澱，飲用前請先攪拌均勻。<br>
食用前請先搖動均勻。<br>
<br>
  <span class=""style1"">過敏原資訊:</span>本產品含大豆、芝麻、種子類、含麩質之穀物及堅果類。<br>","
 宅配、 超商取貨","https://www.organicshops.cc/product.aspx?id=8577","2026-07-10T07:52:37.541Z"
"9898","22094","冷壓初榨橄欖油","廚房料理品","油品","商品簡述：
 ‧義大利原裝進口，選用高等級橄欖油——EXTRA VIRGIN。
‧物理性製油，不含化學溶劑，無任何添加。
‧全程低溫、冷壓榨油，保留更多營養素。
‧不經過精製及氫化，單元不飽和脂肪酸達79%，Omega-9有助維持健康。
‧發煙點160度，可生飲、涼拌、煎、煮、炒。","540","405","/products/12081/main.jpg","/products/12081/gallery-01.jpg","<br>
<br>
<br>

義大利原裝進口，統一生機與歐洲知名油品製造商攜手合作，市場遍布全世界110多個國家，擁有ISO 9001、FSSC、BRC等工廠驗證。擁有完整的品質檢驗，包含碘價、過氧化價、皂化價等等，層層品質把關，讓您吃得安心。<br>
<br>
新鮮橄欖果實經清洗磨碎、冷壓後濾淨。全程使用物理方式製作，不使用化學溶劑萃取和氫化精製，因此保留著果實的營養價值。摘取下的橄欖洗淨、烘乾，直接壓榨，沒有添加任何化學成分。游離脂肪酸(以油酸計)不超過0.8%，為橄欖油等級中的Extra Virgin等級。保留橄欖的原始風味，香氣淡雅。單元不飽和脂肪酸達79%，發煙點160度，適合中溫油炒、拌醬提味、涼拌沙拉、加入麵包沾醬或直接生飲。<br>
<br>
認識橄欖油等級<br>
1. Extra Virgin Olive Oil/ 特級初榨橄欖油<br>
摘取下的橄欖洗淨、烘乾，在攝氏27度以下用物理方式進行壓榨，沒有添加任何化學成分，量少而珍貴。游離脂肪酸(以油酸計)含量 不超過0.8%。<br>
發煙點160-190℃。建議烹飪方式：涼拌、沾麵包、調理沙拉醬、炒。<br>
<br>
2. Virgin Olive Oil/ 初榨橄欖油<br>
採用第一批已榨取過的橄欖，再做二次榨取，品質沒有特級的好。橄欖多酚、蠟質…營養成分下降。游離脂肪酸(以油酸計)不超過2%。<br>
發煙點160-190℃。建議烹飪方式：涼拌、沾麵包、調理沙拉醬、炒。<br>
<br>
3. Ordinary virgin olive oil/ 普通初榨橄欖油<br>
游離脂肪酸(以油酸計)不超過3.3 %。<br>
<br>
4. Pomance Olive Oil/ 橄欖粕油<br>
利用橄欖果渣通過用溶劑、或其他物理方法處理而獲得的油，有化學溶劑殘留的風險，不建議食用。<br>
<br>
看了這麼多橄欖油的分級，最常被消費者問到哪種橄欖油最好？<br>
<br>
其實，上述分級只是依照製程分類，即使同樣是EXTRA VIRGIN冷壓初榨橄欖油等級，風味也差距很大。在歐洲地中海地區，品嚐橄欖油就像品酒一樣，各有不同的鑑賞和喜好，最重要是選擇能融合於食材、以呈現出最佳口感的橄欖油，再加上正確的烹調食用方式，方能在品嚐美食時也能兼顧健康取向。","<p><span class=""style1"">原料:</span>橄欖油</p>
 <p><span class=""style1"">食品添加物名稱:</span>無</p>

<br>


<p><span class=""style1"">保存期限:</span> 24個月(係指未開封狀態且正常條件下之保存)</p>
<p><span class=""style1"">原產地(國): </span>義大利<br>
  <span class=""style1"">產品規格:</span> 500ml/瓶<br>

<span class=""style1"">注意事項: </span><br>
1.	中溫油炒、拌醬，涼拌沙拉或直接生飲。<br>
2.	請勿倒放，並放置乾燥陰涼處，避免陽光直射。<br>
3.	開瓶後，請儘快使用完畢。<br>
4.	若冷藏保存後凝結，為脂肪冷凝現象，回溫後即恢復正常。


<br>
<br>
 <span class=""style1"">過敏原資訊:</span> 無</p>","
 宅配","https://www.organicshops.cc/product.aspx?id=9898","2026-07-10T07:52:43.706Z"
"9895","22096","酪梨油","廚房料理品","油品","商品簡述：
 來自義大利原裝進口，選用優質酪梨原料，Omega-9幫助調整體質。發煙點270度C，可生飲、涼拌沙拉、高溫烹煮及油炸，用途最為廣泛。","450","450","/products/12880/main.jpg","/products/12880/gallery-01.jpg|/products/12880/gallery-02.jpg","<br>
<br>
<br>
<br>
義大利原裝進口，統一生機與歐洲知名油品製造商攜手合作，市場遍布全世界110多個國家，擁有ISO 9001、FSSC、BRC等工廠驗證。擁有完整的品質檢驗，包含碘價、酸價、過氧化價、皂化價等等，層層品質把關，讓您吃得安心。<br>
<br>
選用高品質酪梨原料，優質Omega-9能幫助調整體質；不飽和脂肪酸能維持健康。發煙點270度C，可生飲、涼拌沙拉、高溫烹煮及油炸，用途最廣泛。","<p><span class=""style1"">原料:</span>酪梨油</p>
 <p><span class=""style1"">食品添加物名稱:</span>無</p>

<br>


<p><span class=""style1"">保存期限:</span> 24個月(係指未開封狀態且正常條件下之保存)</p>
<p><span class=""style1"">原產地(國): </span>義大利<br>
  <span class=""style1"">產品規格:</span> 500ml/瓶<br>

<span class=""style1"">注意事項: </span><br>
1.	可生飲、涼拌沙拉，一般烹調之煎、煮、炒、炸皆宜。<br>
2.	請勿倒放，並放置乾燥陰涼處，避免陽光直射。<br>
3.	開瓶後，請儘快使用完畢。
<br>
<br>
 <span class=""style1"">過敏原資訊:</span> 無</p>","
 宅配","https://www.organicshops.cc/product.aspx?id=9895","2026-07-10T07:52:51.310Z"
"9894","22097","葵花籽油","廚房料理品","油品","商品簡述：
 ．義大利原裝原瓶進口
．特選優質葵花籽
．成份單一且油質穩定，煎、煮、炒、炸都適合。","230","230","/products/11892/main.jpg","/products/11892/gallery-01.jpg|/products/11892/gallery-02.jpg","<br>
<br>
<br>
義大利原裝進口，統一生機與歐洲知名油品製造商攜手合作，市場遍布全世界110多個國家，擁有ISO 9001、FSSC、BRC等工廠驗證。擁有完整的品質檢驗，包含碘價、酸價、過氧化價、皂化價等等，層層品質把關，讓您吃得安心。<br>
<br>
1、特選葵花籽，環境乾淨無污染。<br>
2、油質穩定，不飽和脂肪酸達88%。<br>
3、高溫烹調無油煙，油質穩定。<br>
4、用途多元，煎、炒、煮、炸皆宜，為料理時的好幫手。<br>
5、發煙點227度。","<p><span class=""style1"">原料:</span>葵花籽油</p>
 <p><span class=""style1"">食品添加物名稱:</span>無</p>

<br>


<p><span class=""style1"">保存期限:</span> 24個月(係指未開封狀態且正常條件下之保存)</p>
<p><span class=""style1"">原產地(國): </span>義大利<br>
  <span class=""style1"">產品規格:</span> 500ml/瓶<br>

<span class=""style1"">注意事項: </span><br>
1.	一般烹調之煎、煮、炒、炸皆宜，清爽不油膩。<br>
2.	請勿倒放，並放置乾燥陰涼處，避免陽光直射。<br>
3.	開瓶後，請儘快使用完畢。<br>
<br>
 <span class=""style1"">過敏原資訊:</span> 無</p>","
 宅配","https://www.organicshops.cc/product.aspx?id=9894","2026-07-10T07:53:04.187Z"
"4412","20423","日曬海鹽立袋450G","廚房料理品","調味品","商品簡述：
 ※來自聯合國教科文組織生態保留區，孕育原始風貌的潔淨海域，也是瀕臨絕種鳥類的棲息地。
※僅經太陽日曬、風力吹拂自然結晶，保留海水微量礦物質，風味更有層次。
※不添加抗結塊劑，為全台第一家通過慈悅100%無添加潔淨標章的日曬海鹽。","55","55","/products/4412/main.jpg","","<br>
<br>
<br>
*環保日曬法製鹽，保留海水中的微量元素。<br>
*重金屬檢驗合格。<br>
*不添加抗結塊劑及不人工添加碘。<br>
*美味不死鹹，食物更美味<br>
<br>


日曬海鹽是僅透過陽光日曬和微風吹拂，自然蒸發海水而形成的海鹽結晶，完全憑藉自然生態系統取得。從鹽田採收後，只經過去除雜質、磨碎、烘乾、過篩而成，不再精製與漂白。並且不添加抗結塊劑等化學添加物。<br>
日曬海鹽除氯化鈉之外，保留了海水中的微量元素(鉀、鈣、鎂)。細細品嘗，會發現除了鹹味之外，還有一絲甘甜，酌量添加於料理中更能帶出食物原始的風味，讓料理層次更加豐富。

<br>","<P><span class=""style1"">原料</span>:日曬海鹽<br>
<P><span class=""style1"">產地</span>:西班牙<br>
<br>
<p><span class=""style1"">保存期限</span>:三年(保存期間係指未開封狀態且正常條件下之保存)<br>
<br>
<span class=""style1"">規格</span>:450g/袋<br>
<br>



<br>
<br><span class=""style1"">注意事項: </span><br>
1.置於乾燥陰涼處、避免陽光直射。<br>
2.本產品無抗結塊劑，若有輕微結塊，為正常現象。用手輕捏，即可恢復鬆散狀態。<br>","
 宅配、 超商取貨","https://www.organicshops.cc/product.aspx?id=4412","2026-07-10T07:53:08.482Z"
"5825","20457","日曬海鹽2公斤","廚房料理品","調味品","商品簡述：
 採環保日曬製鹽工法，保留海水中微量元素。重金屬合格、不添加抗結塊劑。","198","179","/products/5825/main.jpg","","<br>
<br>
<br>
*環保日曬法製鹽，保留海水中的微量元素。<br>
*重金屬檢驗合格。<br>
*不添加抗結塊劑及不人工添加碘。<br>
*美味不死鹹，食物更美味<br>
<br>


日曬海鹽是僅透過陽光日曬和微風吹拂，自然蒸發海水而形成的海鹽結晶，完全憑藉自然生態系統取得。從鹽田採收後，只經過去除雜質、磨碎、烘乾、過篩而成，不再精製與漂白。並且不添加抗結塊劑等化學添加物。<br>
日曬海鹽除氯化鈉之外，保留了海水中的微量元素(鉀、鈣、鎂)。細細品嘗，會發現除了鹹味之外，還有一絲甘甜，酌量添加於料理中更能帶出食物原始的風味，讓料理層次更加豐富。

<br>","<P><span class=""style1"">原料</span>:日曬海鹽<br>
<br>

<span class=""style1"">產地</span>:西班牙<br>

<br>
<span class=""style1"">保存期限</span>:三年(保存期間係指未開封狀態且正常條件下之保存)<br>
<br>
<span class=""style1"">規格</span>:2公斤/袋<br>
<br>



<br>
<br><span class=""style1"">注意事項: </span><br>
1.置於乾燥陰涼處、避免陽光直射。 <br>
2.本品無結塊劑，若有輕微結塊，為正常現象。用手輕捏，即可恢復鬆散狀態。","
 宅配、 超商取貨","https://www.organicshops.cc/product.aspx?id=5825","2026-07-10T07:53:10.602Z"
"4387","20427","日曬海鹽（小罐）","廚房料理品","調味品","商品簡述：
 採環保日曬製鹽工法，保留海水中微量元素。重金屬合格、不添加抗結塊劑。","65","65","/products/4387/main.jpg","","<br>
<br>
<br>
*環保日曬法製鹽，保留海水中的微量元素。<br>
*重金屬檢驗合格。<br>
*不添加抗結塊劑及不人工添加碘。<br>
*美味不死鹹，食物更美味<br>
<br>


日曬海鹽是僅透過陽光日曬和微風吹拂，自然蒸發海水而形成的海鹽結晶，完全憑藉自然生態系統取得。從鹽田採收後，只經過去除雜質、磨碎、烘乾、過篩而成，不再精製與漂白。並且不添加抗結塊劑等化學添加物。<br>
日曬海鹽除氯化鈉之外，保留了海水中的微量元素(鉀、鈣、鎂)。細細品嘗，會發現除了鹹味之外，還有一絲甘甜，酌量添加於料理中更能帶出食物原始的風味，讓料理層次更加豐富。

<br>","<P><span class=""style1"">原料</span>:日曬海鹽<br>
<br>

<span class=""style1"">產地</span>:西班牙<br>

<br>
<span class=""style1"">保存期限</span>:三年(保存期間係指未開封狀態且正常條件下之保存)<br>
<br>
<span class=""style1"">規格</span>:300g/罐<br>
<br>



<br>
<br><span class=""style1"">注意事項: </span><br>
1.置於乾燥陰涼處、避免陽光直射。<br>
2.本產品無抗結塊劑，若有輕微結塊，為正常現象。用手輕捏，即可恢復鬆散狀態。","
 宅配、 超商取貨","https://www.organicshops.cc/product.aspx?id=4387","2026-07-10T07:53:12.717Z"
"2077","17002","有機枸杞","廚房料理品","乾貨","商品簡述：
 來自青海的有機枸杞，採有機農法栽種，德國Kiwa BCS有機驗證。
枸杞糖份高，且顆粒大、果肉飽滿厚實。","280","238","/products/12506/main.jpg","/products/12506/gallery-01.jpg|/products/12506/gallery-02.jpg|/products/12506/gallery-03.jpg|/products/12506/gallery-04.jpg","</P>
</P>
</P>
</P>
位於高海拔地區，遠離塵囂，當地氣候為日照長、溫差大、雲量少，輔以山脈融雪灌溉，孕育出的有機枸杞糖份高，且顆粒大、果肉飽滿厚實。<br>
採摘枸杞後，經過清洗、日曬、鼓風機去除雜質、過篩分級、選色、烘乾、人工挑選、包裝，運送，層層把關；由於枸杞甜度高，易受蟲害，一般枸杞栽種過程中為了要
讓枸杞生長得漂亮，會大量施用農藥化肥，食用這類枸杞可能會有農殘疑慮。<br>
因此統一生機的有機枸杞，堅持不使用農藥、不用二氧化硫薰蒸，不添加防腐劑、不添加人工色素。歷經多次檢驗合格，確保品質，安全有保障，更是彌足珍貴。<br>

驗證機構：慈心有機驗證股份有限公司<br>
驗證證書字號：第1-009-210007號<br>","<p><span class=""style1"">原料</span>：有機枸杞</p>
<p><span class=""style1"">規格</span>：150g/包</p>
<p><span class=""style1"">產地</span>：中國大陸</p>
<p><span class=""style1"">保存期限</span>：12個月</p>

<BR>

<p><span class=""style1"">注意事項</span>：<br>
1.	內附脫氧劑及乾燥劑，請勿食用。<br>
2.	請於清洗後烹調食用：因有機枸杞採收後為自然曝曬風乾，偶有夾雜沙塵碎葉，品質無虞，使用前經清洗即可。<br>
3.	產品表面若有些許白色粉末為清洗有機枸杞果蠟的食品級小蘇打粉，請於清洗後烹調，請安心食用。","
 宅配、 超商取貨","https://www.organicshops.cc/product.aspx?id=2077","2026-07-10T07:53:14.859Z"
"8583","17002","有機枸杞(3件組)(超取免運)","廚房料理品","乾貨","商品簡述：
 來自青海的有機枸杞，採有機農法栽種，德國Kiwa BCS有機驗證。
枸杞糖份高，且顆粒大、果肉飽滿厚實。","840","597","/products/12506/main.jpg","/products/12506/gallery-01.jpg|/products/12506/gallery-02.jpg|/products/12506/gallery-03.jpg|/products/12506/gallery-04.jpg","</P>
</P>
</P>
</P>
位於高海拔地區，遠離塵囂，當地氣候為日照長、溫差大、雲量少，輔以山脈融雪灌溉，孕育出的有機枸杞糖份高，且顆粒大、果肉飽滿厚實。<br>
採摘枸杞後，經過清洗、日曬、鼓風機去除雜質、過篩分級、選色、烘乾、人工挑選、包裝，運送，層層把關；由於枸杞甜度高，易受蟲害，一般枸杞栽種過程中為了要讓枸杞生長得漂亮，會大量施用農藥化肥，食用這類枸杞可能會有農殘疑慮。<br>
因此統一生機的有機枸杞，堅持不使用農藥、不用二氧化硫薰蒸，不添加防腐劑、不添加人工色素。歷經多次檢驗合格，確保品質，安全有保障，更是彌足珍貴。<br>

驗證機構：慈心有機驗證股份有限公司<br>
驗證證書字號：第1-009-210007號<br>","<p><span class=""style1"">原料</span>：有機枸杞</p>
<p><span class=""style1"">規格</span>：150g/包</p>
<p><span class=""style1"">產地</span>：中國大陸</p>
<p><span class=""style1"">保存期限</span>：12個月</p>

<BR>

<p><span class=""style1"">注意事項</span>：<br>
1.	內附脫氧劑及乾燥劑，請勿食用。<br>
2.	請於清洗後烹調食用：因有機枸杞採收後為自然曝曬風乾，偶有夾雜沙塵碎葉，品質無虞，使用前經清洗即可。<br>
3.	產品表面若有些許白色粉末為清洗有機枸杞果蠟的食品級小蘇打粉，請於清洗後烹調，請安心食用。","
 宅配、 超商取貨","https://www.organicshops.cc/product.aspx?id=8583","2026-07-10T07:53:20.860Z"
"864","17020","有機大紅棗","廚房料理品","乾貨","商品簡述：
 *全程不使用農藥與化學肥料
*取得慈心有機驗證。慈心有機驗證股份有限公司 第1-009-210007號
*不使用二氧化硫薰蒸
*不添加人工色素、香料及防腐劑","260","221","/products/12472/main.jpg","/products/12472/gallery-01.jpg","<br>

<br>

<br>

<br>
&nbsp;&nbsp;&nbsp;&nbsp;紅棗自古以來被譽為百果之王，在料理、甜品、中藥藥材上皆可用到，是社會大眾常用的營養滋補品。但您知道嗎？市面上的紅棗來源分歧，品質參差不齊，消費者難以辨識當中的詭妙之處，如挑選到品質不佳的補品。不僅荷包受傷，恐怕體內也累積過多的有害物質，補身不成，反而傷身。<br>
<br>
&nbsp;&nbsp;&nbsp;&nbsp;統一生機 - 有機大紅棗從農場、包裝、運送、入庫，層層把關，經SGS檢驗無農藥檢出，食用安心有保障，用心為您的健康把關，讓您安心享用。<br>
<br>
驗證機構：慈心有機驗證股份有限公司<br>
驗證證書字號：第1-009-210007號<br>
<br>
*紅棗、枸杞選級小撇步<br>

<br>
<br>

*健康新食譜 – 養氣棗杞茶：<br>
*材料：20g有機枸杞、20g有機紅棗、300ml熱水<br>
*做法：<br>
1. 取出枸杞、紅棗進行清洗<br>
2. 將紅棗適當輕劃幾刀，釋放其營養及甜味<br>
3. 加入熱水烹煮或沖泡15~20分鐘<br>
Ps. 視個人喜好，可再加入適量冰糖調味<br>","<p><span class=""style1"">原料</span>：有機紅棗<br />
<br>

<br>
<br>

<p><span class=""style1"">規格</span>：300g/包</p>

<p><span class=""style1"">產地</span>：中國大陸</p>

<p><span class=""style1"">保存期限</span>：12個月 </p>
<p><span class=""style1"">注意事項</span>：室溫保存，避免置於潮濕、高溫、日曬場所。開封後請冷藏，並儘早食用。</p>","
 宅配、 超商取貨","https://www.organicshops.cc/product.aspx?id=864","2026-07-10T07:53:27.220Z"
"12807","55913","【限量】Tefal法國特福巧變精靈系列6件組—奶茶粉(IH爐/電磁爐適用)","廚房料理品","鍋具用品","商品簡述：
 *絕美奶茶色，訂製恬靜優雅的法式餐桌風景
*法國製，3鍋+2蓋，可煎/煮/炒/烤/煮湯/川燙
*可拆把手，一鍋多用，輕鬆上桌
*極致礦物強化不沾塗層，抗刮耐磨
*限量150組，售完為止
*不適用於超商取貨
*以加購活動購買單筆訂單限購一組
*本商品將與其他訂單商品分開配送
*本商品不配合贈送購物金、滿額贈贈品與生日折扣，購物金獲得將以扣除加購價金額後計算","7499","3999","/products/12807/main.jpg","","<br>
<br>
<br>
<br>
<br>
<br>
<br>
<br>
<br>
*3鍋+2蓋，煎、炒、煮湯一餐輕鬆完成，聰明煮食好方便。<br>
*可拆式把手，一鍋多用、簡單優雅、輕鬆上手。<br>
*可拆除把手後進出烤箱、上菜自由優雅、收納自由從容、進洗碗機不卡卡。<br>
*多尺寸鍋型可堆疊收納，輕鬆多出50%空間。<br>
*MINERALIA+礦物微粒子強化塗層科技，法國特福獨家研發塗層再升級，同時添加高密度、高硬度的礦物，抗磨且超持久耐用，帶來卓越的不沾效果，打造優雅煮食生活。<br>
*法國生產製造原裝進口，塗層經法國國家認可機構檢定，符合法國及歐洲鍋具安全規定，不含PFOA，安全可靠。<br>
*獨家技術佳溫紅心，180°C時紅心會改變顏色，熱鍋完成一看即知。<br>
*特快傳熱技術搭配加寬10mm的厚實磁化不鏽鋼底部，熱力傳導更快更均勻，IH電磁爐同樣快速加熱。<br>
*鍋具內外皆有不沾處理更不易髒，放入洗碗機清洗也沒有問題。<br>
<br>
*統一生機保有活動修改權利。

<br>
<br>
<br>
<br>","<span class=""style1"">組合內含：</span>

28cm平底鍋＋26cm炒鍋＋18cm湯鍋＋18cm玻璃鍋蓋＋18cm保鮮蓋＋可拆式把手
(限量150組，售完為止。)<br><br>

<span class=""style1"">品名：</span>法國特福巧變精靈系列鍋具
（尺寸及鍋型依彩盒所示）<br>
<br>
<span class=""style1"">材質：</span>鋁合金、電木塑膠、不鏽鋼、不沾塗層 (PTFE，耐熱溫度250°C) 、玻璃(如含玻璃鍋蓋)、聚乙烯(如含塑膠鍋蓋，耐熱溫度-45°C~50°C)<br>


<br>

<span class=""style1"">產地 : </span>法國 (鍋蓋除外)<br>
<span class=""style1"">製造日期：</span>2026年1月5日      <br>  

<span class=""style1"">有效期限： </span>無<br>

<span class=""style1"">製造商： </span>TEFAL S.A.S.    <br> 

<span class=""style1"">製造商電話： </span>+334 5088 5555<br>

<span class=""style1"">製造商地址： </span>Zi des Granges-BP 89-74156 Rumilly Cedex France<br>

<span class=""style1"">進口商： </span>香港商台灣賽博股份有限公司台灣分公司<br>

<span class=""style1"">進口商地址： </span>台北市士林區德行西路37號4樓<br>
<span class=""style1"">消費者服務專線： </span>02-7743-0640<br>

(週一至週五 上午9:00-12:00 / 下午14:00-18:00)<br>

<br>

巧變精靈系列鍋具注意事項(本產品供重複使用)：<br>
1.烹調時請拆除把手，並請將火力控制於鍋底範圍，以免把手損壞。<br>
2.請勿將把手置於洗碗機中清洗，且勿放入烤箱或微波爐中使用。<br>
3.請勿將把手用於其他非巧變精靈鍋具，或是拿取超過10公斤以上物品，以免發生危險。<br>
4.請將把手放於孩童無法拿取之處。<br>
5.如果把手損壞或是鍋子變形，請勿持續使用，以免發生危險。<br>
6.使用烤箱時，請勿超過250°C；請勿將鍋蓋放入烤箱或微波爐中。 <br>
7.把手保固僅限正常使用狀況下，把手因人為因素燒毀、摔壞、泡水等皆不在保固範圍內。<br>
8.如用洗碗機清洗鍋具，請使用溫和洗滌劑，或建議手洗，以延長鍋子的使用期限。","
 宅配","https://www.organicshops.cc/product.aspx?id=12807","2026-07-10T07:53:29.354Z"
"8692","17048","有機枸杞原汁(10件組)","保健食品","保健食品","商品簡述：
 *100%有機枸杞鮮果壓榨，不加水、蔗糖，非濃縮還原
*不添加防腐劑、人工色素及香料
*每包(30ml)相當於90公克新鮮枸杞
*軟袋隨身包，隨時補充枸杞精華","7200","3500","/products/12677/main.jpg","/products/12677/gallery-01.jpg|/products/12677/gallery-02.jpg","<br>
<br>
<br>
<br>
喝的枸杞新上市！隨時補充枸杞精華<br>
一天一包，營養補給、健康維持，生活晶彩明亮！<br>
眾多使用枸杞之愛好者敲碗已久的「有機枸杞原汁」上市囉！統一生機特別挑選不使用農藥和化學肥料栽種之有機枸杞鮮果，來自地廣人稀的枸杞之鄉-青海，枸杞鮮果皮薄易破，須全程手工採摘，經物理式兩道研磨，口感細緻滑順，不添加水、蔗糖，非濃縮還原，100%來自有機枸杞鮮果。<br>
<br>
不添加防腐劑、人工色素及香料，不添加人工添加物，安心實在。<br>
使用軟袋隨身包，特別推薦給需要營養補充者、忙碌的上班族，一天一包，方便好攜帶！<br>
*精選無農藥和化肥栽培有機枸杞鮮果，手工採摘，冷鏈運輸專業加工。<br>
*不加水物理式兩道細緻研磨，滿滿枸杞鮮果精華。<br>
*不添加防腐劑、人工色素及香料；不添加檸檬酸、維生素Ｃ，風味純粹。<br>
*軟袋隨身包，方便隨時補充營養，每包(30ml)枸杞汁，相當於90公克枸杞(約80顆)。<br>



<br>
有機驗證機構名稱：采園生態驗證有限公司  <br>
驗證證書字號：1-008-202001
<br>","<strong class=""style1"">原料：</strong>有機枸杞(中國)<br />

 <strong class=""style1"">食品添加物：</strong>無 <br />
  <strong class=""style1"">規格（內容量）：</strong>30毫升*10包/盒 <br />
  <strong class=""style1"">原產地(國)：</strong>中國大陸<strong> </strong><br />
  <span class=""style1""><strong>保存期間：</strong></span><strong>18個月</strong>
<br>
<br>
<br>
<br><span class=""style1"">注意事項: </span><br>
*請置於乾燥陰涼處、避免陽光直射。<br>
*開封後請儘快飲用完畢，冷藏後風味更佳。<br>
*本產品為枸杞鮮果壓榨而成，如有果肉沉澱屬自然現象。<br>
*建議用量一天一包，飯後飲用。<br>
*孕婦可飲用，一歲以下幼兒不建議飲用；若有疾病、服用藥物或肝腎功能不佳者食用前請先諮詢醫師。<br>

<br>
 <strong class=""style1"">過敏原資訊：</strong>無 <br />","
 宅配、 超商取貨","https://www.organicshops.cc/product.aspx?id=8692","2026-07-10T07:53:31.438Z"
"8409","17048","有機枸杞原汁","保健食品","保健食品","商品簡述：
 *100%有機枸杞鮮果壓榨，不加水、蔗糖，非濃縮還原
*不添加防腐劑、人工色素及香料
*每包(30ml)相當於90公克新鮮枸杞
*軟袋隨身包，隨時補充枸杞精華","720","720","/products/12677/main.jpg","/products/12677/gallery-01.jpg|/products/12677/gallery-02.jpg","<br>
<br>
<br>
<br>
喝的枸杞新上市！隨時補充枸杞精華<br>
一天一包，營養補給、健康維持，生活晶彩明亮！<br>
眾多使用枸杞之愛好者敲碗已久的「有機枸杞原汁」上市囉！統一生機特別挑選不使用農藥和化學肥料栽種之有機枸杞鮮果，來自地廣人稀的枸杞之鄉-青海，枸杞鮮果皮薄易破，須全程手工採摘，經物理式兩道研磨，口感細緻滑順，不添加水、蔗糖，非濃縮還原，100%來自有機枸杞鮮果。<br>
<br>
不添加防腐劑、人工色素及香料，不添加人工添加物，安心實在。<br>
使用軟袋隨身包，特別推薦給需要營養補充者、忙碌的上班族，一天一包，方便好攜帶！<br>
*精選無農藥和化肥栽培有機枸杞鮮果，手工採摘，冷鏈運輸專業加工。<br>
*不加水物理式兩道細緻研磨，滿滿枸杞鮮果精華。<br>
*不添加防腐劑、人工色素及香料；不添加檸檬酸、維生素Ｃ，風味純粹。<br>
*軟袋隨身包，方便隨時補充營養，每包(30ml)枸杞汁，相當於90公克枸杞(約80顆)。<br>



<br>
有機驗證機構名稱：采園生態驗證有限公司  <br>
驗證證書字號：1-008-202001
<br>","<strong class=""style1"">原料：</strong>有機枸杞(中國)<br />

 <strong class=""style1"">食品添加物：</strong>無 <br />
  <strong class=""style1"">規格（內容量）：</strong>30毫升*10包/盒 <br />
  <strong class=""style1"">原產地(國)：</strong>中國大陸<strong> </strong><br />
  <span class=""style1""><strong>保存期間：</strong></span><strong>18個月</strong>
<br>
<br>
<br>
<br><span class=""style1"">注意事項: </span><br>
*請置於乾燥陰涼處、避免陽光直射。<br>
*開封後請儘快飲用完畢，冷藏後風味更佳。<br>
*本產品為枸杞鮮果壓榨而成，如有果肉沉澱屬自然現象。<br>
*建議用量一天一包，飯後飲用。<br>
*孕婦可飲用，一歲以下幼兒不建議飲用；若有疾病、服用藥物或肝腎功能不佳者食用前請先諮詢醫師。<br>

<br>
 <strong class=""style1"">過敏原資訊：</strong>無 <br />","
 宅配、 超商取貨","https://www.organicshops.cc/product.aspx?id=8409","2026-07-10T07:53:35.516Z"
"9976","17053","有機枸杞原汁350ml(瓶)","保健食品","保健食品","商品簡述：
 *特選珍貴有機枸杞鮮果榨汁，每批檢驗合格。
*一天一杯30ml(內附量杯)，晶亮舒適。","499","499","/products/12644/main.jpg","/products/12644/gallery-01.jpg|/products/12644/gallery-02.jpg","<br>
<br>
<br>
<br>
大瓶裝上市！有機枸杞原汁<br>
鎖住鮮果的豐富營養，讓您隨時補充枸杞精華！晶采明亮！<br>
大瓶裝的「有機枸杞原汁」上市囉！如果您已經養成每日飲用有機枸杞原汁的習慣，可以考慮在家裡備有一瓶350ml大瓶裝，經濟又實惠！特別推薦給長期使用者、家庭用戶。<br>
內附30ml量杯，每日一小杯30ml補充枸杞鮮果所含的營養素。<br>
<br>
統一生機特選不使用農藥和化學肥料栽種之有機枸杞鮮果，來自地廣人稀的枸杞之鄉-青海，枸杞鮮果皮薄易破，全程手工採摘，經物理式兩道研磨，口感細緻滑順。不添加防腐劑，不添加水、非濃縮還原，保留枸杞原汁營養。<br>
<br>
<br>
<br>
*每批農藥殘留檢驗合格，安心飲用。
<br>
<br>
有機驗證機構名稱：采園生態驗證有限公司<br>
驗證證書字號：1-008-202001<br>","<strong class=""style1"">原料：</strong>有機枸杞(中國)、維生素C(抗氧化劑)<br />

 <strong class=""style1"">食品添加物：</strong>維生素C(抗氧化劑) <br />
  <strong class=""style1"">規格（內容量）：</strong>350毫升/瓶 <br />
  <strong class=""style1"">產地：</strong>中國大陸<strong> </strong><br />
  <span class=""style1""><strong>保存期間：</strong></span><strong>18個月</strong> 
<br>
<br>
<br>
<br><span class=""style1"">注意事項: </span><br>
*請置於乾燥陰涼處、避免陽光直射。<br>
*開封後請冷藏，並於十天內飲用完畢，冷藏後風味更佳。<br>
*本產品為枸杞鮮果壓榨而成，如有果肉沉澱屬自然現象。<br>
<br>
  <strong class=""style1"">過敏原資訊：</strong>無 <br />","
 宅配","https://www.organicshops.cc/product.aspx?id=9976","2026-07-10T07:53:39.592Z"
"11910","33132","太生利純淨液態皂-草之氣2.0(贈送潤膚乳60ml一瓶或潔膚巾一個或蘆薈膠一瓶、贈品隨機贈送恕無法指定)","生活日用","個人清潔","商品簡述：
 以艾草精油為主基調的自然系香氛，使用後帶來清淨身心、去除汙穢的安心感。
精選植物油製成，不使用石化界面活性劑；不添加防腐劑、化學香精和人工色素，全成分中文標示，看得懂，好放心！","490","490","/products/11910/main.jpg","/products/11910/gallery-01.jpg","<br>
<br>
<br>
<strong><u>成分看得懂，清潔肌膚才放心</u></strong><br>
肌膚清潔用品也要Clean label！太生利純淨液態皂成分簡單，精選植物油、純精油、植物萃取液、甘油、海藻膠和鹼液。採用中英文同步標示，沒有複雜的化學名詞，看得懂就很放心。<br>
和市售沐浴乳不同，純淨液態皂不使用石化界面活性劑，只使用植物油為主要基底，經獨家研發技術製作而成。

<br>
<br>
<u><strong>用料下重本，心意看得見</strong></u><br>
每瓶純淨液態皂僅使用植物油為基底，其中含72%進口冷壓橄欖油，與聞名全球的馬賽皂比例相同，因此液態皂呈現出如同橄欖油一般，淡淡的透明綠色，完全不添加人工色素。<br>
堅持不使用化學香精，只採用大自然花果草木萃取而成的純精油，而每瓶液態皂即含有20ml純精油，用料真的很實在。自然而不刺鼻的香味，讓沐浴成了每天最快樂放鬆的時光。

<br>
<br>
<u><strong>不只沒有香精色素，防腐劑也掰掰</strong></u><br>
市售沐浴乳因為成分中有相當高比例的純水，不可避免地一定要添加防腐劑，才能抑制細菌滋長。有些品牌會宣稱不添加Paraben防腐劑，但仍有添加其他防腐成分。<br>
純淨液態皂整瓶使用大量植物油為基底，不添加任何防腐成分，使用起來不怕造成肌膚多餘負擔。


<br>
<br>
<span class=""style1"">廠商資訊:</span><br>
製造商名稱：鈦生利企業有限公司<br>
製造商地址：新北市新莊區五權二路20號五樓之9<br>
製造商電話：02-22983848<br>","<span class=""style1"">原料:</span>水、橄欖油、甘油、氫氧化鉀、蓖麻油、椰子油、艾草精油、鼠尾草精油、苦橙精油、尤加利精油、白千層精油、海藻膠、檀香油、丁香精油。
Ingredients ：Water, Olive Oil, Glycerol, Potassium Hydroxide, Castor Oil, Coconut Oil, Tarragon Essential Oil, Sage Oil, Orange Bitter Essential Oil, Eucalyptus Essential Oil, Cajeput Essential Oil, Carrageenan, Sandalwood Oil, Clove Essential Oil


<br>
<br>
<span class=""style1"">規格:</span>1000ML/瓶<br>
<br>
<span class=""style1"">產地:</span>台灣<br>
<br>
<span class=""style1"">用途:</span>身體清潔用<br>
<br>


<span class=""style1"">保存期限:</span>24個月，開封後6個月用畢<br>

<br><span class=""style1"">注意事項: </span><br>
1.	請置於乾燥陰涼處，避免陽光直射。<br>
2.	因採用精油且不添加不流淚配方，眼瞼較敏感請避開眼睛四周，如不慎誤入眼睛請用清水沖 
 洗，異物感即可清除，本產品添加精油成份，對精油敏感者請斟酌使用，若有不適請立即停用，
 並洽詢專業醫師。

<br>","
 宅配、 超商取貨","https://www.organicshops.cc/product.aspx?id=11910","2026-07-10T07:53:43.695Z"
"8034","33126","太生利純淨液態皂─木之氣(贈送潤膚乳60ml一瓶或潔膚巾一個或蘆薈膠一瓶、贈品隨機贈送恕無法指定)","生活日用","個人清潔","商品簡述：
 用以清潔肌膚，促進肌膚新陳代謝，維持肌膚健康。
以雪松精油為主基調的木質系香氛，低調不張揚，給人沉穩、安定感。
精選植物油製成，不使用石化界面活性劑；不添加防腐劑、化學香精和人工色素，全成分中文標示，看得懂，好放心！","490","490","/products/8034/main.jpg","/products/8034/gallery-01.jpg","<br>
<strong><u>成分看得懂，清潔肌膚才放心</u></strong><br>
肌膚清潔用品也要Clean label！太生利純淨液態皂成分簡單，只有精選植物油、純精油、植物萃取液、甘油、海藻膠和鹼液。採用中英文同步標示，沒有複雜的化學名詞，看得懂就很放心。<br>
和市售沐浴乳不同，純淨液態皂不使用石化界面活性劑，只使用植物油為主要基底，經獨家研發技術製作而成。<br>
<br>
<u><strong>用料下重本，心意看得見</strong></u><br>
每瓶純淨液態皂僅使用植物油為基底，其中含72%進口冷壓橄欖油，與聞名全球的馬賽皂比例相同，因此液態皂呈現出如同橄欖油一般，淡淡的透明綠色，完全不添加人工色素。<br>
堅持不使用化學香精，只採用大自然花果草木萃取而成的純精油，市售較常見的純精油種類，一瓶5ml市價約150~450元，而每瓶液態皂即含有20ml純精油，用料真的很實在。自然而不刺鼻的香味，讓沐浴成了每天最快樂放鬆的時光。<br>
<br>
<u><strong>不只沒有香精色素，防腐劑也掰掰</strong></u><br>
市售沐浴乳因為成分中有相當高比例的純水，不可避免地一定要添加防腐劑，才能抑制細菌滋長。有些品牌會宣稱不添加Paraben防腐劑，但仍有添加其他防腐成分。<br>
純淨液態皂整瓶使用大量植物油為基底，不添加任何防腐成分，使用起來不怕造成肌膚多餘負擔。<br>
<br>
<u><strong>一天多1.5元，對自己好一點</strong></u><br>
純淨液態皂的真材實料，也反映在價格上，看單瓶價格，會覺得比起市售沐浴乳貴上不少。但以一瓶讓一個人用上半年來說，每日洗澡約花費2.33元；市售1000ml沐浴乳約160元，用半年每日洗澡花費0.89元。一天多不到1.5元，用在肌膚上的成分卻大不相同！對自己好一點，因為妳/你值得！
<br>
<br>
<span class=""style1"">廠商資訊:</span><br>
製造商名稱：鈦生利企業有限公司<br>
製造商地址：新北市新莊區五權二路20號五樓之9<br>
製造商電話：02-22983848<br>
產品責任險：本公司商品已投保國泰世紀產物產品責任保險-保單號碼151609PD01328","<span class=""style1"">原料:</span>水、橄欖油、甘油、氫氧化鉀、蓖麻油、椰子油、雪松精油、葡萄柚精油、海藻膠、甜橙精油、檸檬精油、廣藿香精油、檀香油、丁香精油、馬尾草萃取液<br>
Ingredients：Water, Olive Oil, Glycerol, Potassium Hydroxide, Castor Oil, Coconut Oil, Cedrus Atlanticus Oil, Grapefruit Absolute Essential Oil, Carrageenan, Citrus Aurantium Dulcis Oil, Lemon Essential Oil, Pogostemon Cablin Oil, Sandalwood Oil, Clove Essential Oil, Horse Tail Grass Extract

<br>
<br>
<span class=""style1"">規格:</span>1000ML/瓶<br>
<br>
<span class=""style1"">產地:</span>台灣<br>
<br>
<span class=""style1"">用途:</span>身體清潔用<br>
<br>
<span class=""style1"">使用方法:</span>取適量產品搓揉起泡後塗抹全身，再以清水洗淨即可。因產品無添加起泡成分，建議搭配潔膚巾或沐浴球使用，起泡效果更佳。<br>
<br>
<span class=""style1"">保存期限:</span>24個月<br>

<br><span class=""style1"">注意事項: </span><br>
1.	請置於乾燥陰涼處，避免陽光直射。<br>
2.	本產品添加精油成分，且無添加不流淚配方，眼瞼較敏感請避開眼睛四周，如不慎誤入眼睛請用清水沖洗，異物感即可清除。對精油敏感者請斟酌使用，若有不適請立即停用，並洽詢專業醫師。<br>
3.	本產品未添加防腐劑，開封後請於6個月內使用完畢。
<br>","
 宅配、 超商取貨","https://www.organicshops.cc/product.aspx?id=8034","2026-07-10T07:53:46.740Z"
"8035","33127","太生利純淨液態皂─果之氣(贈送潤膚乳60ml一瓶或潔膚巾一個或蘆薈膠一瓶、贈品隨機贈送恕無法指定)","生活日用","個人清潔","商品簡述：
 用以清潔肌膚，促進肌膚新陳代謝，維持肌膚健康。
以葡萄柚精油為主基調的柑橘系香氛，明亮而微甜的果香，給人活潑、愉快感。
精選植物油製成，不使用石化界面活性劑；不添加防腐劑、化學香精和人工色素，全成分中文標示，看得懂，好放心！","490","490","/products/8035/main.jpg","","*以橄欖油和酪梨油為基底，其中含72%進口冷壓橄欖油。<br>
*五種植萃成分：葡萄柚精油、檸檬精油、廣藿香精油、甜橙精油、人參萃取液。<br>
*不含石化界面活性劑、重金屬、壬基苯酚、矽靈。<br>
*不添加防腐劑、化學香精和人工色素。

<br>
<br>
<br>
<strong><u>成分看得懂，清潔肌膚才放心</u></strong><br>
肌膚清潔用品也要Clean label！太生利純淨液態皂成分簡單，只有精選植物油、純精油、植物萃取液、甘油、海藻膠和鹼液。採用中英文同步標示，沒有複雜的化學名詞，看得懂就很放心。<br>
和市售沐浴乳不同，純淨液態皂不使用石化界面活性劑，只使用植物油為主要基底，經獨家研發技術製作而成。<br>
<br>
<u><strong>用料下重本，心意看得見</strong></u><br>
每瓶純淨液態皂僅使用植物油為基底，其中含72%進口冷壓橄欖油，與聞名全球的馬賽皂比例相同，因此液態皂呈現出如同橄欖油一般，淡淡的透明綠色，完全不添加人工色素。<br>
堅持不使用化學香精，只採用大自然花果草木萃取而成的純精油，市售較常見的純精油種類，一瓶5ml市價約150~450元，而每瓶液態皂即含有20ml純精油，用料真的很實在。自然而不刺鼻的香味，讓沐浴成了每天最快樂放鬆的時光。<br>
<br>
<u><strong>不只沒有香精色素，防腐劑也掰掰</strong></u><br>
市售沐浴乳因為成分中有相當高比例的純水，不可避免地一定要添加防腐劑，才能抑制細菌滋長。有些品牌會宣稱不添加Paraben防腐劑，但仍有添加其他防腐成分。<br>
純淨液態皂整瓶使用大量植物油為基底，不添加任何防腐成分，使用起來不怕造成肌膚多餘負擔。<br>
<br>
<u><strong>一天多1.5元，對自己好一點</strong></u><br>
純淨液態皂的真材實料，也反映在價格上，看單瓶價格，會覺得比起市售沐浴乳貴上不少。但以一瓶讓一個人用上半年來說，每日洗澡約花費2.33元；市售1000ml沐浴乳約160元，用半年每日洗澡花費0.89元。一天多不到1.5元，用在肌膚上的成分卻大不相同！對自己好一點，因為妳/你值得！
<br>


<br>
<span class=""style1"">廠商資訊:</span><br>
製造商名稱：鈦生利企業有限公司<br>
製造商地址：新北市新莊區五權二路20號五樓之9<br>
製造商電話：02-22983848<br>
產品責任險：本公司商品已投保國泰世紀產物產品責任保險-保單號碼151609PD01328","<span class=""style1"">原料:</span>冷壓橄欖油、酪梨油、葡萄柚精油、檸檬精油、廣藿香精油、甜橙精油、人參萃取液、甘油、海藻膠、鹼液<br>
Ingredient: Olive oil, Avocado oil, Grapefruit absolute essential oil, Lemon oil, Pogostemon cablin oil, Citrus aurantium dulcis oil, Ginseng extract, Glycerol, Carrageenan, water, potassium hydroxide.
<br>
<br>
<span class=""style1"">規格:</span>1000ML/瓶<br>
<br>
<span class=""style1"">產地:</span>台灣<br>
<br>
<span class=""style1"">用途:</span>身體清潔用<br>
<br>
<span class=""style1"">使用方法:</span>取適量產品搓揉起泡後塗抹全身，再以清水洗淨即可。因產品無添加起泡成分，建議搭配潔膚巾或沐浴球使用，起泡效果更佳。<br>
<br>
<span class=""style1"">保存期限:</span>24個月<br>

<br><span class=""style1"">注意事項: </span><br>
1.	請置於乾燥陰涼處，避免陽光直射。<br>
2.	本產品添加精油成分，且無添加不流淚配方，眼瞼較敏感請避開眼睛四周，如不慎誤入眼睛請用清水沖洗，異物感即可清除。對精油敏感者請斟酌使用，若有不適請立即停用，並洽詢專業醫師。<br>
3.	本產品未添加防腐劑，開封後請於6個月內使用完畢。
<br>","
 宅配、 超商取貨","https://www.organicshops.cc/product.aspx?id=8035","2026-07-10T07:53:49.820Z"
"6952","33121","無磷濃縮洗碗精 (朝露柑橘)","生活日用","居家用品","商品簡述：
 當您為家人精心挑選無農藥、無毒、有機的蔬果，記得家中的清潔用品，也需要安心與安全嗎?

統一生機推出全新系列~清潔用品，不含甲醛、全磷酸鹽、壬基苯酚、三氯沙、重金屬、螢光劑、漂白劑，讓您用得安心，也跟我們一起守護環境！","169","144","/products/6952/main.png","/products/6952/gallery-01.jpg","<br>
<br>

<br>
<br>","<p><span class=""style1"">成分：</span> 
 月桂醇聚醚硫酸酯鈉、椰油醯胺丙基甜菜鹼、苯甲酸鈉、橘子油、蘆薈萃取、蔗糖萃取
<br>

<p><span class=""style1"">規格：</span> 730公克/瓶 </p>
<p><span class=""style1"">產地：</span>台灣 </p>
<p><span class=""style1"">保存期間：</span>3年<br>
  
<br><span class=""style1"">注意事項: </span>請放於小孩接觸不到之處，避免誤食。使用後若有刺激不適或誤入眼睛，請立即以大量清水沖洗並停止使用。","
 宅配、 超商取貨","https://www.organicshops.cc/product.aspx?id=6952","2026-07-10T07:53:52.106Z"
"7598","33125","無磷濃縮洗碗精(朝露柑橘)12入箱","生活日用","居家用品","商品簡述：
 當您為家人精心挑選無農藥、無毒、有機的蔬果，記得家中的清潔用品，也需要安心與安全嗎?

統一生機推出全新系列~清潔用品，不含甲醛、全磷酸鹽、壬基苯酚、三氯沙、重金屬、螢光劑、漂白劑，讓您用得安心，也跟我們一起守護環境！","2028","1521","/products/6952/main.png","/products/6952/gallery-01.jpg","<br>
<br>

<br>
<br>","<p><span class=""style1"">成分：</span> 
 月桂醇聚醚硫酸酯鈉、椰油醯胺丙基甜菜鹼、苯甲酸鈉、橘子油、蘆薈萃取、蔗糖萃取

<br>

<p><span class=""style1"">規格：</span> 730公克X12瓶/箱 </p>
<p><span class=""style1"">產地：</span>台灣 </p>
<p><span class=""style1"">保存期間：</span>3年<br>
  
<br><span class=""style1"">注意事項: </span>請放於小孩接觸不到之處，避免誤食。使用後若有刺激不適或誤入眼睛，請立即以大量清水沖洗並停止使用。","
 宅配、 超商取貨","https://www.organicshops.cc/product.aspx?id=7598","2026-07-10T07:53:55.230Z"
"12032","02152","有機大燕麥片(400g)","銀髮專區","方便早餐","商品簡述：
 嚴選自北歐芬蘭產地，透過有機栽種產出高品質燕麥。不經過化學藥物薰蒸及食輻照射來延長保存，安心享受穀物原始美好。即沖即食，每日纖食的好選擇!","150","150","/products/12084/main.jpg","/products/12084/gallery-01.jpg|/products/12084/gallery-02.jpg","<br>
<br>
<br>
穀片適中，略帶嚼勁，沖泡牛奶、豆漿或穀粉即可食用。<br>
<br>
<p><span class=""style1"">驗證機構：</span>慈心有機驗證股份有限公司<br>
<p><span class=""style1"">證書字號：</span>第1-009-210007號","<p><span class=""style1"">原料：</span>有機大燕麥片<br>

<br>
<span class=""style1"">食品添加物: </span>無</p>

<br><br>

<span class=""style1"">規格: </span>400公克/包</p>
<span class=""style1"">產地: </span>芬蘭</p>
<span class=""style1"">保存期間:</span> 12個月<br>

<br>
<span class=""style1"">注意事項: </span><br>

請置於陰涼乾燥處避免日曬，開封後請密封冷藏，並儘早食用完畢。<br>
商品資訊若與包裝上略有差異時，以實際包裝上標示為準。<br>
<br>
過敏原資訊：本產品含麩質穀物。本生產線亦生產含牛奶製品、堅果類、芝麻及大豆的產品。","
 宅配、 超商取貨","https://www.organicshops.cc/product.aspx?id=12032","2026-07-10T07:53:58.399Z"
"12031","02153","有機細燕麥片(400g)","銀髮專區","方便早餐","商品簡述：
 嚴選自北歐芬蘭產地，透過有機栽種產出高品質燕麥。不經過化學藥物薰蒸及食輻照射來延長保存，安心享受穀物原始美好。細薄好入口，更適合長輩及兒童!","150","150","/products/12815/main.jpg","/products/12815/gallery-01.jpg|/products/12815/gallery-02.jpg","<br>
<br>
<br>
穀片細薄，口感綿密，快速沖泡易軟，適合老幼及牙口不佳族群。<br>
<br>
<p><span class=""style1"">驗證機構：</span>慈心有機驗證股份有限公司<br>
<p><span class=""style1"">證書字號：</span>第1-009-210007號","<p><span class=""style1"">原料：</span>有機細燕麥片<br>

<br>
<span class=""style1"">食品添加物: </span>無</p>

<br><br>

<span class=""style1"">規格: </span>400公克/包</p>
<span class=""style1"">產地: </span>芬蘭</p>
<span class=""style1"">保存期間:</span> 12個月<br>

<br>
<span class=""style1"">注意事項: </span><br>

請置於陰涼乾燥處避免日曬，開封後請密封冷藏，並儘早食用完畢。<br>
商品資訊若與包裝上略有差異時，以實際包裝上標示為準。<br>
<br>
過敏原資訊：本產品含麩質穀物。本生產線亦生產含牛奶製品、堅果類、芝麻及大豆的產品。","
 宅配、 超商取貨","https://www.organicshops.cc/product.aspx?id=12031","2026-07-10T07:54:02.994Z"
"12030","02154","有機粗燕麥片(400g)","銀髮專區","方便早餐","商品簡述：
 嚴選自北歐芬蘭產地，透過有機栽種產出高品質燕麥。不經過化學藥物薰蒸及食輻照射來延長保存，安心享受穀物原始美好。厚實有口感，烹煮食用營養加分!","150","150","/products/9439/main.jpg","/products/9439/gallery-01.jpg|/products/9439/gallery-02.jpg","<br>
<br>
<br>
穀片厚實，口感扎實、有咬感，沖泡較不易軟糊，適合喜愛有嚼勁的族群!亦可加入米中烹煮，或煮成燕麥粥(甜/鹹皆可)。<br>
<br>
<p><span class=""style1"">驗證機構：</span>慈心有機驗證股份有限公司<br>
<p><span class=""style1"">證書字號：</span>第1-009-210007號","<p><span class=""style1"">原料：</span>有機粗燕麥片<br>

<br>
<span class=""style1"">食品添加物: </span>無</p>

<br><br>

<span class=""style1"">規格: </span>400公克/包</p>
<span class=""style1"">產地: </span>芬蘭</p>
<span class=""style1"">保存期間:</span> 12個月<br>

<br>
<span class=""style1"">注意事項: </span><br>

請置於陰涼乾燥處避免日曬，開封後請密封冷藏，並儘早食用完畢。<br>
商品資訊若與包裝上略有差異時，以實際包裝上標示為準。<br>
<br>
過敏原資訊：本產品含麩質穀物。本生產線亦生產含牛奶製品、堅果類、芝麻及大豆的產品。","
 宅配、 超商取貨","https://www.organicshops.cc/product.aspx?id=12030","2026-07-10T07:54:07.143Z"
"9412","08339","智利鮭魚輪切(L)(300g)","銀髮專區","晚餐食材","商品簡述：
 鮭魚有油脂、蛋白質及OMEGA-3，被視為優質的蛋白質來源之一。","480","480","/products/12087/main.jpg","/products/12808/gallery-01.jpg|/products/12808/gallery-02.jpg","<br>
<br>
<br>
「鮭魚」是國人熟悉且喜愛的食用魚種之一，其魚肉有油脂、蛋白質及OMEGA-3，被視為優質的蛋白質來源之一。料理方式多樣化，中、西式料理皆宜，更是國人冰箱中不可或缺的食材之一。<br>
<br>
統一生機優質鮭魚來自清澈、冰涼的智利海域，因海水溫度低，使鮭魚肉本身油脂豐富，肉質滑嫩鮮美、不乾柴，捕撈後急速冷凍，以保持魚肉的新鮮與美味。<br>
<br>
為了讓您更安心的食用，我們的鮭魚定期安排檢驗，動物用藥、重金屬及抗生素皆檢驗合格，請您與家人一同享用這五星級的美味。<br>
<br>
我們的智利鮭魚輪切厚度約2.5公分，厚度適中，料理方便，口感更佳。","<p><span class=""style1"">原料: </span>鮭魚</p>
<p><span class=""style1"">食品添加物名稱: </span>無</p>
<p><span class=""style1"">內容量:</span> 300公克/包</p>
<p><span class=""style1"">原產地: </span>智利</p>
<p><span class=""style1"">保存期間:</span> 12個月</p>

<p><span class=""style1"">保存方法及條件:</span> 
須冷凍於-18℃以下，保存期間係指未開封前在-18℃以下可保存天數，開封後請儘快食用以確保品質。</p>

<p><span class=""style1"">建議解凍方式:</span> 
使用前請將產品放於冰箱冷藏室解凍。

<br><br><span class=""style1"">加熱調理條件: </span>解凍後，使用煎、烤、蒸方式加熱至熟即可。
加熱調理條件請視實際狀況做調整。<br>

<br><span class=""style1"">過敏原資訊:</span>本產品含魚類。","
 宅配、 超商取貨","https://www.organicshops.cc/product.aspx?id=9412","2026-07-10T07:54:11.183Z"
"9411","08331","鹽漬鯖魚片","銀髮專區","晚餐食材","商品簡述：
 來自挪威的鯖魚，油脂豐富，輕輕一層薄鹽提升魚肉鮮美的風味不死鹹。","185","185","/products/12093/main.jpg","/products/12801/gallery-01.jpg","<br>
<br>
<br>
鯖魚是市場上CP值很高的食用魚種之一，天氣越冷鯖魚就越肥美，油脂越豐富。統一生機選用來自挪威的鯖魚，因為海域的緯度高、溫度低，鯖魚為了抵禦低溫及激烈的海流，體內蓄積豐厚的脂肪，因此魚肉油脂豐富。其EPA及DHA也較很多魚種高，營養價值高，相當適合全家人食用的魚種，攝取豐富的營養成分。<br>
<br>
鯖魚片採用薄鹽醃漬的方式，口味清淡，保留魚肉甜度，更增添一股淡淡鹹香，肉質軟嫩可口，無論香煎、烤、炸等烹調方式，都一樣美味可口，一餐一片，在家即享受餐館級日式鯖魚定食！


</p>","<p><span class=""style1"">原料:</span> 鯖魚、食鹽</p>
<p><span class=""style1"">食品添加物名稱:</span> 無  <br>
<p><span class=""style1"">規格: </span>160公克/包</p>
<p><span class=""style1"">原產地: </span>台灣</p>
<p><span class=""style1"">保存期限:</span> 12個月</p>
<br><br>

<span class=""style1"">加熱調理條件:</span>解凍後，使用煎或烤方式加熱至熟即可，
加熱調理條件請視實際狀況做調整。<br>
<br>
<p><span class=""style1"">保存方法及條件:</span>須冷凍於-18℃以下，保存期間係指未開封前在-18℃以下可保存天數，開封後請儘快食用以確保品質。<br>
<br><span class=""style1"">過敏原資訊:</span>本產品含魚類。<br>
<br><span class=""style1"">注意事項: </span>
*避免存放在高溫或日光直射處。","
 宅配、 超商取貨","https://www.organicshops.cc/product.aspx?id=9411","2026-07-10T07:54:15.220Z"
"12056","08156","韭黃鮮蝦水餃(2件組)","銀髮專區","晚餐食材","商品簡述：
 1.不添加防腐劑、香料、味精，使用日曬海鹽，皮Q餡飽大升級
2.台灣豬肉、鮮甜蝦仁、高麗菜、韭黃與荸薺當做主要的內餡
3.採用未經漂白過的麵粉
4.取得穀研所潔淨標章
5.使用台灣在地優質豬","500","299","/products/12056/main.jpg","/products/12056/gallery-01.jpg|/products/12056/gallery-02.jpg","<br>
<br>
<br>
<br>
不添加防腐劑、香料、味精，使用日曬海鹽，皮Q餡飽大升級。<br>
<br>
我們使用台灣豬肉、鮮甜蝦仁、高麗菜、韭黃與荸薺當做主要的內餡，採用未經漂白過的麵粉所製成的餃皮。<br>
<br>
內餡裡韭黃質地細嫩，香氣醇和，蝦仁富有海鮮的鮮甜，高麗菜的甘甜清脆，不只口感清爽，更帶出豬肉的鮮美，餃皮富有彈性有咬勁，豐富了口感，完美的皮餡比例，皮Q、餡飽多汁，鮮味十足。<br>
<br>
統一生機堅持在水餃製作過程中不添加味精、防腐劑與香料，餡料真材實料，嚴謹的選料，就是為了給消費者有更安心與更健康的選擇。

<br>


<span class=""style1"">加熱調理條件:</span><br>
1.水煮法：取出水餃於冷凍狀態放入滾水中，水煮約5-6分鐘，撈起即可食用。 <br>                                        2.蒸炊法：取出水餃置於盤中，於電鍋中注入適當之水量(約200c.c)，蒸炊約15分鐘即可食用。<br>
3.煎製法：利用平底鍋加熱後，放入少許油，將水餃置於鍋中煎至底部成金黃色，灑少許水，加蓋悶5-6分鐘即可食用。","<span class=""style1"">原料：</span>麵粉、豬肉(產地台灣)、高麗菜、水、豬背脂(產地台灣)、韭黃、蝦仁、乙醯化磷酸二澱粉、荸薺、薑、香油(大豆油、芝麻油)、蔗糖、醬油、大豆蛋白、食鹽、日曬海鹽、碳酸氫鈉、大豆水解蛋白、酵母精粉(酵母萃取物、氯化鈉)、白胡椒粉、海藻酸丙二醇<br />
<br>
  <span class=""style1"">食品添加物名稱：</span>乙醯化磷酸二澱粉、碳酸氫鈉、海藻酸丙二醇<br />
<br><br>


  <span class=""style1"">內容量：</span>500公克(20粒)<br />
  <span class=""style1"">原產地(國)：</span>台灣  豬肉原產地：台灣 <br />
<span class=""style1"">保存期間：</span>12個月<br>
<br>

<span class=""style1"">注意事項(含保存條件)</span><br />
須冷凍於-18℃以下，保存期間係指未開封前在-18℃以下可保存天數，開封後請儘快食用以確保品質。<br>
避免存放在高溫或日光直射處。加熱調理條件請依實際狀況作調整。<br>
<br><span class=""style1"">過敏原資訊:</span>本產品含甲殼類、含麩質之穀物、大豆及芝麻製品。<br>","
 宅配、 超商取貨","https://www.organicshops.cc/product.aspx?id=12056","2026-07-10T07:54:18.524Z"
"12758","08300","黃金蟲草烏骨雞湯","銀髮專區","滋補湯品","商品簡述：
 *採用在地烏骨雞，肉質細緻鮮甜
*添加黃金蟲草、人參、紅棗等溫補食材
*雞高湯基底濃郁甘醇，不添加味精、香料、防腐劑
*口感溫順，一口接一口的甘醇
*本產品含有蛹蟲草，不建議嬰幼兒、兒童、孕婦與真菌過敏者使用","219","219","/products/12758/main.jpg","/products/12758/gallery-01.jpg|/products/12758/gallery-02.jpg","<br>
嚴選珍貴黃金蟲草與在地鮮甜烏骨雞，搭配人參、紅棗等溫補食材，溫潤燉煮，不添加味精、香料、防腐劑，釋放甘醇湯韻，鎖住每一口的自然精華，1-2人份小包裝，隨時輕鬆享用。
*採用在地烏骨雞，肉質細緻鮮甜<br>
*添加黃金蟲草、人參、紅棗等溫補食材 <br>
*雞高湯基底濃郁甘醇，不添加味精、香料、防腐劑<br>
*口感溫順，一口接一口的甘醇
<br><br>

食用方式：<br>
完全解凍後，將產品拆袋倒入鍋內加熱至沸騰，轉小火煮約10-15分鐘，加熱期間須攪動避免產品黏附鍋底，待產品完全加熱後即可食用。","<p><span class=""style1"">原料: </span><br>
高湯[雞高湯(雞骨、水、薑、蒜)、料理米酒、昆布抽出物、冰糖、鹽]、烏骨雞肉、紅棗、蛹蟲草子實體(Cordyceps militaris，固態培養)、人參鬚、枸杞<br>
<br>
<span class=""style1"">營養標示:</span> </p>
<br>

<p><span class=""style1"">規格:</span>500公克/盒 (固形物：120公克)<br>


<p><span class=""style1"">原產地: </span>台灣</p>
<p><span class=""style1"">保存期間:</span> 18個月<br>
<p><span class=""style1"">注意事項(含保存條件):</span> <br>
1.	須冷凍於-18℃以下，保存期間係指未開封前在-18℃以下可保存天數，開封後請儘快食用以確保品質<br>
2.	本產品含有蛹蟲草，不建議嬰幼兒、兒童、孕婦與真菌過敏者使用<br><br>


<p><span class=""style1"">調理條件: </span>完全解凍後，將產品拆袋倒入鍋內加熱至沸騰，轉小火煮約10-15分鐘，加熱期間須攪動避免產品黏附鍋底，待產品完全加熱後即可食用</p>","
 宅配、 超商取貨","https://www.organicshops.cc/product.aspx?id=12758","2026-07-10T07:54:22.593Z"
"12757","08302","剝皮辣椒土雞湯","銀髮專區","滋補湯品","商品簡述：
 *嚴選在地土雞，肉質Q彈鮮甜
*特調私房剝皮辣椒，鹹香微辣，暖胃開胃
*雞高湯熬製，不添加味精、香料、防腐劑
*湯頭濃郁鮮美，微辣溫和不嗆喉","219","219","/products/12757/main.jpg","/products/12757/gallery-01.jpg|/products/12757/gallery-02.jpg","<br>
特調私房剝皮辣椒，微辣甜香，暖胃開胃，搭配在地土雞，與雞高湯一同熬製，不添加味精、香料、防腐劑，湯頭自然甘甜，1～2人份，無須多餘備料好輕鬆。
*嚴選在地土雞，肉質Q彈鮮甜<br>
*特調私房剝皮辣椒，鹹香微辣，暖胃開胃<br>
*雞高湯熬製，不添加味精、香料、防腐劑<br>
*湯頭濃郁鮮美，微辣溫和不嗆喉<br><br>

食用方式：<br>
完全解凍後，將產品拆袋倒入鍋內加熱至沸騰，轉小火煮約10-15分鐘，加熱期間須攪動避免產品黏附鍋底，待產品完全加熱後即可食用。","<p><span class=""style1"">原料: </span><br>
高湯[(雞高湯(雞骨、水、薑、蒜)、水、雞濃白湯(雞抽出物、水、酵母抽出物)、料理米酒、昆布抽出物、冰糖、鹽]、土雞肉、剝皮辣椒[剝皮辣椒(含氯化鈣)、水、非基因改造黃豆醬油、甘蔗液糖(糖、水)、鹽、酵母抽出物(酵母抽出物、鹽、葵花油)、香菇抽出物(糊精、香菇抽出物)、乳酸]、香菇、薑<br>
<br>
<p><span class=""style1"">食品添加物名稱: </span>氯化鈣、乳酸</p>
<span class=""style1"">營養標示:</span> </p>
<br>

<p><span class=""style1"">規格:</span>500公克/盒 (固形物：120公克)<br>


<p><span class=""style1"">原產地: </span>台灣</p>
<p><span class=""style1"">保存期間:</span> 18個月<br>
<p><span class=""style1"">注意事項(含保存條件):</span> 須冷凍於-18℃以下，保存期間係指未開封前在-18℃以下可保存天數，開封後請儘快食用以確保品質<br>
<p><span class=""style1"">調理條件: </span>完全解凍後，將產品拆袋倒入鍋內加熱至沸騰，轉小火煮約10-15分鐘，加熱期間須攪動避免產品黏附鍋底，待產品完全加熱後即可食用</p>

<p><span class=""style1"">過敏原資訊: </span>本產品含麩質之穀物及大豆的製品</p>","
 宅配、 超商取貨","https://www.organicshops.cc/product.aspx?id=12757","2026-07-10T07:54:26.657Z"
"12756","08381","四神湯","銀髮專區","滋補湯品","商品簡述：
 家常四神湯，滋補養身，四季皆宜；特選國產豬軟骨，入口即化，安心美味。","160","120","/products/12756/main.jpg","","<br>
<br>
承襲中國傳統食療經典，四季皆宜，適合做為平日調養身心之湯品；再也毋須費心燉煮，單包裝設計，養身補氣好容易。<br><br>

<br>
<br>
加熱調理條件：<br>
①產品退冰後不拆袋放入滾水中隔水加熱10-15分鐘。<br>
②退冰後倒入容器，使用半杯水置入外鍋以電鍋加熱。<br>
③退冰後倒入鍋中直接加熱至沸騰。
製造商名稱：府城事業有限公司<br>
製造商地址：新北市樹林區三俊街81巷21號<br>
製造商電話：02-2689-0575<br>
食品業者登錄字號：F-180042214-00000-4<br>
產品責任險：本公司商品已投保南山產物產物保險-保單號碼22A0000490","<p><span class=""style1"">原料: </span><br>
水、豬軟骨(台灣)、薏仁、芡實、蓮子、米酒、茯苓丁、高湯[水、豬骨(台灣)、豬油(台灣)、豬皮(台灣)、雞骨、洋蔥、維生素E(抗氧化劑)]、日曬海鹽、調味粉[麥芽糊精、鹽、糖、酵母萃取物、高麗菜抽出物、糊精、水解植物蛋白(大豆、玉米、小麥)、香菇萃取物]、冰糖、豬高湯[豬骨(台灣)、豬油(台灣)、水、食鹽、維生素E(抗氧化劑)、檸檬酸]、當歸、川芎、黃耆<br>
<br>

<br>


<br>

<p><span class=""style1"">產地: </span>台灣<br>

  <span class=""style1"">保存期間:</span>12個月<br>

  <span class=""style1"">規格:</span>400公克(固形量:96公克)   <br>


<span class=""style1"">注意事項: </span>需冷凍於-18°C以下，保存期間係指未開封前在-18°C以下可保存天數，開封後請儘快食用以確保品質。<br>
  <span class=""style1"">過敏原資訊:</span>本產品含大豆、含麩質之穀物等過敏原，對其過敏者請勿食用。<br>","
 宅配、 超商取貨","https://www.organicshops.cc/product.aspx?id=12756","2026-07-10T07:54:30.717Z"
"9395","01151","果然優綜合堅果","銀髮專區","休閒點心","商品簡述：
 低溫輕烘焙，原味不添加
堅果可滋補強身、增強體力","400","400","/products/12082/main.jpg","/products/12082/gallery-01.jpg","</P>
</P>
</P>
</P>
<p>
「核桃、杏仁、腰果、南瓜子」加「葡萄乾、蔓越莓乾」，口感更豐富、營養更全面。<br>
■精選各主要產地原料，穩定進櫃、倉內溫控保鮮<br>
■堅持「低溫輕烘焙、原味不添加」，保留食材營養價值，吃出食物自然、健康的原始香甜滋味。<br>
採用環保鐵罐，完整密封鎖住食材原有風味，並充填氮氣，開封即可感受鮮度，提供更優良的賞味品質與營養保存，吃健康護地球！<br>
<br>
*低溫輕烘焙，原味，營養價值保留。<br>
*不添加防腐劑、甜味劑、漂白劑。<br>
<br>
核桃：高比例完整顆粒，非一般碎核桃，口感視覺都滿分。<br>
杏仁：USDA Extra NO.1等級大顆粒杏仁，精選品種，具獨特香氣與風味。<br>
腰果：果仁完整飽滿、色澤潤白，風味清香甘甜。<br>
南瓜子：飽滿翠綠完整大顆粒南瓜子，風味獨特。<br>
葡萄乾：大顆粒皮薄飽滿果肉，口感Q彈有嚼勁。<br>
蔓越莓乾：保留原汁，酸中帶甜好滋味。<br>
<br>

<strong>「果然優綜合堅果」</strong>採用源自產地的核桃、杏仁、腰果、南瓜子、葡萄乾、蔓越莓乾，穩定頻繁的原料進櫃、倉內溫控保鮮、嚴謹的生產流程、致力強化品質，充份保留營養價值，讓您吃出食物自然、健康的原始香甜滋味，帶給您安全無虞的「<strong>樂活果實。</strong>」</p><br>

<iframe width=""560"" height=""315"" src=""https://www.youtube.com/embed/HlDphRig0yY"" frameborder=""0"" allow=""accelerometer; autoplay; encrypted-media; gyroscope; picture-in-picture"" allowfullscreen></iframe>
<br>

<iframe width=""560"" height=""315"" src=""https://www.youtube.com/embed/cninh-Nl7vo?rel=0"" frameborder=""0"" allowfullscreen></iframe>
<br>


<iframe width=""560"" height=""315"" src=""https://www.youtube.com/embed/7i4haFvDtdw"" frameborder=""0"" allow=""accelerometer; autoplay; encrypted-media; gyroscope; picture-in-picture"" allowfullscreen></iframe>","<p><span class=""style1"">原料:</span> 葡萄乾(葡萄乾、葵花油)、核桃、杏仁、腰果、南瓜子、蔓越莓乾(蔓越莓、蔗糖、葵花油)。<br>
<br>


<br>
<span class=""style1"">箱裝:</span> 依實際標示所示</p>



<p><span class=""style1"">食品添加物:</span> 無</p>
<p><span class=""style1"">內容量:</span> 360公克/罐</p>
<p><span class=""style1"">產地:</span> 台灣</p>
<p><span class=""style1"">保存期限:</span> 12個月(係指未開封狀態且正常條件下之保存)</p><br>

<p><span class=""style1"">保存條件:</span> </p>
1. 請置於陰涼乾燥處避免日照，冷藏保存尤佳。<br>
2. 開封後未食用完需冷藏，並儘快食用完畢。<br>
<br>

<p><span class=""style1"">注意事項:</span> </p>
1. 內有脫氧劑、乾燥劑，請勿食用。<br>
2. 開罐及取用時請留意拉環與開口邊緣。<br>
<br>

<p><span class=""style1"">過敏原資訊:</span> </p>
本產品含堅果及種子類。本生產線亦生產含牛奶製品、芝麻、含麩質之穀類及大豆的產品。
 <br>","
 宅配、 超商取貨","https://www.organicshops.cc/product.aspx?id=9395","2026-07-10T07:54:32.850Z"
"9394","01161","果然優全堅果","銀髮專區","休閒點心","商品簡述：
 高價值堅果組合，低溫輕烘焙，原味不添加。","490","490","/products/11866/main.jpg","/products/11866/gallery-01.jpg","</P>
</P>
</P>
</P>
每日飲食指南建議需攝取堅果種子類一份，您吃了嗎？ <br>
 <br>
選用源自各主要產地的堅果界四大天王：「杏仁、腰果、核桃、榛果」，再搭配上超人氣的「夏威夷果」，五款高價值堅果原料，極品饗宴，輕鬆滿足每日需求。 <br>
*精選各主要產地原料，穩定進櫃、倉內溫控保鮮 <br>
*堅持「低溫輕烘焙、原味不添加」，保留食材營養價值，吃出食物自然、健康的原始香甜滋味。 <br>
採用環保鐵罐，完整密封鎖住食材原有風味，並充填氮氣，開封即可感受鮮度，提供更優良的賞味品質與營養保存，吃健康護地球！ <br>
 <br>
*低溫輕烘焙，原味，營養價值保留。 <br>
*不添加防腐劑、甜味劑、漂白劑。 <br>
 <br>
核桃：高比例完整顆粒，非一般碎核桃，口感視覺都滿分。 <br>
杏仁：USDA Extra NO.1等級大顆粒杏仁，精選品種，具獨特香氣與風味。 <br>
腰果：果仁完整飽滿、色澤潤白，風味清香甘甜。 <br>
榛果：保留具有營養價值的外皮更難得，香氣十足。 <br>
夏威夷果：整顆入口散發淡淡奶香，一吃就愛上。<br>
<br>

低溫輕烘焙 原味不添加 <br>
使用環保鐵罐 完整密封 充氮保鮮 提供優良賞味品質與營養保留更完整。<br>

<br>

<iframe width=""560"" height=""315"" src=""https://www.youtube.com/embed/HlDphRig0yY"" frameborder=""0"" allow=""accelerometer; autoplay; encrypted-media; gyroscope; picture-in-picture"" allowfullscreen></iframe>","<p><span class=""style1"">原料</span>：杏仁、腰果、核桃、榛果、夏威夷果</p>
<p><span class=""style1"">食品添加物名稱</span>：無</p>

<BR><br>
<span class=""style1"">箱裝</span>：依實際標示所示<br>

<br>
<span class=""style1"">規格</span>：300公克/罐</p>

<p><span class=""style1"">產地</span>：台灣</p>

<p><span class=""style1"">保存期限</span>：12個月(係指未開封狀態且正常條件下之保存)</p>
<br>
<span class=""style1"">保存條件:</span><br>
1. 請置於陰涼乾燥處避免日照，冷藏保存尤佳。<br>
2. 開封後未食用完需冷藏，並儘快食用完畢。<br>
<br>

<p><span class=""style1"">注意事項</span>：<br>

1. 內有脫氧劑，請勿食用。<br>
             2. 開罐及取用時請留意拉環與開口邊緣。<br>
<br>
<p><span class=""style1"">過敏原資訊</span>：本產品含堅果。本生產線亦生產含牛奶製品、芝麻、含麩質之穀類、大豆及種子類的
             產品。","
 宅配、 超商取貨","https://www.organicshops.cc/product.aspx?id=9394","2026-07-10T07:54:35.945Z"
"9389","01176","葡萄乾(袋)","銀髮專區","休閒點心","商品簡述：
 保留葡萄乾的原始風味，含有膳食纖維，不添加人工色素、人工香料、防腐劑，不經過硫化燻蒸，顆粒飽滿、口感Q彈有嚼勁，補充能量。","100","100","/products/12655/main.jpg","","<br>
<br>
<br>
<br>
<p>

蘊含陽光能量的葡萄乾，保留葡萄乾原始風味。葡萄為白綠色品種，經日曬吸收能量後自然轉為紫黑(褐)色葡萄乾；不添加人工色素、人工香料、防腐劑，不經過硫化薰蒸處理。</p>
<br>
1.	選用智利Jumbo規格。<br>
2.	不經過硫化薰蒸處理。<br>
3.	含有膳食纖維，促進腸道蠕動。<br>
4.	不添加人工色素、人工香料、防腐劑。","<p class=""style1"">原料:</p>
<p>葡萄乾、葵花油<br><br>

<br><br>

<p><span class=""style1"">保存期間:</span> 12個月<span class=""style1""><br>
</span><span class=""style1"">規格: </span>250公克/包<br>
<p><span class=""style1"">產地:</span> 智利<br>
<br>

<span class=""style1"">注意事項: </span><br>

1.開封後未食用完需冷藏並儘快食用完畢。<br>
2.表面若有結晶為果實糖分析出，為正常物理現象。<br>
3.包裝袋正面為葡萄原果示意圖，經乾燥後轉變為紅黑色。","
 宅配、 超商取貨","https://www.organicshops.cc/product.aspx?id=9389","2026-07-10T07:54:39.020Z"
"9407","24270","有機高纖高鈣亞麻仁堅果粉(1組贈精美提袋x1)","銀髮專區","喝的保養","商品簡述：
 有機穀物+豆類研磨，添加有機亞麻仁籽更養生
高纖助消化、高鈣好強壯
咬得到有機堅果顆粒，口感加分
無加糖配方，不添加奶精、糊精、人工添加物","990","990","/products/9264/main.jpg","/products/9264/gallery-01.jpg|/products/9264/gallery-02.jpg|/products/9264/gallery-03.jpg","<br>
<br>
<br>
1.	嚴選有機食材：不用農藥、不施化肥，保護環境更照顧健康<br>
2.	原始穀物香氣：穀物豆類全研磨，添加亞麻仁籽更養生<br>
3.	健康機能訴求：無加糖配方，高纖助消化、高鈣好強壯<br>
4.	多元化營養：有機杏仁、腰果、南瓜子仁整顆打碎，吃得到堅果粒更有口感<br>
5.	不添加更安心：不加蔗糖、奶精、糊精、人工香料、防腐劑<br>
<br>
<代餐首選，取代精製澱粉飲食><br>
一杯不到110大卡，就能補充穀物雜糧、植物性蛋白質、堅果油脂的完整營養，無加糖配方，回歸簡單的食物攝取，身體少負擔。<br>
<br>
膳食纖維幫助維持消化道機能、增加飽足感；鈣質幫助維持骨骼與牙齒的健康。<br>
原料經有機驗證把關，不添加健康又安心。<br>
小包裝方便隨時沖泡一杯，可搭配豆漿、牛奶、其他穀粉，是全家大小補充能量的好選擇。<br>
<br>
驗證機構：慈心有機驗證股份有限公司<br>
驗證證書字號：1-009-210059<br>","<span class=""style1"">原料:</span>有機黑豆(中國)、有機黃豆(美國)、有機亞麻仁籽(加拿大)、有機黑芝麻、有機燕麥仁、有機黑麥(仁)、有機糙米、有機南瓜子仁、有機海藻鈣、有機黑糯糙米、有機小米、有機大麥、有機杏仁、有機腰果<br>
<br>

<br>
  <span class=""style1"">食品添加物名稱:</span>無<br>

  <span class=""style1"">規格:</span>25g*30包/盒<br>
  <span class=""style1"">產地:</span>台灣<br>
  <span class=""style1"">保存期限:</span>18個月（保存期間係指未開封狀態且正常條件下之保存）<br>

 
<br><span class=""style1"">注意事項: </span><br>
*請置於陰涼處常溫保存，避免陽光直射。<br>
*沖泡後，產品之沉澱物為穀粉沈澱，飲用前請先攪拌均勻。<br>
食用前請先搖動均勻。<br>
<br>
  <span class=""style1"">過敏原資訊:</span>本產品含大豆、芝麻、種子類、含麩質之穀物及堅果類。<br>","
 宅配、 超商取貨","https://www.organicshops.cc/product.aspx?id=9407","2026-07-10T07:54:41.158Z"
"9406","24280","葡萄糖胺黑穀芝麻粉(1組贈精美提袋x1)","銀髮專區","喝的保養","商品簡述：
 兩杯提供1500mg葡萄糖胺
高鈣助於維持骨骼的健康
充滿黑芝麻穀物香氣，好喝又營養
高纖無加糖配方，不添加奶精、糊精、人工添加物","990","990","/products/9265/main.jpg","/products/9265/gallery-01.jpg|/products/9265/gallery-02.jpg|/products/9265/gallery-03.jpg","<br>
<br>
<br>
1.嚴選養生食材：黑色元素黑芝麻+黑豆+黑糯米+黑木耳滋補養生 <br>  
2.取代精製澱粉：多種未精製化米麥、豆類、雜糧研磨，回歸食材原味 <br>  
3.健康機能訴求：高纖助消化、高鈣更強壯，無加糖不負擔 <br>  
4.鞏固配方：兩杯提供1500mg葡萄糖胺，熟齡保健 <br>  
5.不添加更安心：不加蔗糖、奶精、糊精、人工香料、防腐劑<br>
<br>
<熟齡保健，補充葡萄糖胺的另一種選擇><br>  
不只是穀粉：兩杯提供1500mg葡萄糖胺、鈣質幫助維持骨骼與牙齒的健康、植物性蛋白質幫助組織的修復。<br>  
<br>  
嚴選黑色食材調配，穀香美味、口感濃厚，膳食纖維幫助維持消化道機能、增加飽足感，無添加好安心，打造全家人健康營養基礎。<br>  
小包裝方便隨時沖泡一杯，可搭配豆漿、牛奶、燕麥片，補充能量又能保健的好選擇。","<span class=""style1"">原料:</span>燕麥粉、黑芝麻、非基因改造黃豆、豆漿粉、燕麥片、黑豆、葡萄糖胺鹽酸鹽、黑糯米、碳酸鈣、黑木耳粉(黑木耳、食鹽)<br>
<br>

<br>
  <span class=""style1"">食品添加物名稱:</span>碳酸鈣<br>

  <span class=""style1"">規格:</span>25g*30包/盒<br>
  <span class=""style1"">產地:</span>台灣<br>
  <span class=""style1"">保存期限:</span>18個月（保存期間係指未開封狀態且正常條件下之保存）<br>

 
<br><span class=""style1"">注意事項: </span><br>
*請置於陰涼處常溫保存，避免陽光直射。<br>
*沖泡後，產品之沉澱物為穀粉沈澱，飲用前請先攪拌均勻。<br>
食用前請先搖動均勻。<br>
<br>
  <span class=""style1"">過敏原資訊:</span>本產品含有芝麻、含麩質之穀物及大豆。<br>","
 宅配、 超商取貨","https://www.organicshops.cc/product.aspx?id=9406","2026-07-10T07:54:47.097Z"
"9405","24265","細緻。純杏仁粉","銀髮專區","喝的保養","商品簡述：
 成分單純僅有去殼光中杏整顆研磨
特殊研磨技術，粉質細緻不卡喉，易於溶解好沖泡
無添加奶精、蔗糖、人工添加物，保留杏仁營養與香醇","299","249","/products/9405/main.jpg","/products/9405/gallery-01.jpg","<br>
<br>
<br>
1. 特選南杏仁原粒，顆粒飽滿、完整，不使用漂白劑。<br>
2. 低溫烘焙，不以高溫速成烘烤，保留杏仁自然香氣。<br>
3. 特殊技術一次4組壓輪，快速研磨不出油，粉質細緻好沖泡、不卡喉。<br>
4. 無加糖少負擔，不添加奶精、糊精、防腐劑。","<span class=""style1"">原料:</span>南杏仁<br>
<br>
<br>

<br>
  <span class=""style1"">食品添加物名稱:</span>無<br>

  <span class=""style1"">規格:</span>200公克/包<br>
  <span class=""style1"">產地:</span>台灣<br>
  <span class=""style1"">保存期限:</span>12個月（保存期間係指未開封狀態且正常條件下之保存）<br>

 
<br><span class=""style1"">注意事項: </span><br>
*請置於陰涼處常溫保存，避免陽光直射。<br>
*本產品不添加食品添加物，沖泡時如有結塊，請攪拌均勻即可。
<br>
<br>
  <span class=""style1"">過敏原資訊:</span>本產品含杏仁。<br>","
 宅配、 超商取貨","https://www.organicshops.cc/product.aspx?id=9405","2026-07-10T07:54:52.297Z"
"9416","17048","有機枸杞原汁","銀髮專區","保健食品","商品簡述：
 *100%有機枸杞鮮果壓榨，不加水、蔗糖，非濃縮還原
*不添加防腐劑、人工色素及香料
*每包(30ml)相當於90公克新鮮枸杞
*軟袋隨身包，隨時補充枸杞精華","720","720","/products/12677/main.jpg","/products/12677/gallery-01.jpg|/products/12677/gallery-02.jpg","<br>
<br>
<br>
<br>
喝的枸杞新上市！隨時補充枸杞精華<br>
一天一包，營養補給、健康維持，生活晶彩明亮！<br>
眾多使用枸杞之愛好者敲碗已久的「有機枸杞原汁」上市囉！統一生機特別挑選不使用農藥和化學肥料栽種之有機枸杞鮮果，來自地廣人稀的枸杞之鄉-青海，枸杞鮮果皮薄易破，須全程手工採摘，經物理式兩道研磨，口感細緻滑順，不添加水、蔗糖，非濃縮還原，100%來自有機枸杞鮮果。<br>
<br>
不添加防腐劑、人工色素及香料，不添加人工添加物，安心實在。<br>
使用軟袋隨身包，特別推薦給需要營養補充者、忙碌的上班族，一天一包，方便好攜帶！<br>
*精選無農藥和化肥栽培有機枸杞鮮果，手工採摘，冷鏈運輸專業加工。<br>
*不加水物理式兩道細緻研磨，滿滿枸杞鮮果精華。<br>
*不添加防腐劑、人工色素及香料；不添加檸檬酸、維生素Ｃ，風味純粹。<br>
*軟袋隨身包，方便隨時補充營養，每包(30ml)枸杞汁，相當於90公克枸杞(約80顆)。<br>



<br>
有機驗證機構名稱：采園生態驗證有限公司  <br>
驗證證書字號：1-008-202001
<br>","<strong class=""style1"">原料：</strong>有機枸杞(中國)<br />

 <strong class=""style1"">食品添加物：</strong>無 <br />
  <strong class=""style1"">規格（內容量）：</strong>30毫升*10包/盒 <br />
  <strong class=""style1"">原產地(國)：</strong>中國大陸<strong> </strong><br />
  <span class=""style1""><strong>保存期間：</strong></span><strong>18個月</strong>
<br>
<br>
<br>
<br><span class=""style1"">注意事項: </span><br>
*請置於乾燥陰涼處、避免陽光直射。<br>
*開封後請儘快飲用完畢，冷藏後風味更佳。<br>
*本產品為枸杞鮮果壓榨而成，如有果肉沉澱屬自然現象。<br>
*建議用量一天一包，飯後飲用。<br>
*孕婦可飲用，一歲以下幼兒不建議飲用；若有疾病、服用藥物或肝腎功能不佳者食用前請先諮詢醫師。<br>

<br>
 <strong class=""style1"">過敏原資訊：</strong>無 <br />","
 宅配、 超商取貨","https://www.organicshops.cc/product.aspx?id=9416","2026-07-10T07:54:55.421Z"
"9415","26320","淨暢乳酸菌PLUS雙寡糖","銀髮專區","保健食品","商品簡述：
 「淨暢乳酸菌PLUS雙寡糖+」選用8大乳酸菌、木寡糖及果寡糖，及日本專利水溶性膳食纖維，並使用特殊3層晶球式包覆技術，幫助改變菌叢生態，並且搭配草莓口味，酸甜好入口，清淨舒暢少煩惱。","640","640","/products/7754/main.jpg","/products/7754/gallery-01.jpg","<br>
<br>
<br>
<p>1.<strong> 8</strong><strong>株活性乳酸菌</strong> <br>
選用8株活性乳酸菌(A、B、C菌、LGG菌、龍根菌、乳酸乳球菌、LP28菌、雷特氏B菌)，大量進駐，幫助改變菌叢生態，使好菌增加，壞菌減少。 <br>
  Plus雙寡糖: 木寡糖及果寡糖可幫助益生菌生長。 <br><br>
2.<strong> </strong><strong>複合專利消化酵素DIGEZYME</strong><strong>®</strong><strong> </strong><br>
  美國專利複合酵素，可幫助維持消化道機能，使排便感產生。 <br><br>
3.<strong> </strong><strong>日本專利水溶性膳食纖維Fibersol</strong><strong>®</strong><strong>2</strong><br>
  在日本擁有多達86項保健的認證，補充不足的膳食纖維，可促進腸道蠕動。 <br><br>
4.<strong> 3</strong><strong>層晶球式包覆技術~有效保護乳酸菌活性及數量</strong></p>
<p>  由於乳酸菌不耐酸，通常在經過胃時，會被胃酸所侵蝕，存活量通常不多，故使用特殊3層晶球 式包覆技術，由第一層助益菌素層，幫助益菌存活生長，第二層活性保護層，確保益菌活性不受破壞，第三層耐酸包覆膜讓乳酸菌順利通過胃酸，有效保護乳酸菌活性及數量。","<span class=""style1"">原料: </span>D-山梨醇(甜味劑)、氧化鎂、乳酸菌粉(乳糖、Lactobacillus plantarum LP28、Lactobacillus rhamnosus、Bifidobacterium bifidum、Bifidobacterium longum、Lactobacillus acidophilus、Lactococcus lactis subsp. lactis、Lactobacillus casei、Bifidobacterium animalis subsp. lactis)、草莓果汁粉(砂糖、麥芽糊精、草莓濃縮汁、氧化澱粉(樹薯)、檸檬酸、檸檬酸鈉、香料、蘋果酸、紅甜菜汁、婀娜多色素)、Fibersol®-2(玉米來源可溶性纖維)、脫脂奶粉、麥芽糖醇(甜味劑)、赤藻糖醇(甜味劑)、D-木糖醇(甜味劑)、果寡糖、香料、DL-蘋果酸、檸檬酸、木寡糖、維生素C、草莓萃取物(麥芽糊精、草莓萃取物)、複合型酵素(麥芽糊精、發酵小麥麩皮萃取物(α-澱粉分解酵素、中性蛋白質分解酵素、乳糖分解酵素、脂肪分解酵素、纖維分解酵素))。</p>

<p><span class=""style1"">食品添加物:</span>D-山梨醇(甜味劑)、氧化鎂、氧化澱粉(樹薯)、檸檬酸、檸檬酸鈉、香料、蘋果酸麥芽糖醇(甜味劑)、赤藻糖醇(甜味劑)、D-木糖醇(甜味劑)、DL-蘋果酸、維生素C</p>
<br>

<br>
<br>

<span class=""style1"">成分與規格:</span>5g*20包/盒 (草莓口味)<br>

<p><span class=""style1"">產地:</span>台灣</p>
<p><span class=""style1"">保存期限</span>: 24個月<br>
<br>
<span class=""style1"">食用方式:</span><br> 
 (1)每次一包，倒入口中，食用後請多喝開水。<br>
 (2)每日一次，中餐或晚餐飯後30分鐘食用。 

<br><br><span class=""style1"">注意事項: </span>保存於常溫下之陰涼處(<30℃)，避免陽光直接照射。<br>
<p><span class=""style1"">過敏原資訊: </span>本產品含牛奶及大豆製品(來自乳酸菌粉)。","
 宅配、 超商取貨","https://www.organicshops.cc/product.aspx?id=9415","2026-07-10T07:54:59.555Z"
"9413","26354","淨．益生菌","銀髮專區","保健食品","商品簡述：
 5大國際專利菌株，有效調整體質。
3大黃金健康元素：西印度櫻桃、接骨木莓、β-聚葡萄糖，補充自然界的優質營養元素。
不添加色素、甜味劑、防腐劑、人工香料，讓全家人安心保健。","1050","1050","/products/11522/main.jpg","/products/11522/gallery-01.jpg|/products/11522/gallery-02.jpg","<br>
<br>
<br>
<br>
市售琳瑯滿目的益生菌產品成分五花八門，食用益生菌幫助消化、調整體質的同時，是否也吃下不少食品添加物？<br>
<br>
為您與全家人的健康把關，統一生機推出成分單純無添加—「淨．益生菌」，乾淨無添加Clean and Best的優質益生菌，以5大國際專利菌株，有效幫助調整體質、改變細菌叢生態，身體無負擔、健康更加分！<br>
<br>
★	5大國際專利菌株：來自世界知名益生菌大廠Probiotical的專利益生菌，動物雙歧桿菌BS01、副乾酪乳桿菌LPC00、植物乳桿菌LP01、短雙歧桿菌BR03、鼠李糖乳桿菌LR05，指定菌株代號，有效調整體質。<br>
<br>
★	4大堅持不添加：不添加色素、甜味劑、防腐劑、人工香料，守護您與全家人的健康。<br>
<br>
★	3大自然界黃金健康元素<br>
*西印度櫻桃：含維生素C，具抗氧化作用，有助於維持牙齦與皮膚的正常功能。<br>
*接骨木莓：歐洲家喻戶曉的草本保健良品。<br>
*β-聚葡萄糖：美國專利，自然界提升保護力、維持健康的優質來源。<br>
<br>
★	2大優質益生質<br>
*果寡糖：為益生菌的食物，可幫助改變細菌叢生態。<br>
*玉米來源可溶性纖維：日本專利，含膳食纖維，可促進腸道蠕動使排便順暢。","<span class=""style1"">原料: </span>乳酸菌粉(麥芽糊精、乳糖、Bifidobacterium animalis subsp. lactis BS01、Lactobacillus paracasei LPC00、Lactobacillus plantarum LP01、Bifidobacterium breve BR03、Lactobacillus rhamnosus LR05)、果寡糖、玉米來源可溶性纖維、西印度櫻桃萃取物、β-聚葡萄糖、接骨木莓萃取物。</p>


<br>

<br>
<br>

<span class=""style1"">成分與規格:</span>2g*30包/盒<br>

<p><span class=""style1"">產地:</span>台灣</p>
<p><span class=""style1"">保存期限</span>: 24個月(係指未開封狀態且正常條件下之保存)<br>

 

<br><span class=""style1"">注意事項: </span>保存於常溫陰涼處，避免陽光直射。<br>
<p><span class=""style1"">過敏原資訊: </span>本產品含牛奶製品。","
 宅配、 超商取貨","https://www.organicshops.cc/product.aspx?id=9413","2026-07-10T07:55:02.812Z"
